[2025-12-07T12:38:24.366+0000] {processor.py:161} INFO - Started process (PID=168) to work on /opt/airflow/dags/pipeline_completo.py
[2025-12-07T12:38:24.368+0000] {processor.py:830} INFO - Processing file /opt/airflow/dags/pipeline_completo.py for tasks to queue
[2025-12-07T12:38:24.372+0000] {logging_mixin.py:188} INFO - [2025-12-07T12:38:24.371+0000] {dagbag.py:545} INFO - Filling up the DagBag from /opt/airflow/dags/pipeline_completo.py
[2025-12-07T12:38:24.450+0000] {processor.py:840} INFO - DAG(s) 'flujo_etl_completo' retrieved from /opt/airflow/dags/pipeline_completo.py
[2025-12-07T12:38:25.077+0000] {logging_mixin.py:188} INFO - [2025-12-07T12:38:25.069+0000] {override.py:1829} INFO - Created Permission View: can read on DAG:flujo_etl_completo
[2025-12-07T12:38:25.110+0000] {logging_mixin.py:188} INFO - [2025-12-07T12:38:25.109+0000] {override.py:1829} INFO - Created Permission View: can delete on DAG:flujo_etl_completo
[2025-12-07T12:38:25.125+0000] {logging_mixin.py:188} INFO - [2025-12-07T12:38:25.124+0000] {override.py:1829} INFO - Created Permission View: can edit on DAG:flujo_etl_completo
[2025-12-07T12:38:25.126+0000] {logging_mixin.py:188} INFO - [2025-12-07T12:38:25.125+0000] {dag.py:3096} INFO - Sync 1 DAGs
[2025-12-07T12:38:25.185+0000] {logging_mixin.py:188} INFO - [2025-12-07T12:38:25.185+0000] {dag.py:3118} INFO - Creating ORM DAG for flujo_etl_completo
[2025-12-07T12:38:25.254+0000] {logging_mixin.py:188} INFO - [2025-12-07T12:38:25.253+0000] {dag.py:3954} INFO - Setting next_dagrun for flujo_etl_completo to 2025-12-07 11:00:00+00:00, run_after=2025-12-07 12:00:00+00:00
[2025-12-07T12:38:25.317+0000] {processor.py:183} INFO - Processing /opt/airflow/dags/pipeline_completo.py took 0.957 seconds
[2025-12-07T12:38:55.670+0000] {processor.py:161} INFO - Started process (PID=173) to work on /opt/airflow/dags/pipeline_completo.py
[2025-12-07T12:38:55.673+0000] {processor.py:830} INFO - Processing file /opt/airflow/dags/pipeline_completo.py for tasks to queue
[2025-12-07T12:38:55.678+0000] {logging_mixin.py:188} INFO - [2025-12-07T12:38:55.678+0000] {dagbag.py:545} INFO - Filling up the DagBag from /opt/airflow/dags/pipeline_completo.py
[2025-12-07T12:38:55.741+0000] {processor.py:840} INFO - DAG(s) 'flujo_etl_completo' retrieved from /opt/airflow/dags/pipeline_completo.py
[2025-12-07T12:38:55.844+0000] {logging_mixin.py:188} INFO - [2025-12-07T12:38:55.843+0000] {dag.py:3096} INFO - Sync 1 DAGs
[2025-12-07T12:38:55.923+0000] {logging_mixin.py:188} INFO - [2025-12-07T12:38:55.923+0000] {dag.py:3954} INFO - Setting next_dagrun for flujo_etl_completo to 2025-12-07 11:00:00+00:00, run_after=2025-12-07 12:00:00+00:00
[2025-12-07T12:38:55.971+0000] {processor.py:183} INFO - Processing /opt/airflow/dags/pipeline_completo.py took 0.316 seconds
[2025-12-07T12:39:26.278+0000] {processor.py:161} INFO - Started process (PID=178) to work on /opt/airflow/dags/pipeline_completo.py
[2025-12-07T12:39:26.279+0000] {processor.py:830} INFO - Processing file /opt/airflow/dags/pipeline_completo.py for tasks to queue
[2025-12-07T12:39:26.282+0000] {logging_mixin.py:188} INFO - [2025-12-07T12:39:26.281+0000] {dagbag.py:545} INFO - Filling up the DagBag from /opt/airflow/dags/pipeline_completo.py
[2025-12-07T12:39:26.310+0000] {processor.py:840} INFO - DAG(s) 'flujo_etl_completo' retrieved from /opt/airflow/dags/pipeline_completo.py
[2025-12-07T12:39:26.338+0000] {logging_mixin.py:188} INFO - [2025-12-07T12:39:26.338+0000] {dag.py:3096} INFO - Sync 1 DAGs
[2025-12-07T12:39:26.364+0000] {logging_mixin.py:188} INFO - [2025-12-07T12:39:26.364+0000] {dag.py:3954} INFO - Setting next_dagrun for flujo_etl_completo to 2025-12-07 11:00:00+00:00, run_after=2025-12-07 12:00:00+00:00
[2025-12-07T12:39:26.382+0000] {processor.py:183} INFO - Processing /opt/airflow/dags/pipeline_completo.py took 0.108 seconds
[2025-12-07T12:39:56.542+0000] {processor.py:161} INFO - Started process (PID=183) to work on /opt/airflow/dags/pipeline_completo.py
[2025-12-07T12:39:56.544+0000] {processor.py:830} INFO - Processing file /opt/airflow/dags/pipeline_completo.py for tasks to queue
[2025-12-07T12:39:56.547+0000] {logging_mixin.py:188} INFO - [2025-12-07T12:39:56.546+0000] {dagbag.py:545} INFO - Filling up the DagBag from /opt/airflow/dags/pipeline_completo.py
[2025-12-07T12:39:56.579+0000] {processor.py:840} INFO - DAG(s) 'flujo_etl_completo' retrieved from /opt/airflow/dags/pipeline_completo.py
[2025-12-07T12:39:56.607+0000] {logging_mixin.py:188} INFO - [2025-12-07T12:39:56.606+0000] {dag.py:3096} INFO - Sync 1 DAGs
[2025-12-07T12:39:56.629+0000] {logging_mixin.py:188} INFO - [2025-12-07T12:39:56.629+0000] {dag.py:3954} INFO - Setting next_dagrun for flujo_etl_completo to 2025-12-07 11:00:00+00:00, run_after=2025-12-07 12:00:00+00:00
[2025-12-07T12:39:56.650+0000] {processor.py:183} INFO - Processing /opt/airflow/dags/pipeline_completo.py took 0.114 seconds
[2025-12-07T12:40:26.851+0000] {processor.py:161} INFO - Started process (PID=188) to work on /opt/airflow/dags/pipeline_completo.py
[2025-12-07T12:40:26.852+0000] {processor.py:830} INFO - Processing file /opt/airflow/dags/pipeline_completo.py for tasks to queue
[2025-12-07T12:40:26.854+0000] {logging_mixin.py:188} INFO - [2025-12-07T12:40:26.854+0000] {dagbag.py:545} INFO - Filling up the DagBag from /opt/airflow/dags/pipeline_completo.py
[2025-12-07T12:40:26.888+0000] {processor.py:840} INFO - DAG(s) 'flujo_etl_completo' retrieved from /opt/airflow/dags/pipeline_completo.py
[2025-12-07T12:40:26.917+0000] {logging_mixin.py:188} INFO - [2025-12-07T12:40:26.917+0000] {dag.py:3096} INFO - Sync 1 DAGs
[2025-12-07T12:40:26.939+0000] {logging_mixin.py:188} INFO - [2025-12-07T12:40:26.939+0000] {dag.py:3954} INFO - Setting next_dagrun for flujo_etl_completo to 2025-12-07 11:00:00+00:00, run_after=2025-12-07 12:00:00+00:00
[2025-12-07T12:40:26.962+0000] {processor.py:183} INFO - Processing /opt/airflow/dags/pipeline_completo.py took 0.117 seconds
[2025-12-07T12:40:57.128+0000] {processor.py:161} INFO - Started process (PID=193) to work on /opt/airflow/dags/pipeline_completo.py
[2025-12-07T12:40:57.129+0000] {processor.py:830} INFO - Processing file /opt/airflow/dags/pipeline_completo.py for tasks to queue
[2025-12-07T12:40:57.131+0000] {logging_mixin.py:188} INFO - [2025-12-07T12:40:57.131+0000] {dagbag.py:545} INFO - Filling up the DagBag from /opt/airflow/dags/pipeline_completo.py
[2025-12-07T12:40:57.177+0000] {processor.py:840} INFO - DAG(s) 'flujo_etl_completo' retrieved from /opt/airflow/dags/pipeline_completo.py
[2025-12-07T12:40:57.207+0000] {logging_mixin.py:188} INFO - [2025-12-07T12:40:57.206+0000] {dag.py:3096} INFO - Sync 1 DAGs
[2025-12-07T12:40:57.227+0000] {logging_mixin.py:188} INFO - [2025-12-07T12:40:57.226+0000] {dag.py:3954} INFO - Setting next_dagrun for flujo_etl_completo to 2025-12-07 11:00:00+00:00, run_after=2025-12-07 12:00:00+00:00
[2025-12-07T12:40:57.246+0000] {processor.py:183} INFO - Processing /opt/airflow/dags/pipeline_completo.py took 0.125 seconds
[2025-12-07T12:41:27.422+0000] {processor.py:161} INFO - Started process (PID=198) to work on /opt/airflow/dags/pipeline_completo.py
[2025-12-07T12:41:27.423+0000] {processor.py:830} INFO - Processing file /opt/airflow/dags/pipeline_completo.py for tasks to queue
[2025-12-07T12:41:27.425+0000] {logging_mixin.py:188} INFO - [2025-12-07T12:41:27.425+0000] {dagbag.py:545} INFO - Filling up the DagBag from /opt/airflow/dags/pipeline_completo.py
[2025-12-07T12:41:27.454+0000] {processor.py:840} INFO - DAG(s) 'flujo_etl_completo' retrieved from /opt/airflow/dags/pipeline_completo.py
[2025-12-07T12:41:27.476+0000] {logging_mixin.py:188} INFO - [2025-12-07T12:41:27.476+0000] {dag.py:3096} INFO - Sync 1 DAGs
[2025-12-07T12:41:27.494+0000] {logging_mixin.py:188} INFO - [2025-12-07T12:41:27.494+0000] {dag.py:3954} INFO - Setting next_dagrun for flujo_etl_completo to 2025-12-07 11:00:00+00:00, run_after=2025-12-07 12:00:00+00:00
[2025-12-07T12:41:27.512+0000] {processor.py:183} INFO - Processing /opt/airflow/dags/pipeline_completo.py took 0.095 seconds
[2025-12-07T12:41:57.729+0000] {processor.py:161} INFO - Started process (PID=203) to work on /opt/airflow/dags/pipeline_completo.py
[2025-12-07T12:41:57.730+0000] {processor.py:830} INFO - Processing file /opt/airflow/dags/pipeline_completo.py for tasks to queue
[2025-12-07T12:41:57.733+0000] {logging_mixin.py:188} INFO - [2025-12-07T12:41:57.732+0000] {dagbag.py:545} INFO - Filling up the DagBag from /opt/airflow/dags/pipeline_completo.py
[2025-12-07T12:41:57.758+0000] {processor.py:840} INFO - DAG(s) 'flujo_etl_completo' retrieved from /opt/airflow/dags/pipeline_completo.py
[2025-12-07T12:41:57.784+0000] {logging_mixin.py:188} INFO - [2025-12-07T12:41:57.784+0000] {dag.py:3096} INFO - Sync 1 DAGs
[2025-12-07T12:41:57.809+0000] {logging_mixin.py:188} INFO - [2025-12-07T12:41:57.809+0000] {dag.py:3954} INFO - Setting next_dagrun for flujo_etl_completo to 2025-12-07 11:00:00+00:00, run_after=2025-12-07 12:00:00+00:00
[2025-12-07T12:41:57.828+0000] {processor.py:183} INFO - Processing /opt/airflow/dags/pipeline_completo.py took 0.104 seconds
[2025-12-07T12:42:27.961+0000] {processor.py:161} INFO - Started process (PID=212) to work on /opt/airflow/dags/pipeline_completo.py
[2025-12-07T12:42:27.963+0000] {processor.py:830} INFO - Processing file /opt/airflow/dags/pipeline_completo.py for tasks to queue
[2025-12-07T12:42:27.965+0000] {logging_mixin.py:188} INFO - [2025-12-07T12:42:27.965+0000] {dagbag.py:545} INFO - Filling up the DagBag from /opt/airflow/dags/pipeline_completo.py
[2025-12-07T12:42:27.996+0000] {processor.py:840} INFO - DAG(s) 'flujo_etl_completo' retrieved from /opt/airflow/dags/pipeline_completo.py
[2025-12-07T12:42:28.022+0000] {logging_mixin.py:188} INFO - [2025-12-07T12:42:28.022+0000] {dag.py:3096} INFO - Sync 1 DAGs
[2025-12-07T12:42:28.045+0000] {logging_mixin.py:188} INFO - [2025-12-07T12:42:28.045+0000] {dag.py:3954} INFO - Setting next_dagrun for flujo_etl_completo to 2025-12-07 12:00:00+00:00, run_after=2025-12-07 13:00:00+00:00
[2025-12-07T12:42:28.069+0000] {processor.py:183} INFO - Processing /opt/airflow/dags/pipeline_completo.py took 0.113 seconds
[2025-12-07T12:42:58.334+0000] {processor.py:161} INFO - Started process (PID=217) to work on /opt/airflow/dags/pipeline_completo.py
[2025-12-07T12:42:58.336+0000] {processor.py:830} INFO - Processing file /opt/airflow/dags/pipeline_completo.py for tasks to queue
[2025-12-07T12:42:58.338+0000] {logging_mixin.py:188} INFO - [2025-12-07T12:42:58.338+0000] {dagbag.py:545} INFO - Filling up the DagBag from /opt/airflow/dags/pipeline_completo.py
[2025-12-07T12:42:58.367+0000] {processor.py:840} INFO - DAG(s) 'flujo_etl_completo' retrieved from /opt/airflow/dags/pipeline_completo.py
[2025-12-07T12:42:58.389+0000] {logging_mixin.py:188} INFO - [2025-12-07T12:42:58.389+0000] {dag.py:3096} INFO - Sync 1 DAGs
[2025-12-07T12:42:58.408+0000] {logging_mixin.py:188} INFO - [2025-12-07T12:42:58.408+0000] {dag.py:3954} INFO - Setting next_dagrun for flujo_etl_completo to 2025-12-07 12:00:00+00:00, run_after=2025-12-07 13:00:00+00:00
[2025-12-07T12:42:58.425+0000] {processor.py:183} INFO - Processing /opt/airflow/dags/pipeline_completo.py took 0.095 seconds
[2025-12-07T12:43:28.602+0000] {processor.py:161} INFO - Started process (PID=222) to work on /opt/airflow/dags/pipeline_completo.py
[2025-12-07T12:43:28.604+0000] {processor.py:830} INFO - Processing file /opt/airflow/dags/pipeline_completo.py for tasks to queue
[2025-12-07T12:43:28.608+0000] {logging_mixin.py:188} INFO - [2025-12-07T12:43:28.608+0000] {dagbag.py:545} INFO - Filling up the DagBag from /opt/airflow/dags/pipeline_completo.py
[2025-12-07T12:43:28.640+0000] {processor.py:840} INFO - DAG(s) 'flujo_etl_completo' retrieved from /opt/airflow/dags/pipeline_completo.py
[2025-12-07T12:43:28.668+0000] {logging_mixin.py:188} INFO - [2025-12-07T12:43:28.668+0000] {dag.py:3096} INFO - Sync 1 DAGs
[2025-12-07T12:43:28.692+0000] {logging_mixin.py:188} INFO - [2025-12-07T12:43:28.692+0000] {dag.py:3954} INFO - Setting next_dagrun for flujo_etl_completo to 2025-12-07 12:00:00+00:00, run_after=2025-12-07 13:00:00+00:00
[2025-12-07T12:43:28.714+0000] {processor.py:183} INFO - Processing /opt/airflow/dags/pipeline_completo.py took 0.120 seconds
[2025-12-07T12:43:58.937+0000] {processor.py:161} INFO - Started process (PID=231) to work on /opt/airflow/dags/pipeline_completo.py
[2025-12-07T12:43:58.938+0000] {processor.py:830} INFO - Processing file /opt/airflow/dags/pipeline_completo.py for tasks to queue
[2025-12-07T12:43:58.940+0000] {logging_mixin.py:188} INFO - [2025-12-07T12:43:58.940+0000] {dagbag.py:545} INFO - Filling up the DagBag from /opt/airflow/dags/pipeline_completo.py
[2025-12-07T12:43:58.972+0000] {processor.py:840} INFO - DAG(s) 'flujo_etl_completo' retrieved from /opt/airflow/dags/pipeline_completo.py
[2025-12-07T12:43:58.998+0000] {logging_mixin.py:188} INFO - [2025-12-07T12:43:58.998+0000] {dag.py:3096} INFO - Sync 1 DAGs
[2025-12-07T12:43:59.021+0000] {logging_mixin.py:188} INFO - [2025-12-07T12:43:59.021+0000] {dag.py:3954} INFO - Setting next_dagrun for flujo_etl_completo to 2025-12-07 12:00:00+00:00, run_after=2025-12-07 13:00:00+00:00
[2025-12-07T12:43:59.044+0000] {processor.py:183} INFO - Processing /opt/airflow/dags/pipeline_completo.py took 0.112 seconds
[2025-12-07T12:44:29.212+0000] {processor.py:161} INFO - Started process (PID=236) to work on /opt/airflow/dags/pipeline_completo.py
[2025-12-07T12:44:29.214+0000] {processor.py:830} INFO - Processing file /opt/airflow/dags/pipeline_completo.py for tasks to queue
[2025-12-07T12:44:29.216+0000] {logging_mixin.py:188} INFO - [2025-12-07T12:44:29.215+0000] {dagbag.py:545} INFO - Filling up the DagBag from /opt/airflow/dags/pipeline_completo.py
[2025-12-07T12:44:29.244+0000] {processor.py:840} INFO - DAG(s) 'flujo_etl_completo' retrieved from /opt/airflow/dags/pipeline_completo.py
[2025-12-07T12:44:29.349+0000] {logging_mixin.py:188} INFO - [2025-12-07T12:44:29.348+0000] {dag.py:3096} INFO - Sync 1 DAGs
[2025-12-07T12:44:29.368+0000] {logging_mixin.py:188} INFO - [2025-12-07T12:44:29.368+0000] {dag.py:3954} INFO - Setting next_dagrun for flujo_etl_completo to 2025-12-07 12:00:00+00:00, run_after=2025-12-07 13:00:00+00:00
[2025-12-07T12:44:29.387+0000] {processor.py:183} INFO - Processing /opt/airflow/dags/pipeline_completo.py took 0.180 seconds
[2025-12-07T12:44:59.563+0000] {processor.py:161} INFO - Started process (PID=241) to work on /opt/airflow/dags/pipeline_completo.py
[2025-12-07T12:44:59.564+0000] {processor.py:830} INFO - Processing file /opt/airflow/dags/pipeline_completo.py for tasks to queue
[2025-12-07T12:44:59.566+0000] {logging_mixin.py:188} INFO - [2025-12-07T12:44:59.566+0000] {dagbag.py:545} INFO - Filling up the DagBag from /opt/airflow/dags/pipeline_completo.py
[2025-12-07T12:44:59.596+0000] {processor.py:840} INFO - DAG(s) 'flujo_etl_completo' retrieved from /opt/airflow/dags/pipeline_completo.py
[2025-12-07T12:44:59.618+0000] {logging_mixin.py:188} INFO - [2025-12-07T12:44:59.617+0000] {dag.py:3096} INFO - Sync 1 DAGs
[2025-12-07T12:44:59.638+0000] {logging_mixin.py:188} INFO - [2025-12-07T12:44:59.638+0000] {dag.py:3954} INFO - Setting next_dagrun for flujo_etl_completo to 2025-12-07 12:00:00+00:00, run_after=2025-12-07 13:00:00+00:00
[2025-12-07T12:44:59.656+0000] {processor.py:183} INFO - Processing /opt/airflow/dags/pipeline_completo.py took 0.097 seconds
[2025-12-07T12:45:29.954+0000] {processor.py:161} INFO - Started process (PID=246) to work on /opt/airflow/dags/pipeline_completo.py
[2025-12-07T12:45:29.955+0000] {processor.py:830} INFO - Processing file /opt/airflow/dags/pipeline_completo.py for tasks to queue
[2025-12-07T12:45:29.957+0000] {logging_mixin.py:188} INFO - [2025-12-07T12:45:29.957+0000] {dagbag.py:545} INFO - Filling up the DagBag from /opt/airflow/dags/pipeline_completo.py
[2025-12-07T12:45:29.995+0000] {processor.py:840} INFO - DAG(s) 'flujo_etl_completo' retrieved from /opt/airflow/dags/pipeline_completo.py
[2025-12-07T12:45:30.017+0000] {logging_mixin.py:188} INFO - [2025-12-07T12:45:30.017+0000] {dag.py:3096} INFO - Sync 1 DAGs
[2025-12-07T12:45:30.036+0000] {logging_mixin.py:188} INFO - [2025-12-07T12:45:30.036+0000] {dag.py:3954} INFO - Setting next_dagrun for flujo_etl_completo to 2025-12-07 12:00:00+00:00, run_after=2025-12-07 13:00:00+00:00
[2025-12-07T12:45:30.060+0000] {processor.py:183} INFO - Processing /opt/airflow/dags/pipeline_completo.py took 0.110 seconds
[2025-12-07T12:46:00.235+0000] {processor.py:161} INFO - Started process (PID=251) to work on /opt/airflow/dags/pipeline_completo.py
[2025-12-07T12:46:00.236+0000] {processor.py:830} INFO - Processing file /opt/airflow/dags/pipeline_completo.py for tasks to queue
[2025-12-07T12:46:00.238+0000] {logging_mixin.py:188} INFO - [2025-12-07T12:46:00.238+0000] {dagbag.py:545} INFO - Filling up the DagBag from /opt/airflow/dags/pipeline_completo.py
[2025-12-07T12:46:00.268+0000] {processor.py:840} INFO - DAG(s) 'flujo_etl_completo' retrieved from /opt/airflow/dags/pipeline_completo.py
[2025-12-07T12:46:00.289+0000] {logging_mixin.py:188} INFO - [2025-12-07T12:46:00.289+0000] {dag.py:3096} INFO - Sync 1 DAGs
[2025-12-07T12:46:00.307+0000] {logging_mixin.py:188} INFO - [2025-12-07T12:46:00.307+0000] {dag.py:3954} INFO - Setting next_dagrun for flujo_etl_completo to 2025-12-07 12:00:00+00:00, run_after=2025-12-07 13:00:00+00:00
[2025-12-07T12:46:00.324+0000] {processor.py:183} INFO - Processing /opt/airflow/dags/pipeline_completo.py took 0.095 seconds
[2025-12-07T12:46:30.715+0000] {processor.py:161} INFO - Started process (PID=256) to work on /opt/airflow/dags/pipeline_completo.py
[2025-12-07T12:46:30.716+0000] {processor.py:830} INFO - Processing file /opt/airflow/dags/pipeline_completo.py for tasks to queue
[2025-12-07T12:46:30.718+0000] {logging_mixin.py:188} INFO - [2025-12-07T12:46:30.718+0000] {dagbag.py:545} INFO - Filling up the DagBag from /opt/airflow/dags/pipeline_completo.py
[2025-12-07T12:46:30.746+0000] {processor.py:840} INFO - DAG(s) 'flujo_etl_completo' retrieved from /opt/airflow/dags/pipeline_completo.py
[2025-12-07T12:46:30.769+0000] {logging_mixin.py:188} INFO - [2025-12-07T12:46:30.769+0000] {dag.py:3096} INFO - Sync 1 DAGs
[2025-12-07T12:46:30.788+0000] {logging_mixin.py:188} INFO - [2025-12-07T12:46:30.788+0000] {dag.py:3954} INFO - Setting next_dagrun for flujo_etl_completo to 2025-12-07 12:00:00+00:00, run_after=2025-12-07 13:00:00+00:00
[2025-12-07T12:46:30.807+0000] {processor.py:183} INFO - Processing /opt/airflow/dags/pipeline_completo.py took 0.096 seconds
[2025-12-07T12:47:00.995+0000] {processor.py:161} INFO - Started process (PID=261) to work on /opt/airflow/dags/pipeline_completo.py
[2025-12-07T12:47:00.997+0000] {processor.py:830} INFO - Processing file /opt/airflow/dags/pipeline_completo.py for tasks to queue
[2025-12-07T12:47:00.999+0000] {logging_mixin.py:188} INFO - [2025-12-07T12:47:00.999+0000] {dagbag.py:545} INFO - Filling up the DagBag from /opt/airflow/dags/pipeline_completo.py
[2025-12-07T12:47:01.030+0000] {processor.py:840} INFO - DAG(s) 'flujo_etl_completo' retrieved from /opt/airflow/dags/pipeline_completo.py
[2025-12-07T12:47:01.053+0000] {logging_mixin.py:188} INFO - [2025-12-07T12:47:01.052+0000] {dag.py:3096} INFO - Sync 1 DAGs
[2025-12-07T12:47:01.072+0000] {logging_mixin.py:188} INFO - [2025-12-07T12:47:01.072+0000] {dag.py:3954} INFO - Setting next_dagrun for flujo_etl_completo to 2025-12-07 12:00:00+00:00, run_after=2025-12-07 13:00:00+00:00
[2025-12-07T12:47:01.094+0000] {processor.py:183} INFO - Processing /opt/airflow/dags/pipeline_completo.py took 0.106 seconds
[2025-12-07T12:47:31.580+0000] {processor.py:161} INFO - Started process (PID=266) to work on /opt/airflow/dags/pipeline_completo.py
[2025-12-07T12:47:31.589+0000] {processor.py:830} INFO - Processing file /opt/airflow/dags/pipeline_completo.py for tasks to queue
[2025-12-07T12:47:31.598+0000] {logging_mixin.py:188} INFO - [2025-12-07T12:47:31.597+0000] {dagbag.py:545} INFO - Filling up the DagBag from /opt/airflow/dags/pipeline_completo.py
[2025-12-07T12:47:31.752+0000] {processor.py:840} INFO - DAG(s) 'flujo_etl_completo' retrieved from /opt/airflow/dags/pipeline_completo.py
[2025-12-07T12:47:31.775+0000] {logging_mixin.py:188} INFO - [2025-12-07T12:47:31.775+0000] {dag.py:3096} INFO - Sync 1 DAGs
[2025-12-07T12:47:31.794+0000] {logging_mixin.py:188} INFO - [2025-12-07T12:47:31.794+0000] {dag.py:3954} INFO - Setting next_dagrun for flujo_etl_completo to 2025-12-07 12:00:00+00:00, run_after=2025-12-07 13:00:00+00:00
[2025-12-07T12:47:31.810+0000] {processor.py:183} INFO - Processing /opt/airflow/dags/pipeline_completo.py took 0.236 seconds
[2025-12-07T12:48:02.060+0000] {processor.py:161} INFO - Started process (PID=271) to work on /opt/airflow/dags/pipeline_completo.py
[2025-12-07T12:48:02.062+0000] {processor.py:830} INFO - Processing file /opt/airflow/dags/pipeline_completo.py for tasks to queue
[2025-12-07T12:48:02.065+0000] {logging_mixin.py:188} INFO - [2025-12-07T12:48:02.064+0000] {dagbag.py:545} INFO - Filling up the DagBag from /opt/airflow/dags/pipeline_completo.py
[2025-12-07T12:48:02.097+0000] {processor.py:840} INFO - DAG(s) 'flujo_etl_completo' retrieved from /opt/airflow/dags/pipeline_completo.py
[2025-12-07T12:48:02.131+0000] {logging_mixin.py:188} INFO - [2025-12-07T12:48:02.130+0000] {dag.py:3096} INFO - Sync 1 DAGs
[2025-12-07T12:48:02.152+0000] {logging_mixin.py:188} INFO - [2025-12-07T12:48:02.152+0000] {dag.py:3954} INFO - Setting next_dagrun for flujo_etl_completo to 2025-12-07 12:00:00+00:00, run_after=2025-12-07 13:00:00+00:00
[2025-12-07T12:48:02.171+0000] {processor.py:183} INFO - Processing /opt/airflow/dags/pipeline_completo.py took 0.117 seconds
[2025-12-07T12:48:32.782+0000] {processor.py:161} INFO - Started process (PID=276) to work on /opt/airflow/dags/pipeline_completo.py
[2025-12-07T12:48:32.783+0000] {processor.py:830} INFO - Processing file /opt/airflow/dags/pipeline_completo.py for tasks to queue
[2025-12-07T12:48:32.785+0000] {logging_mixin.py:188} INFO - [2025-12-07T12:48:32.785+0000] {dagbag.py:545} INFO - Filling up the DagBag from /opt/airflow/dags/pipeline_completo.py
[2025-12-07T12:48:32.814+0000] {processor.py:840} INFO - DAG(s) 'flujo_etl_completo' retrieved from /opt/airflow/dags/pipeline_completo.py
[2025-12-07T12:48:32.835+0000] {logging_mixin.py:188} INFO - [2025-12-07T12:48:32.835+0000] {dag.py:3096} INFO - Sync 1 DAGs
[2025-12-07T12:48:32.854+0000] {logging_mixin.py:188} INFO - [2025-12-07T12:48:32.854+0000] {dag.py:3954} INFO - Setting next_dagrun for flujo_etl_completo to 2025-12-07 12:00:00+00:00, run_after=2025-12-07 13:00:00+00:00
[2025-12-07T12:48:32.872+0000] {processor.py:183} INFO - Processing /opt/airflow/dags/pipeline_completo.py took 0.094 seconds
[2025-12-07T12:49:03.041+0000] {processor.py:161} INFO - Started process (PID=281) to work on /opt/airflow/dags/pipeline_completo.py
[2025-12-07T12:49:03.042+0000] {processor.py:830} INFO - Processing file /opt/airflow/dags/pipeline_completo.py for tasks to queue
[2025-12-07T12:49:03.044+0000] {logging_mixin.py:188} INFO - [2025-12-07T12:49:03.044+0000] {dagbag.py:545} INFO - Filling up the DagBag from /opt/airflow/dags/pipeline_completo.py
[2025-12-07T12:49:03.073+0000] {processor.py:840} INFO - DAG(s) 'flujo_etl_completo' retrieved from /opt/airflow/dags/pipeline_completo.py
[2025-12-07T12:49:03.095+0000] {logging_mixin.py:188} INFO - [2025-12-07T12:49:03.095+0000] {dag.py:3096} INFO - Sync 1 DAGs
[2025-12-07T12:49:03.113+0000] {logging_mixin.py:188} INFO - [2025-12-07T12:49:03.113+0000] {dag.py:3954} INFO - Setting next_dagrun for flujo_etl_completo to 2025-12-07 12:00:00+00:00, run_after=2025-12-07 13:00:00+00:00
[2025-12-07T12:49:03.131+0000] {processor.py:183} INFO - Processing /opt/airflow/dags/pipeline_completo.py took 0.095 seconds
[2025-12-07T12:49:33.382+0000] {processor.py:161} INFO - Started process (PID=286) to work on /opt/airflow/dags/pipeline_completo.py
[2025-12-07T12:49:33.383+0000] {processor.py:830} INFO - Processing file /opt/airflow/dags/pipeline_completo.py for tasks to queue
[2025-12-07T12:49:33.384+0000] {logging_mixin.py:188} INFO - [2025-12-07T12:49:33.384+0000] {dagbag.py:545} INFO - Filling up the DagBag from /opt/airflow/dags/pipeline_completo.py
[2025-12-07T12:49:33.417+0000] {processor.py:840} INFO - DAG(s) 'flujo_etl_completo' retrieved from /opt/airflow/dags/pipeline_completo.py
[2025-12-07T12:49:33.437+0000] {logging_mixin.py:188} INFO - [2025-12-07T12:49:33.437+0000] {dag.py:3096} INFO - Sync 1 DAGs
[2025-12-07T12:49:33.457+0000] {logging_mixin.py:188} INFO - [2025-12-07T12:49:33.456+0000] {dag.py:3954} INFO - Setting next_dagrun for flujo_etl_completo to 2025-12-07 12:00:00+00:00, run_after=2025-12-07 13:00:00+00:00
[2025-12-07T12:49:33.476+0000] {processor.py:183} INFO - Processing /opt/airflow/dags/pipeline_completo.py took 0.099 seconds
[2025-12-07T12:50:03.732+0000] {processor.py:161} INFO - Started process (PID=291) to work on /opt/airflow/dags/pipeline_completo.py
[2025-12-07T12:50:03.733+0000] {processor.py:830} INFO - Processing file /opt/airflow/dags/pipeline_completo.py for tasks to queue
[2025-12-07T12:50:03.735+0000] {logging_mixin.py:188} INFO - [2025-12-07T12:50:03.735+0000] {dagbag.py:545} INFO - Filling up the DagBag from /opt/airflow/dags/pipeline_completo.py
[2025-12-07T12:50:03.765+0000] {processor.py:840} INFO - DAG(s) 'flujo_etl_completo' retrieved from /opt/airflow/dags/pipeline_completo.py
[2025-12-07T12:50:03.785+0000] {logging_mixin.py:188} INFO - [2025-12-07T12:50:03.785+0000] {dag.py:3096} INFO - Sync 1 DAGs
[2025-12-07T12:50:03.805+0000] {logging_mixin.py:188} INFO - [2025-12-07T12:50:03.805+0000] {dag.py:3954} INFO - Setting next_dagrun for flujo_etl_completo to 2025-12-07 12:00:00+00:00, run_after=2025-12-07 13:00:00+00:00
[2025-12-07T12:50:03.826+0000] {processor.py:183} INFO - Processing /opt/airflow/dags/pipeline_completo.py took 0.099 seconds
[2025-12-07T12:50:34.022+0000] {processor.py:161} INFO - Started process (PID=296) to work on /opt/airflow/dags/pipeline_completo.py
[2025-12-07T12:50:34.023+0000] {processor.py:830} INFO - Processing file /opt/airflow/dags/pipeline_completo.py for tasks to queue
[2025-12-07T12:50:34.025+0000] {logging_mixin.py:188} INFO - [2025-12-07T12:50:34.025+0000] {dagbag.py:545} INFO - Filling up the DagBag from /opt/airflow/dags/pipeline_completo.py
[2025-12-07T12:50:34.051+0000] {processor.py:840} INFO - DAG(s) 'flujo_etl_completo' retrieved from /opt/airflow/dags/pipeline_completo.py
[2025-12-07T12:50:34.073+0000] {logging_mixin.py:188} INFO - [2025-12-07T12:50:34.073+0000] {dag.py:3096} INFO - Sync 1 DAGs
[2025-12-07T12:50:34.093+0000] {logging_mixin.py:188} INFO - [2025-12-07T12:50:34.093+0000] {dag.py:3954} INFO - Setting next_dagrun for flujo_etl_completo to 2025-12-07 12:00:00+00:00, run_after=2025-12-07 13:00:00+00:00
[2025-12-07T12:50:34.115+0000] {processor.py:183} INFO - Processing /opt/airflow/dags/pipeline_completo.py took 0.100 seconds
[2025-12-07T12:51:04.459+0000] {processor.py:161} INFO - Started process (PID=301) to work on /opt/airflow/dags/pipeline_completo.py
[2025-12-07T12:51:04.465+0000] {processor.py:830} INFO - Processing file /opt/airflow/dags/pipeline_completo.py for tasks to queue
[2025-12-07T12:51:04.469+0000] {logging_mixin.py:188} INFO - [2025-12-07T12:51:04.469+0000] {dagbag.py:545} INFO - Filling up the DagBag from /opt/airflow/dags/pipeline_completo.py
[2025-12-07T12:51:04.630+0000] {processor.py:840} INFO - DAG(s) 'flujo_etl_completo' retrieved from /opt/airflow/dags/pipeline_completo.py
[2025-12-07T12:51:04.663+0000] {logging_mixin.py:188} INFO - [2025-12-07T12:51:04.662+0000] {dag.py:3096} INFO - Sync 1 DAGs
[2025-12-07T12:51:04.710+0000] {logging_mixin.py:188} INFO - [2025-12-07T12:51:04.710+0000] {dag.py:3954} INFO - Setting next_dagrun for flujo_etl_completo to 2025-12-07 12:00:00+00:00, run_after=2025-12-07 13:00:00+00:00
[2025-12-07T12:51:04.764+0000] {processor.py:183} INFO - Processing /opt/airflow/dags/pipeline_completo.py took 0.310 seconds
[2025-12-07T12:54:43.951+0000] {processor.py:161} INFO - Started process (PID=168) to work on /opt/airflow/dags/pipeline_completo.py
[2025-12-07T12:54:43.953+0000] {processor.py:830} INFO - Processing file /opt/airflow/dags/pipeline_completo.py for tasks to queue
[2025-12-07T12:54:43.964+0000] {logging_mixin.py:188} INFO - [2025-12-07T12:54:43.958+0000] {dagbag.py:545} INFO - Filling up the DagBag from /opt/airflow/dags/pipeline_completo.py
[2025-12-07T12:54:44.006+0000] {processor.py:840} INFO - DAG(s) 'flujo_etl_completo' retrieved from /opt/airflow/dags/pipeline_completo.py
[2025-12-07T12:54:44.263+0000] {logging_mixin.py:188} INFO - [2025-12-07T12:54:44.262+0000] {override.py:1829} INFO - Created Permission View: can delete on DAG:flujo_etl_completo
[2025-12-07T12:54:44.276+0000] {logging_mixin.py:188} INFO - [2025-12-07T12:54:44.276+0000] {override.py:1829} INFO - Created Permission View: can read on DAG:flujo_etl_completo
[2025-12-07T12:54:44.283+0000] {logging_mixin.py:188} INFO - [2025-12-07T12:54:44.283+0000] {override.py:1829} INFO - Created Permission View: can edit on DAG:flujo_etl_completo
[2025-12-07T12:54:44.284+0000] {logging_mixin.py:188} INFO - [2025-12-07T12:54:44.284+0000] {dag.py:3096} INFO - Sync 1 DAGs
[2025-12-07T12:54:44.297+0000] {logging_mixin.py:188} INFO - [2025-12-07T12:54:44.297+0000] {dag.py:3118} INFO - Creating ORM DAG for flujo_etl_completo
[2025-12-07T12:54:44.313+0000] {logging_mixin.py:188} INFO - [2025-12-07T12:54:44.313+0000] {dag.py:3954} INFO - Setting next_dagrun for flujo_etl_completo to 2025-12-07 11:00:00+00:00, run_after=2025-12-07 12:00:00+00:00
[2025-12-07T12:54:44.340+0000] {processor.py:183} INFO - Processing /opt/airflow/dags/pipeline_completo.py took 0.398 seconds
[2025-12-07T12:55:14.636+0000] {processor.py:161} INFO - Started process (PID=173) to work on /opt/airflow/dags/pipeline_completo.py
[2025-12-07T12:55:14.638+0000] {processor.py:830} INFO - Processing file /opt/airflow/dags/pipeline_completo.py for tasks to queue
[2025-12-07T12:55:14.644+0000] {logging_mixin.py:188} INFO - [2025-12-07T12:55:14.642+0000] {dagbag.py:545} INFO - Filling up the DagBag from /opt/airflow/dags/pipeline_completo.py
[2025-12-07T12:55:14.693+0000] {processor.py:840} INFO - DAG(s) 'flujo_etl_completo' retrieved from /opt/airflow/dags/pipeline_completo.py
[2025-12-07T12:55:14.742+0000] {logging_mixin.py:188} INFO - [2025-12-07T12:55:14.742+0000] {dag.py:3096} INFO - Sync 1 DAGs
[2025-12-07T12:55:14.786+0000] {logging_mixin.py:188} INFO - [2025-12-07T12:55:14.786+0000] {dag.py:3954} INFO - Setting next_dagrun for flujo_etl_completo to 2025-12-07 11:00:00+00:00, run_after=2025-12-07 12:00:00+00:00
[2025-12-07T12:55:14.820+0000] {processor.py:183} INFO - Processing /opt/airflow/dags/pipeline_completo.py took 0.191 seconds
[2025-12-07T12:55:45.089+0000] {processor.py:161} INFO - Started process (PID=182) to work on /opt/airflow/dags/pipeline_completo.py
[2025-12-07T12:55:45.090+0000] {processor.py:830} INFO - Processing file /opt/airflow/dags/pipeline_completo.py for tasks to queue
[2025-12-07T12:55:45.092+0000] {logging_mixin.py:188} INFO - [2025-12-07T12:55:45.092+0000] {dagbag.py:545} INFO - Filling up the DagBag from /opt/airflow/dags/pipeline_completo.py
[2025-12-07T12:55:45.122+0000] {processor.py:840} INFO - DAG(s) 'flujo_etl_completo' retrieved from /opt/airflow/dags/pipeline_completo.py
[2025-12-07T12:55:45.151+0000] {logging_mixin.py:188} INFO - [2025-12-07T12:55:45.151+0000] {dag.py:3096} INFO - Sync 1 DAGs
[2025-12-07T12:55:45.180+0000] {logging_mixin.py:188} INFO - [2025-12-07T12:55:45.180+0000] {dag.py:3954} INFO - Setting next_dagrun for flujo_etl_completo to 2025-12-07 12:00:00+00:00, run_after=2025-12-07 13:00:00+00:00
[2025-12-07T12:55:45.204+0000] {processor.py:183} INFO - Processing /opt/airflow/dags/pipeline_completo.py took 0.120 seconds
[2025-12-07T12:56:15.380+0000] {processor.py:161} INFO - Started process (PID=191) to work on /opt/airflow/dags/pipeline_completo.py
[2025-12-07T12:56:15.383+0000] {processor.py:830} INFO - Processing file /opt/airflow/dags/pipeline_completo.py for tasks to queue
[2025-12-07T12:56:15.386+0000] {logging_mixin.py:188} INFO - [2025-12-07T12:56:15.386+0000] {dagbag.py:545} INFO - Filling up the DagBag from /opt/airflow/dags/pipeline_completo.py
[2025-12-07T12:56:15.439+0000] {processor.py:840} INFO - DAG(s) 'flujo_etl_completo' retrieved from /opt/airflow/dags/pipeline_completo.py
[2025-12-07T12:56:15.495+0000] {logging_mixin.py:188} INFO - [2025-12-07T12:56:15.494+0000] {dag.py:3096} INFO - Sync 1 DAGs
[2025-12-07T12:56:15.531+0000] {logging_mixin.py:188} INFO - [2025-12-07T12:56:15.530+0000] {dag.py:3954} INFO - Setting next_dagrun for flujo_etl_completo to 2025-12-07 12:00:00+00:00, run_after=2025-12-07 13:00:00+00:00
[2025-12-07T12:56:15.558+0000] {processor.py:183} INFO - Processing /opt/airflow/dags/pipeline_completo.py took 0.189 seconds
[2025-12-07T12:56:45.781+0000] {processor.py:161} INFO - Started process (PID=196) to work on /opt/airflow/dags/pipeline_completo.py
[2025-12-07T12:56:45.783+0000] {processor.py:830} INFO - Processing file /opt/airflow/dags/pipeline_completo.py for tasks to queue
[2025-12-07T12:56:45.788+0000] {logging_mixin.py:188} INFO - [2025-12-07T12:56:45.787+0000] {dagbag.py:545} INFO - Filling up the DagBag from /opt/airflow/dags/pipeline_completo.py
[2025-12-07T12:56:45.868+0000] {processor.py:840} INFO - DAG(s) 'flujo_etl_completo' retrieved from /opt/airflow/dags/pipeline_completo.py
[2025-12-07T12:56:45.940+0000] {logging_mixin.py:188} INFO - [2025-12-07T12:56:45.940+0000] {dag.py:3096} INFO - Sync 1 DAGs
[2025-12-07T12:56:45.999+0000] {logging_mixin.py:188} INFO - [2025-12-07T12:56:45.999+0000] {dag.py:3954} INFO - Setting next_dagrun for flujo_etl_completo to 2025-12-07 12:00:00+00:00, run_after=2025-12-07 13:00:00+00:00
[2025-12-07T12:56:46.040+0000] {processor.py:183} INFO - Processing /opt/airflow/dags/pipeline_completo.py took 0.272 seconds
[2025-12-07T12:57:16.324+0000] {processor.py:161} INFO - Started process (PID=201) to work on /opt/airflow/dags/pipeline_completo.py
[2025-12-07T12:57:16.325+0000] {processor.py:830} INFO - Processing file /opt/airflow/dags/pipeline_completo.py for tasks to queue
[2025-12-07T12:57:16.327+0000] {logging_mixin.py:188} INFO - [2025-12-07T12:57:16.326+0000] {dagbag.py:545} INFO - Filling up the DagBag from /opt/airflow/dags/pipeline_completo.py
[2025-12-07T12:57:16.351+0000] {processor.py:840} INFO - DAG(s) 'flujo_etl_completo' retrieved from /opt/airflow/dags/pipeline_completo.py
[2025-12-07T12:57:16.372+0000] {logging_mixin.py:188} INFO - [2025-12-07T12:57:16.372+0000] {dag.py:3096} INFO - Sync 1 DAGs
[2025-12-07T12:57:16.390+0000] {logging_mixin.py:188} INFO - [2025-12-07T12:57:16.390+0000] {dag.py:3954} INFO - Setting next_dagrun for flujo_etl_completo to 2025-12-07 12:00:00+00:00, run_after=2025-12-07 13:00:00+00:00
[2025-12-07T12:57:16.410+0000] {processor.py:183} INFO - Processing /opt/airflow/dags/pipeline_completo.py took 0.091 seconds
[2025-12-07T12:57:46.597+0000] {processor.py:161} INFO - Started process (PID=206) to work on /opt/airflow/dags/pipeline_completo.py
[2025-12-07T12:57:46.599+0000] {processor.py:830} INFO - Processing file /opt/airflow/dags/pipeline_completo.py for tasks to queue
[2025-12-07T12:57:46.601+0000] {logging_mixin.py:188} INFO - [2025-12-07T12:57:46.601+0000] {dagbag.py:545} INFO - Filling up the DagBag from /opt/airflow/dags/pipeline_completo.py
[2025-12-07T12:57:46.627+0000] {processor.py:840} INFO - DAG(s) 'flujo_etl_completo' retrieved from /opt/airflow/dags/pipeline_completo.py
[2025-12-07T12:57:46.648+0000] {logging_mixin.py:188} INFO - [2025-12-07T12:57:46.648+0000] {dag.py:3096} INFO - Sync 1 DAGs
[2025-12-07T12:57:46.668+0000] {logging_mixin.py:188} INFO - [2025-12-07T12:57:46.668+0000] {dag.py:3954} INFO - Setting next_dagrun for flujo_etl_completo to 2025-12-07 12:00:00+00:00, run_after=2025-12-07 13:00:00+00:00
[2025-12-07T12:57:46.685+0000] {processor.py:183} INFO - Processing /opt/airflow/dags/pipeline_completo.py took 0.093 seconds
[2025-12-07T12:58:16.905+0000] {processor.py:161} INFO - Started process (PID=211) to work on /opt/airflow/dags/pipeline_completo.py
[2025-12-07T12:58:16.906+0000] {processor.py:830} INFO - Processing file /opt/airflow/dags/pipeline_completo.py for tasks to queue
[2025-12-07T12:58:16.908+0000] {logging_mixin.py:188} INFO - [2025-12-07T12:58:16.907+0000] {dagbag.py:545} INFO - Filling up the DagBag from /opt/airflow/dags/pipeline_completo.py
[2025-12-07T12:58:16.932+0000] {processor.py:840} INFO - DAG(s) 'flujo_etl_completo' retrieved from /opt/airflow/dags/pipeline_completo.py
[2025-12-07T12:58:16.951+0000] {logging_mixin.py:188} INFO - [2025-12-07T12:58:16.951+0000] {dag.py:3096} INFO - Sync 1 DAGs
[2025-12-07T12:58:16.970+0000] {logging_mixin.py:188} INFO - [2025-12-07T12:58:16.970+0000] {dag.py:3954} INFO - Setting next_dagrun for flujo_etl_completo to 2025-12-07 12:00:00+00:00, run_after=2025-12-07 13:00:00+00:00
[2025-12-07T12:58:16.987+0000] {processor.py:183} INFO - Processing /opt/airflow/dags/pipeline_completo.py took 0.087 seconds
[2025-12-07T12:58:47.169+0000] {processor.py:161} INFO - Started process (PID=216) to work on /opt/airflow/dags/pipeline_completo.py
[2025-12-07T12:58:47.170+0000] {processor.py:830} INFO - Processing file /opt/airflow/dags/pipeline_completo.py for tasks to queue
[2025-12-07T12:58:47.172+0000] {logging_mixin.py:188} INFO - [2025-12-07T12:58:47.172+0000] {dagbag.py:545} INFO - Filling up the DagBag from /opt/airflow/dags/pipeline_completo.py
[2025-12-07T12:58:47.202+0000] {processor.py:840} INFO - DAG(s) 'flujo_etl_completo' retrieved from /opt/airflow/dags/pipeline_completo.py
[2025-12-07T12:58:47.226+0000] {logging_mixin.py:188} INFO - [2025-12-07T12:58:47.226+0000] {dag.py:3096} INFO - Sync 1 DAGs
[2025-12-07T12:58:47.245+0000] {logging_mixin.py:188} INFO - [2025-12-07T12:58:47.245+0000] {dag.py:3954} INFO - Setting next_dagrun for flujo_etl_completo to 2025-12-07 12:00:00+00:00, run_after=2025-12-07 13:00:00+00:00
[2025-12-07T12:58:47.264+0000] {processor.py:183} INFO - Processing /opt/airflow/dags/pipeline_completo.py took 0.100 seconds
[2025-12-07T12:58:53.398+0000] {processor.py:161} INFO - Started process (PID=221) to work on /opt/airflow/dags/pipeline_completo.py
[2025-12-07T12:58:53.400+0000] {processor.py:830} INFO - Processing file /opt/airflow/dags/pipeline_completo.py for tasks to queue
[2025-12-07T12:58:53.401+0000] {logging_mixin.py:188} INFO - [2025-12-07T12:58:53.401+0000] {dagbag.py:545} INFO - Filling up the DagBag from /opt/airflow/dags/pipeline_completo.py
[2025-12-07T12:58:53.455+0000] {processor.py:840} INFO - DAG(s) 'flujo_etl_completo' retrieved from /opt/airflow/dags/pipeline_completo.py
[2025-12-07T12:58:53.653+0000] {logging_mixin.py:188} INFO - [2025-12-07T12:58:53.653+0000] {dag.py:3096} INFO - Sync 1 DAGs
[2025-12-07T12:58:53.674+0000] {logging_mixin.py:188} INFO - [2025-12-07T12:58:53.673+0000] {dag.py:3954} INFO - Setting next_dagrun for flujo_etl_completo to 2025-12-07 12:00:00+00:00, run_after=2025-12-07 13:00:00+00:00
[2025-12-07T12:58:53.700+0000] {processor.py:183} INFO - Processing /opt/airflow/dags/pipeline_completo.py took 0.306 seconds
[2025-12-07T13:00:34.575+0000] {processor.py:161} INFO - Started process (PID=168) to work on /opt/airflow/dags/pipeline_completo.py
[2025-12-07T13:00:34.582+0000] {processor.py:830} INFO - Processing file /opt/airflow/dags/pipeline_completo.py for tasks to queue
[2025-12-07T13:00:34.587+0000] {logging_mixin.py:188} INFO - [2025-12-07T13:00:34.586+0000] {dagbag.py:545} INFO - Filling up the DagBag from /opt/airflow/dags/pipeline_completo.py
[2025-12-07T13:00:34.721+0000] {processor.py:840} INFO - DAG(s) 'flujo_etl_completo' retrieved from /opt/airflow/dags/pipeline_completo.py
[2025-12-07T13:00:35.601+0000] {logging_mixin.py:188} INFO - [2025-12-07T13:00:35.592+0000] {override.py:1829} INFO - Created Permission View: can edit on DAG:flujo_etl_completo
[2025-12-07T13:00:35.637+0000] {logging_mixin.py:188} INFO - [2025-12-07T13:00:35.637+0000] {override.py:1829} INFO - Created Permission View: can read on DAG:flujo_etl_completo
[2025-12-07T13:00:35.659+0000] {logging_mixin.py:188} INFO - [2025-12-07T13:00:35.658+0000] {override.py:1829} INFO - Created Permission View: can delete on DAG:flujo_etl_completo
[2025-12-07T13:00:35.660+0000] {logging_mixin.py:188} INFO - [2025-12-07T13:00:35.660+0000] {dag.py:3096} INFO - Sync 1 DAGs
[2025-12-07T13:00:35.700+0000] {logging_mixin.py:188} INFO - [2025-12-07T13:00:35.699+0000] {dag.py:3118} INFO - Creating ORM DAG for flujo_etl_completo
[2025-12-07T13:00:35.760+0000] {logging_mixin.py:188} INFO - [2025-12-07T13:00:35.760+0000] {dag.py:3954} INFO - Setting next_dagrun for flujo_etl_completo to 2025-12-07 12:00:00+00:00, run_after=2025-12-07 13:00:00+00:00
[2025-12-07T13:00:35.818+0000] {processor.py:183} INFO - Processing /opt/airflow/dags/pipeline_completo.py took 1.261 seconds
[2025-12-07T13:01:05.953+0000] {processor.py:161} INFO - Started process (PID=173) to work on /opt/airflow/dags/pipeline_completo.py
[2025-12-07T13:01:05.956+0000] {processor.py:830} INFO - Processing file /opt/airflow/dags/pipeline_completo.py for tasks to queue
[2025-12-07T13:01:05.960+0000] {logging_mixin.py:188} INFO - [2025-12-07T13:01:05.959+0000] {dagbag.py:545} INFO - Filling up the DagBag from /opt/airflow/dags/pipeline_completo.py
[2025-12-07T13:01:06.002+0000] {processor.py:840} INFO - DAG(s) 'flujo_etl_completo' retrieved from /opt/airflow/dags/pipeline_completo.py
[2025-12-07T13:01:06.036+0000] {logging_mixin.py:188} INFO - [2025-12-07T13:01:06.036+0000] {dag.py:3096} INFO - Sync 1 DAGs
[2025-12-07T13:01:06.073+0000] {logging_mixin.py:188} INFO - [2025-12-07T13:01:06.072+0000] {dag.py:3954} INFO - Setting next_dagrun for flujo_etl_completo to 2025-12-07 12:00:00+00:00, run_after=2025-12-07 13:00:00+00:00
[2025-12-07T13:01:06.101+0000] {processor.py:183} INFO - Processing /opt/airflow/dags/pipeline_completo.py took 0.154 seconds
[2025-12-07T13:01:36.399+0000] {processor.py:161} INFO - Started process (PID=182) to work on /opt/airflow/dags/pipeline_completo.py
[2025-12-07T13:01:36.400+0000] {processor.py:830} INFO - Processing file /opt/airflow/dags/pipeline_completo.py for tasks to queue
[2025-12-07T13:01:36.403+0000] {logging_mixin.py:188} INFO - [2025-12-07T13:01:36.402+0000] {dagbag.py:545} INFO - Filling up the DagBag from /opt/airflow/dags/pipeline_completo.py
[2025-12-07T13:01:36.433+0000] {processor.py:840} INFO - DAG(s) 'flujo_etl_completo' retrieved from /opt/airflow/dags/pipeline_completo.py
[2025-12-07T13:01:36.464+0000] {logging_mixin.py:188} INFO - [2025-12-07T13:01:36.464+0000] {dag.py:3096} INFO - Sync 1 DAGs
[2025-12-07T13:01:36.492+0000] {logging_mixin.py:188} INFO - [2025-12-07T13:01:36.492+0000] {dag.py:3954} INFO - Setting next_dagrun for flujo_etl_completo to 2025-12-07 13:00:00+00:00, run_after=2025-12-07 14:00:00+00:00
[2025-12-07T13:01:36.512+0000] {processor.py:183} INFO - Processing /opt/airflow/dags/pipeline_completo.py took 0.119 seconds
[2025-12-07T13:02:06.650+0000] {processor.py:161} INFO - Started process (PID=187) to work on /opt/airflow/dags/pipeline_completo.py
[2025-12-07T13:02:06.652+0000] {processor.py:830} INFO - Processing file /opt/airflow/dags/pipeline_completo.py for tasks to queue
[2025-12-07T13:02:06.655+0000] {logging_mixin.py:188} INFO - [2025-12-07T13:02:06.654+0000] {dagbag.py:545} INFO - Filling up the DagBag from /opt/airflow/dags/pipeline_completo.py
[2025-12-07T13:02:06.703+0000] {processor.py:840} INFO - DAG(s) 'flujo_etl_completo' retrieved from /opt/airflow/dags/pipeline_completo.py
[2025-12-07T13:02:06.772+0000] {logging_mixin.py:188} INFO - [2025-12-07T13:02:06.771+0000] {dag.py:3096} INFO - Sync 1 DAGs
[2025-12-07T13:02:06.806+0000] {logging_mixin.py:188} INFO - [2025-12-07T13:02:06.806+0000] {dag.py:3954} INFO - Setting next_dagrun for flujo_etl_completo to 2025-12-07 13:00:00+00:00, run_after=2025-12-07 14:00:00+00:00
[2025-12-07T13:02:06.837+0000] {processor.py:183} INFO - Processing /opt/airflow/dags/pipeline_completo.py took 0.194 seconds
[2025-12-07T13:02:36.961+0000] {processor.py:161} INFO - Started process (PID=192) to work on /opt/airflow/dags/pipeline_completo.py
[2025-12-07T13:02:36.962+0000] {processor.py:830} INFO - Processing file /opt/airflow/dags/pipeline_completo.py for tasks to queue
[2025-12-07T13:02:36.966+0000] {logging_mixin.py:188} INFO - [2025-12-07T13:02:36.966+0000] {dagbag.py:545} INFO - Filling up the DagBag from /opt/airflow/dags/pipeline_completo.py
[2025-12-07T13:02:37.037+0000] {processor.py:840} INFO - DAG(s) 'flujo_etl_completo' retrieved from /opt/airflow/dags/pipeline_completo.py
[2025-12-07T13:02:37.079+0000] {logging_mixin.py:188} INFO - [2025-12-07T13:02:37.079+0000] {dag.py:3096} INFO - Sync 1 DAGs
[2025-12-07T13:02:37.122+0000] {logging_mixin.py:188} INFO - [2025-12-07T13:02:37.122+0000] {dag.py:3954} INFO - Setting next_dagrun for flujo_etl_completo to 2025-12-07 13:00:00+00:00, run_after=2025-12-07 14:00:00+00:00
[2025-12-07T13:02:37.158+0000] {processor.py:183} INFO - Processing /opt/airflow/dags/pipeline_completo.py took 0.205 seconds
[2025-12-07T13:03:07.375+0000] {processor.py:161} INFO - Started process (PID=197) to work on /opt/airflow/dags/pipeline_completo.py
[2025-12-07T13:03:07.377+0000] {processor.py:830} INFO - Processing file /opt/airflow/dags/pipeline_completo.py for tasks to queue
[2025-12-07T13:03:07.379+0000] {logging_mixin.py:188} INFO - [2025-12-07T13:03:07.379+0000] {dagbag.py:545} INFO - Filling up the DagBag from /opt/airflow/dags/pipeline_completo.py
[2025-12-07T13:03:07.407+0000] {processor.py:840} INFO - DAG(s) 'flujo_etl_completo' retrieved from /opt/airflow/dags/pipeline_completo.py
[2025-12-07T13:03:07.433+0000] {logging_mixin.py:188} INFO - [2025-12-07T13:03:07.433+0000] {dag.py:3096} INFO - Sync 1 DAGs
[2025-12-07T13:03:07.460+0000] {logging_mixin.py:188} INFO - [2025-12-07T13:03:07.460+0000] {dag.py:3954} INFO - Setting next_dagrun for flujo_etl_completo to 2025-12-07 13:00:00+00:00, run_after=2025-12-07 14:00:00+00:00
[2025-12-07T13:03:07.483+0000] {processor.py:183} INFO - Processing /opt/airflow/dags/pipeline_completo.py took 0.115 seconds
[2025-12-07T13:03:37.644+0000] {processor.py:161} INFO - Started process (PID=202) to work on /opt/airflow/dags/pipeline_completo.py
[2025-12-07T13:03:37.645+0000] {processor.py:830} INFO - Processing file /opt/airflow/dags/pipeline_completo.py for tasks to queue
[2025-12-07T13:03:37.646+0000] {logging_mixin.py:188} INFO - [2025-12-07T13:03:37.646+0000] {dagbag.py:545} INFO - Filling up the DagBag from /opt/airflow/dags/pipeline_completo.py
[2025-12-07T13:03:37.674+0000] {processor.py:840} INFO - DAG(s) 'flujo_etl_completo' retrieved from /opt/airflow/dags/pipeline_completo.py
[2025-12-07T13:03:37.695+0000] {logging_mixin.py:188} INFO - [2025-12-07T13:03:37.695+0000] {dag.py:3096} INFO - Sync 1 DAGs
[2025-12-07T13:03:37.715+0000] {logging_mixin.py:188} INFO - [2025-12-07T13:03:37.714+0000] {dag.py:3954} INFO - Setting next_dagrun for flujo_etl_completo to 2025-12-07 13:00:00+00:00, run_after=2025-12-07 14:00:00+00:00
[2025-12-07T13:03:37.730+0000] {processor.py:183} INFO - Processing /opt/airflow/dags/pipeline_completo.py took 0.091 seconds
[2025-12-07T13:04:08.119+0000] {processor.py:161} INFO - Started process (PID=207) to work on /opt/airflow/dags/pipeline_completo.py
[2025-12-07T13:04:08.124+0000] {processor.py:830} INFO - Processing file /opt/airflow/dags/pipeline_completo.py for tasks to queue
[2025-12-07T13:04:08.128+0000] {logging_mixin.py:188} INFO - [2025-12-07T13:04:08.128+0000] {dagbag.py:545} INFO - Filling up the DagBag from /opt/airflow/dags/pipeline_completo.py
[2025-12-07T13:04:08.342+0000] {processor.py:840} INFO - DAG(s) 'flujo_etl_completo' retrieved from /opt/airflow/dags/pipeline_completo.py
[2025-12-07T13:04:08.366+0000] {logging_mixin.py:188} INFO - [2025-12-07T13:04:08.365+0000] {dag.py:3096} INFO - Sync 1 DAGs
[2025-12-07T13:04:08.390+0000] {logging_mixin.py:188} INFO - [2025-12-07T13:04:08.390+0000] {dag.py:3954} INFO - Setting next_dagrun for flujo_etl_completo to 2025-12-07 13:00:00+00:00, run_after=2025-12-07 14:00:00+00:00
[2025-12-07T13:04:08.411+0000] {processor.py:183} INFO - Processing /opt/airflow/dags/pipeline_completo.py took 0.297 seconds
[2025-12-07T13:04:38.682+0000] {processor.py:161} INFO - Started process (PID=212) to work on /opt/airflow/dags/pipeline_completo.py
[2025-12-07T13:04:38.685+0000] {processor.py:830} INFO - Processing file /opt/airflow/dags/pipeline_completo.py for tasks to queue
[2025-12-07T13:04:38.687+0000] {logging_mixin.py:188} INFO - [2025-12-07T13:04:38.686+0000] {dagbag.py:545} INFO - Filling up the DagBag from /opt/airflow/dags/pipeline_completo.py
[2025-12-07T13:04:38.717+0000] {processor.py:840} INFO - DAG(s) 'flujo_etl_completo' retrieved from /opt/airflow/dags/pipeline_completo.py
[2025-12-07T13:04:38.738+0000] {logging_mixin.py:188} INFO - [2025-12-07T13:04:38.738+0000] {dag.py:3096} INFO - Sync 1 DAGs
[2025-12-07T13:04:38.756+0000] {logging_mixin.py:188} INFO - [2025-12-07T13:04:38.756+0000] {dag.py:3954} INFO - Setting next_dagrun for flujo_etl_completo to 2025-12-07 13:00:00+00:00, run_after=2025-12-07 14:00:00+00:00
[2025-12-07T13:04:38.775+0000] {processor.py:183} INFO - Processing /opt/airflow/dags/pipeline_completo.py took 0.099 seconds
[2025-12-07T13:05:08.936+0000] {processor.py:161} INFO - Started process (PID=217) to work on /opt/airflow/dags/pipeline_completo.py
[2025-12-07T13:05:08.938+0000] {processor.py:830} INFO - Processing file /opt/airflow/dags/pipeline_completo.py for tasks to queue
[2025-12-07T13:05:08.940+0000] {logging_mixin.py:188} INFO - [2025-12-07T13:05:08.939+0000] {dagbag.py:545} INFO - Filling up the DagBag from /opt/airflow/dags/pipeline_completo.py
[2025-12-07T13:05:08.969+0000] {processor.py:840} INFO - DAG(s) 'flujo_etl_completo' retrieved from /opt/airflow/dags/pipeline_completo.py
[2025-12-07T13:05:08.994+0000] {logging_mixin.py:188} INFO - [2025-12-07T13:05:08.994+0000] {dag.py:3096} INFO - Sync 1 DAGs
[2025-12-07T13:05:09.013+0000] {logging_mixin.py:188} INFO - [2025-12-07T13:05:09.013+0000] {dag.py:3954} INFO - Setting next_dagrun for flujo_etl_completo to 2025-12-07 13:00:00+00:00, run_after=2025-12-07 14:00:00+00:00
[2025-12-07T13:05:09.030+0000] {processor.py:183} INFO - Processing /opt/airflow/dags/pipeline_completo.py took 0.099 seconds
[2025-12-07T13:05:39.376+0000] {processor.py:161} INFO - Started process (PID=222) to work on /opt/airflow/dags/pipeline_completo.py
[2025-12-07T13:05:39.377+0000] {processor.py:830} INFO - Processing file /opt/airflow/dags/pipeline_completo.py for tasks to queue
[2025-12-07T13:05:39.379+0000] {logging_mixin.py:188} INFO - [2025-12-07T13:05:39.379+0000] {dagbag.py:545} INFO - Filling up the DagBag from /opt/airflow/dags/pipeline_completo.py
[2025-12-07T13:05:39.405+0000] {processor.py:840} INFO - DAG(s) 'flujo_etl_completo' retrieved from /opt/airflow/dags/pipeline_completo.py
[2025-12-07T13:05:39.429+0000] {logging_mixin.py:188} INFO - [2025-12-07T13:05:39.429+0000] {dag.py:3096} INFO - Sync 1 DAGs
[2025-12-07T13:05:39.448+0000] {logging_mixin.py:188} INFO - [2025-12-07T13:05:39.448+0000] {dag.py:3954} INFO - Setting next_dagrun for flujo_etl_completo to 2025-12-07 13:00:00+00:00, run_after=2025-12-07 14:00:00+00:00
[2025-12-07T13:05:39.467+0000] {processor.py:183} INFO - Processing /opt/airflow/dags/pipeline_completo.py took 0.096 seconds
[2025-12-07T13:06:09.698+0000] {processor.py:161} INFO - Started process (PID=227) to work on /opt/airflow/dags/pipeline_completo.py
[2025-12-07T13:06:09.699+0000] {processor.py:830} INFO - Processing file /opt/airflow/dags/pipeline_completo.py for tasks to queue
[2025-12-07T13:06:09.701+0000] {logging_mixin.py:188} INFO - [2025-12-07T13:06:09.700+0000] {dagbag.py:545} INFO - Filling up the DagBag from /opt/airflow/dags/pipeline_completo.py
[2025-12-07T13:06:09.726+0000] {processor.py:840} INFO - DAG(s) 'flujo_etl_completo' retrieved from /opt/airflow/dags/pipeline_completo.py
[2025-12-07T13:06:09.747+0000] {logging_mixin.py:188} INFO - [2025-12-07T13:06:09.747+0000] {dag.py:3096} INFO - Sync 1 DAGs
[2025-12-07T13:06:09.789+0000] {logging_mixin.py:188} INFO - [2025-12-07T13:06:09.789+0000] {dag.py:3954} INFO - Setting next_dagrun for flujo_etl_completo to 2025-12-07 13:00:00+00:00, run_after=2025-12-07 14:00:00+00:00
[2025-12-07T13:06:09.804+0000] {processor.py:183} INFO - Processing /opt/airflow/dags/pipeline_completo.py took 0.111 seconds
[2025-12-07T13:06:40.087+0000] {processor.py:161} INFO - Started process (PID=232) to work on /opt/airflow/dags/pipeline_completo.py
[2025-12-07T13:06:40.088+0000] {processor.py:830} INFO - Processing file /opt/airflow/dags/pipeline_completo.py for tasks to queue
[2025-12-07T13:06:40.091+0000] {logging_mixin.py:188} INFO - [2025-12-07T13:06:40.090+0000] {dagbag.py:545} INFO - Filling up the DagBag from /opt/airflow/dags/pipeline_completo.py
[2025-12-07T13:06:40.123+0000] {processor.py:840} INFO - DAG(s) 'flujo_etl_completo' retrieved from /opt/airflow/dags/pipeline_completo.py
[2025-12-07T13:06:40.153+0000] {logging_mixin.py:188} INFO - [2025-12-07T13:06:40.152+0000] {dag.py:3096} INFO - Sync 1 DAGs
[2025-12-07T13:06:40.175+0000] {logging_mixin.py:188} INFO - [2025-12-07T13:06:40.175+0000] {dag.py:3954} INFO - Setting next_dagrun for flujo_etl_completo to 2025-12-07 13:00:00+00:00, run_after=2025-12-07 14:00:00+00:00
[2025-12-07T13:06:40.200+0000] {processor.py:183} INFO - Processing /opt/airflow/dags/pipeline_completo.py took 0.120 seconds
[2025-12-07T13:07:10.440+0000] {processor.py:161} INFO - Started process (PID=237) to work on /opt/airflow/dags/pipeline_completo.py
[2025-12-07T13:07:10.442+0000] {processor.py:830} INFO - Processing file /opt/airflow/dags/pipeline_completo.py for tasks to queue
[2025-12-07T13:07:10.445+0000] {logging_mixin.py:188} INFO - [2025-12-07T13:07:10.444+0000] {dagbag.py:545} INFO - Filling up the DagBag from /opt/airflow/dags/pipeline_completo.py
[2025-12-07T13:07:10.484+0000] {processor.py:840} INFO - DAG(s) 'flujo_etl_completo' retrieved from /opt/airflow/dags/pipeline_completo.py
[2025-12-07T13:07:10.516+0000] {logging_mixin.py:188} INFO - [2025-12-07T13:07:10.516+0000] {dag.py:3096} INFO - Sync 1 DAGs
[2025-12-07T13:07:10.550+0000] {logging_mixin.py:188} INFO - [2025-12-07T13:07:10.549+0000] {dag.py:3954} INFO - Setting next_dagrun for flujo_etl_completo to 2025-12-07 13:00:00+00:00, run_after=2025-12-07 14:00:00+00:00
[2025-12-07T13:07:10.576+0000] {processor.py:183} INFO - Processing /opt/airflow/dags/pipeline_completo.py took 0.144 seconds
[2025-12-07T13:07:40.759+0000] {processor.py:161} INFO - Started process (PID=242) to work on /opt/airflow/dags/pipeline_completo.py
[2025-12-07T13:07:40.761+0000] {processor.py:830} INFO - Processing file /opt/airflow/dags/pipeline_completo.py for tasks to queue
[2025-12-07T13:07:40.764+0000] {logging_mixin.py:188} INFO - [2025-12-07T13:07:40.763+0000] {dagbag.py:545} INFO - Filling up the DagBag from /opt/airflow/dags/pipeline_completo.py
[2025-12-07T13:07:40.793+0000] {processor.py:840} INFO - DAG(s) 'flujo_etl_completo' retrieved from /opt/airflow/dags/pipeline_completo.py
[2025-12-07T13:07:40.814+0000] {logging_mixin.py:188} INFO - [2025-12-07T13:07:40.814+0000] {dag.py:3096} INFO - Sync 1 DAGs
[2025-12-07T13:07:40.833+0000] {logging_mixin.py:188} INFO - [2025-12-07T13:07:40.833+0000] {dag.py:3954} INFO - Setting next_dagrun for flujo_etl_completo to 2025-12-07 13:00:00+00:00, run_after=2025-12-07 14:00:00+00:00
[2025-12-07T13:07:40.850+0000] {processor.py:183} INFO - Processing /opt/airflow/dags/pipeline_completo.py took 0.096 seconds
[2025-12-07T13:08:11.090+0000] {processor.py:161} INFO - Started process (PID=247) to work on /opt/airflow/dags/pipeline_completo.py
[2025-12-07T13:08:11.092+0000] {processor.py:830} INFO - Processing file /opt/airflow/dags/pipeline_completo.py for tasks to queue
[2025-12-07T13:08:11.094+0000] {logging_mixin.py:188} INFO - [2025-12-07T13:08:11.094+0000] {dagbag.py:545} INFO - Filling up the DagBag from /opt/airflow/dags/pipeline_completo.py
[2025-12-07T13:08:11.132+0000] {processor.py:840} INFO - DAG(s) 'flujo_etl_completo' retrieved from /opt/airflow/dags/pipeline_completo.py
[2025-12-07T13:08:11.157+0000] {logging_mixin.py:188} INFO - [2025-12-07T13:08:11.157+0000] {dag.py:3096} INFO - Sync 1 DAGs
[2025-12-07T13:08:11.177+0000] {logging_mixin.py:188} INFO - [2025-12-07T13:08:11.176+0000] {dag.py:3954} INFO - Setting next_dagrun for flujo_etl_completo to 2025-12-07 13:00:00+00:00, run_after=2025-12-07 14:00:00+00:00
[2025-12-07T13:08:11.204+0000] {processor.py:183} INFO - Processing /opt/airflow/dags/pipeline_completo.py took 0.119 seconds
[2025-12-07T13:08:41.467+0000] {processor.py:161} INFO - Started process (PID=252) to work on /opt/airflow/dags/pipeline_completo.py
[2025-12-07T13:08:41.469+0000] {processor.py:830} INFO - Processing file /opt/airflow/dags/pipeline_completo.py for tasks to queue
[2025-12-07T13:08:41.471+0000] {logging_mixin.py:188} INFO - [2025-12-07T13:08:41.471+0000] {dagbag.py:545} INFO - Filling up the DagBag from /opt/airflow/dags/pipeline_completo.py
[2025-12-07T13:08:41.505+0000] {processor.py:840} INFO - DAG(s) 'flujo_etl_completo' retrieved from /opt/airflow/dags/pipeline_completo.py
[2025-12-07T13:08:41.529+0000] {logging_mixin.py:188} INFO - [2025-12-07T13:08:41.528+0000] {dag.py:3096} INFO - Sync 1 DAGs
[2025-12-07T13:08:41.547+0000] {logging_mixin.py:188} INFO - [2025-12-07T13:08:41.547+0000] {dag.py:3954} INFO - Setting next_dagrun for flujo_etl_completo to 2025-12-07 13:00:00+00:00, run_after=2025-12-07 14:00:00+00:00
[2025-12-07T13:08:41.564+0000] {processor.py:183} INFO - Processing /opt/airflow/dags/pipeline_completo.py took 0.105 seconds
[2025-12-07T13:09:11.754+0000] {processor.py:161} INFO - Started process (PID=257) to work on /opt/airflow/dags/pipeline_completo.py
[2025-12-07T13:09:11.755+0000] {processor.py:830} INFO - Processing file /opt/airflow/dags/pipeline_completo.py for tasks to queue
[2025-12-07T13:09:11.757+0000] {logging_mixin.py:188} INFO - [2025-12-07T13:09:11.756+0000] {dagbag.py:545} INFO - Filling up the DagBag from /opt/airflow/dags/pipeline_completo.py
[2025-12-07T13:09:11.780+0000] {processor.py:840} INFO - DAG(s) 'flujo_etl_completo' retrieved from /opt/airflow/dags/pipeline_completo.py
[2025-12-07T13:09:11.800+0000] {logging_mixin.py:188} INFO - [2025-12-07T13:09:11.800+0000] {dag.py:3096} INFO - Sync 1 DAGs
[2025-12-07T13:09:11.818+0000] {logging_mixin.py:188} INFO - [2025-12-07T13:09:11.818+0000] {dag.py:3954} INFO - Setting next_dagrun for flujo_etl_completo to 2025-12-07 13:00:00+00:00, run_after=2025-12-07 14:00:00+00:00
[2025-12-07T13:09:11.835+0000] {processor.py:183} INFO - Processing /opt/airflow/dags/pipeline_completo.py took 0.085 seconds
[2025-12-07T13:09:42.179+0000] {processor.py:161} INFO - Started process (PID=262) to work on /opt/airflow/dags/pipeline_completo.py
[2025-12-07T13:09:42.186+0000] {processor.py:830} INFO - Processing file /opt/airflow/dags/pipeline_completo.py for tasks to queue
[2025-12-07T13:09:42.193+0000] {logging_mixin.py:188} INFO - [2025-12-07T13:09:42.192+0000] {dagbag.py:545} INFO - Filling up the DagBag from /opt/airflow/dags/pipeline_completo.py
[2025-12-07T13:09:42.397+0000] {processor.py:840} INFO - DAG(s) 'flujo_etl_completo' retrieved from /opt/airflow/dags/pipeline_completo.py
[2025-12-07T13:09:42.438+0000] {logging_mixin.py:188} INFO - [2025-12-07T13:09:42.438+0000] {dag.py:3096} INFO - Sync 1 DAGs
[2025-12-07T13:09:42.473+0000] {logging_mixin.py:188} INFO - [2025-12-07T13:09:42.472+0000] {dag.py:3954} INFO - Setting next_dagrun for flujo_etl_completo to 2025-12-07 13:00:00+00:00, run_after=2025-12-07 14:00:00+00:00
[2025-12-07T13:09:42.507+0000] {processor.py:183} INFO - Processing /opt/airflow/dags/pipeline_completo.py took 0.336 seconds
[2025-12-07T13:10:12.842+0000] {processor.py:161} INFO - Started process (PID=267) to work on /opt/airflow/dags/pipeline_completo.py
[2025-12-07T13:10:12.843+0000] {processor.py:830} INFO - Processing file /opt/airflow/dags/pipeline_completo.py for tasks to queue
[2025-12-07T13:10:12.846+0000] {logging_mixin.py:188} INFO - [2025-12-07T13:10:12.846+0000] {dagbag.py:545} INFO - Filling up the DagBag from /opt/airflow/dags/pipeline_completo.py
[2025-12-07T13:10:12.880+0000] {processor.py:840} INFO - DAG(s) 'flujo_etl_completo' retrieved from /opt/airflow/dags/pipeline_completo.py
[2025-12-07T13:10:12.910+0000] {logging_mixin.py:188} INFO - [2025-12-07T13:10:12.910+0000] {dag.py:3096} INFO - Sync 1 DAGs
[2025-12-07T13:10:12.934+0000] {logging_mixin.py:188} INFO - [2025-12-07T13:10:12.934+0000] {dag.py:3954} INFO - Setting next_dagrun for flujo_etl_completo to 2025-12-07 13:00:00+00:00, run_after=2025-12-07 14:00:00+00:00
[2025-12-07T13:10:12.955+0000] {processor.py:183} INFO - Processing /opt/airflow/dags/pipeline_completo.py took 0.122 seconds
[2025-12-07T13:10:43.132+0000] {processor.py:161} INFO - Started process (PID=272) to work on /opt/airflow/dags/pipeline_completo.py
[2025-12-07T13:10:43.134+0000] {processor.py:830} INFO - Processing file /opt/airflow/dags/pipeline_completo.py for tasks to queue
[2025-12-07T13:10:43.136+0000] {logging_mixin.py:188} INFO - [2025-12-07T13:10:43.136+0000] {dagbag.py:545} INFO - Filling up the DagBag from /opt/airflow/dags/pipeline_completo.py
[2025-12-07T13:10:43.165+0000] {processor.py:840} INFO - DAG(s) 'flujo_etl_completo' retrieved from /opt/airflow/dags/pipeline_completo.py
[2025-12-07T13:10:43.188+0000] {logging_mixin.py:188} INFO - [2025-12-07T13:10:43.188+0000] {dag.py:3096} INFO - Sync 1 DAGs
[2025-12-07T13:10:43.210+0000] {logging_mixin.py:188} INFO - [2025-12-07T13:10:43.210+0000] {dag.py:3954} INFO - Setting next_dagrun for flujo_etl_completo to 2025-12-07 13:00:00+00:00, run_after=2025-12-07 14:00:00+00:00
[2025-12-07T13:10:43.230+0000] {processor.py:183} INFO - Processing /opt/airflow/dags/pipeline_completo.py took 0.103 seconds
[2025-12-07T18:13:23.716+0000] {processor.py:161} INFO - Started process (PID=168) to work on /opt/airflow/dags/pipeline_completo.py
[2025-12-07T18:13:23.725+0000] {processor.py:830} INFO - Processing file /opt/airflow/dags/pipeline_completo.py for tasks to queue
[2025-12-07T18:13:23.735+0000] {logging_mixin.py:188} INFO - [2025-12-07T18:13:23.734+0000] {dagbag.py:545} INFO - Filling up the DagBag from /opt/airflow/dags/pipeline_completo.py
[2025-12-07T18:13:24.103+0000] {processor.py:840} INFO - DAG(s) 'flujo_etl_completo' retrieved from /opt/airflow/dags/pipeline_completo.py
[2025-12-07T18:13:24.935+0000] {logging_mixin.py:188} INFO - [2025-12-07T18:13:24.934+0000] {override.py:1829} INFO - Created Permission View: can edit on DAG:flujo_etl_completo
[2025-12-07T18:13:24.963+0000] {logging_mixin.py:188} INFO - [2025-12-07T18:13:24.963+0000] {override.py:1829} INFO - Created Permission View: can delete on DAG:flujo_etl_completo
[2025-12-07T18:13:24.981+0000] {logging_mixin.py:188} INFO - [2025-12-07T18:13:24.981+0000] {override.py:1829} INFO - Created Permission View: can read on DAG:flujo_etl_completo
[2025-12-07T18:13:24.984+0000] {logging_mixin.py:188} INFO - [2025-12-07T18:13:24.983+0000] {dag.py:3096} INFO - Sync 1 DAGs
[2025-12-07T18:13:25.020+0000] {logging_mixin.py:188} INFO - [2025-12-07T18:13:25.013+0000] {dag.py:3118} INFO - Creating ORM DAG for flujo_etl_completo
[2025-12-07T18:13:25.073+0000] {logging_mixin.py:188} INFO - [2025-12-07T18:13:25.073+0000] {dag.py:3954} INFO - Setting next_dagrun for flujo_etl_completo to 2025-12-07 17:00:00+00:00, run_after=2025-12-07 18:00:00+00:00
[2025-12-07T18:13:25.117+0000] {processor.py:183} INFO - Processing /opt/airflow/dags/pipeline_completo.py took 1.420 seconds
[2025-12-07T18:13:55.559+0000] {processor.py:161} INFO - Started process (PID=173) to work on /opt/airflow/dags/pipeline_completo.py
[2025-12-07T18:13:55.562+0000] {processor.py:830} INFO - Processing file /opt/airflow/dags/pipeline_completo.py for tasks to queue
[2025-12-07T18:13:55.565+0000] {logging_mixin.py:188} INFO - [2025-12-07T18:13:55.564+0000] {dagbag.py:545} INFO - Filling up the DagBag from /opt/airflow/dags/pipeline_completo.py
[2025-12-07T18:13:55.610+0000] {processor.py:840} INFO - DAG(s) 'flujo_etl_completo' retrieved from /opt/airflow/dags/pipeline_completo.py
[2025-12-07T18:13:55.647+0000] {logging_mixin.py:188} INFO - [2025-12-07T18:13:55.646+0000] {dag.py:3096} INFO - Sync 1 DAGs
[2025-12-07T18:13:55.702+0000] {logging_mixin.py:188} INFO - [2025-12-07T18:13:55.701+0000] {dag.py:3954} INFO - Setting next_dagrun for flujo_etl_completo to 2025-12-07 17:00:00+00:00, run_after=2025-12-07 18:00:00+00:00
[2025-12-07T18:13:55.729+0000] {processor.py:183} INFO - Processing /opt/airflow/dags/pipeline_completo.py took 0.180 seconds
[2025-12-07T18:14:26.743+0000] {processor.py:161} INFO - Started process (PID=178) to work on /opt/airflow/dags/pipeline_completo.py
[2025-12-07T18:14:26.752+0000] {processor.py:830} INFO - Processing file /opt/airflow/dags/pipeline_completo.py for tasks to queue
[2025-12-07T18:14:26.770+0000] {logging_mixin.py:188} INFO - [2025-12-07T18:14:26.764+0000] {dagbag.py:545} INFO - Filling up the DagBag from /opt/airflow/dags/pipeline_completo.py
[2025-12-07T18:14:26.900+0000] {processor.py:840} INFO - DAG(s) 'flujo_etl_completo' retrieved from /opt/airflow/dags/pipeline_completo.py
[2025-12-07T18:14:27.006+0000] {logging_mixin.py:188} INFO - [2025-12-07T18:14:27.005+0000] {dag.py:3096} INFO - Sync 1 DAGs
[2025-12-07T18:14:27.085+0000] {logging_mixin.py:188} INFO - [2025-12-07T18:14:27.085+0000] {dag.py:3954} INFO - Setting next_dagrun for flujo_etl_completo to 2025-12-07 17:00:00+00:00, run_after=2025-12-07 18:00:00+00:00
[2025-12-07T18:14:27.144+0000] {processor.py:183} INFO - Processing /opt/airflow/dags/pipeline_completo.py took 0.431 seconds
[2025-12-07T18:14:57.744+0000] {processor.py:161} INFO - Started process (PID=183) to work on /opt/airflow/dags/pipeline_completo.py
[2025-12-07T18:14:57.748+0000] {processor.py:830} INFO - Processing file /opt/airflow/dags/pipeline_completo.py for tasks to queue
[2025-12-07T18:14:57.756+0000] {logging_mixin.py:188} INFO - [2025-12-07T18:14:57.755+0000] {dagbag.py:545} INFO - Filling up the DagBag from /opt/airflow/dags/pipeline_completo.py
[2025-12-07T18:14:58.090+0000] {processor.py:840} INFO - DAG(s) 'flujo_etl_completo' retrieved from /opt/airflow/dags/pipeline_completo.py
[2025-12-07T18:14:58.129+0000] {logging_mixin.py:188} INFO - [2025-12-07T18:14:58.129+0000] {dag.py:3096} INFO - Sync 1 DAGs
[2025-12-07T18:14:58.164+0000] {logging_mixin.py:188} INFO - [2025-12-07T18:14:58.163+0000] {dag.py:3954} INFO - Setting next_dagrun for flujo_etl_completo to 2025-12-07 17:00:00+00:00, run_after=2025-12-07 18:00:00+00:00
[2025-12-07T18:14:58.219+0000] {processor.py:183} INFO - Processing /opt/airflow/dags/pipeline_completo.py took 0.483 seconds
[2025-12-07T18:15:28.933+0000] {processor.py:161} INFO - Started process (PID=188) to work on /opt/airflow/dags/pipeline_completo.py
[2025-12-07T18:15:28.944+0000] {processor.py:830} INFO - Processing file /opt/airflow/dags/pipeline_completo.py for tasks to queue
[2025-12-07T18:15:28.949+0000] {logging_mixin.py:188} INFO - [2025-12-07T18:15:28.948+0000] {dagbag.py:545} INFO - Filling up the DagBag from /opt/airflow/dags/pipeline_completo.py
[2025-12-07T18:15:29.032+0000] {processor.py:840} INFO - DAG(s) 'flujo_etl_completo' retrieved from /opt/airflow/dags/pipeline_completo.py
[2025-12-07T18:15:29.072+0000] {logging_mixin.py:188} INFO - [2025-12-07T18:15:29.072+0000] {dag.py:3096} INFO - Sync 1 DAGs
[2025-12-07T18:15:29.108+0000] {logging_mixin.py:188} INFO - [2025-12-07T18:15:29.107+0000] {dag.py:3954} INFO - Setting next_dagrun for flujo_etl_completo to 2025-12-07 17:00:00+00:00, run_after=2025-12-07 18:00:00+00:00
[2025-12-07T18:15:29.140+0000] {processor.py:183} INFO - Processing /opt/airflow/dags/pipeline_completo.py took 0.214 seconds
[2025-12-07T18:15:59.479+0000] {processor.py:161} INFO - Started process (PID=193) to work on /opt/airflow/dags/pipeline_completo.py
[2025-12-07T18:15:59.480+0000] {processor.py:830} INFO - Processing file /opt/airflow/dags/pipeline_completo.py for tasks to queue
[2025-12-07T18:15:59.483+0000] {logging_mixin.py:188} INFO - [2025-12-07T18:15:59.483+0000] {dagbag.py:545} INFO - Filling up the DagBag from /opt/airflow/dags/pipeline_completo.py
[2025-12-07T18:15:59.531+0000] {processor.py:840} INFO - DAG(s) 'flujo_etl_completo' retrieved from /opt/airflow/dags/pipeline_completo.py
[2025-12-07T18:15:59.567+0000] {logging_mixin.py:188} INFO - [2025-12-07T18:15:59.567+0000] {dag.py:3096} INFO - Sync 1 DAGs
[2025-12-07T18:15:59.595+0000] {logging_mixin.py:188} INFO - [2025-12-07T18:15:59.595+0000] {dag.py:3954} INFO - Setting next_dagrun for flujo_etl_completo to 2025-12-07 17:00:00+00:00, run_after=2025-12-07 18:00:00+00:00
[2025-12-07T18:15:59.621+0000] {processor.py:183} INFO - Processing /opt/airflow/dags/pipeline_completo.py took 0.150 seconds
[2025-12-07T18:16:29.837+0000] {processor.py:161} INFO - Started process (PID=198) to work on /opt/airflow/dags/pipeline_completo.py
[2025-12-07T18:16:29.839+0000] {processor.py:830} INFO - Processing file /opt/airflow/dags/pipeline_completo.py for tasks to queue
[2025-12-07T18:16:29.844+0000] {logging_mixin.py:188} INFO - [2025-12-07T18:16:29.843+0000] {dagbag.py:545} INFO - Filling up the DagBag from /opt/airflow/dags/pipeline_completo.py
[2025-12-07T18:16:29.912+0000] {processor.py:840} INFO - DAG(s) 'flujo_etl_completo' retrieved from /opt/airflow/dags/pipeline_completo.py
[2025-12-07T18:16:29.959+0000] {logging_mixin.py:188} INFO - [2025-12-07T18:16:29.959+0000] {dag.py:3096} INFO - Sync 1 DAGs
[2025-12-07T18:16:30.011+0000] {logging_mixin.py:188} INFO - [2025-12-07T18:16:30.010+0000] {dag.py:3954} INFO - Setting next_dagrun for flujo_etl_completo to 2025-12-07 17:00:00+00:00, run_after=2025-12-07 18:00:00+00:00
[2025-12-07T18:16:30.057+0000] {processor.py:183} INFO - Processing /opt/airflow/dags/pipeline_completo.py took 0.231 seconds
[2025-12-07T18:17:00.385+0000] {processor.py:161} INFO - Started process (PID=207) to work on /opt/airflow/dags/pipeline_completo.py
[2025-12-07T18:17:00.387+0000] {processor.py:830} INFO - Processing file /opt/airflow/dags/pipeline_completo.py for tasks to queue
[2025-12-07T18:17:00.391+0000] {logging_mixin.py:188} INFO - [2025-12-07T18:17:00.390+0000] {dagbag.py:545} INFO - Filling up the DagBag from /opt/airflow/dags/pipeline_completo.py
[2025-12-07T18:17:00.437+0000] {processor.py:840} INFO - DAG(s) 'flujo_etl_completo' retrieved from /opt/airflow/dags/pipeline_completo.py
[2025-12-07T18:17:00.479+0000] {logging_mixin.py:188} INFO - [2025-12-07T18:17:00.478+0000] {dag.py:3096} INFO - Sync 1 DAGs
[2025-12-07T18:17:00.514+0000] {logging_mixin.py:188} INFO - [2025-12-07T18:17:00.514+0000] {dag.py:3954} INFO - Setting next_dagrun for flujo_etl_completo to 2025-12-07 18:00:00+00:00, run_after=2025-12-07 19:00:00+00:00
[2025-12-07T18:17:00.547+0000] {processor.py:183} INFO - Processing /opt/airflow/dags/pipeline_completo.py took 0.170 seconds
[2025-12-07T18:17:30.904+0000] {processor.py:161} INFO - Started process (PID=212) to work on /opt/airflow/dags/pipeline_completo.py
[2025-12-07T18:17:30.907+0000] {processor.py:830} INFO - Processing file /opt/airflow/dags/pipeline_completo.py for tasks to queue
[2025-12-07T18:17:30.917+0000] {logging_mixin.py:188} INFO - [2025-12-07T18:17:30.915+0000] {dagbag.py:545} INFO - Filling up the DagBag from /opt/airflow/dags/pipeline_completo.py
[2025-12-07T18:17:31.171+0000] {processor.py:840} INFO - DAG(s) 'flujo_etl_completo' retrieved from /opt/airflow/dags/pipeline_completo.py
[2025-12-07T18:17:31.438+0000] {logging_mixin.py:188} INFO - [2025-12-07T18:17:31.437+0000] {dag.py:3096} INFO - Sync 1 DAGs
[2025-12-07T18:17:31.543+0000] {logging_mixin.py:188} INFO - [2025-12-07T18:17:31.542+0000] {dag.py:3954} INFO - Setting next_dagrun for flujo_etl_completo to 2025-12-07 18:00:00+00:00, run_after=2025-12-07 19:00:00+00:00
[2025-12-07T18:17:31.676+0000] {processor.py:183} INFO - Processing /opt/airflow/dags/pipeline_completo.py took 0.783 seconds
[2025-12-07T18:18:02.072+0000] {processor.py:161} INFO - Started process (PID=217) to work on /opt/airflow/dags/pipeline_completo.py
[2025-12-07T18:18:02.076+0000] {processor.py:830} INFO - Processing file /opt/airflow/dags/pipeline_completo.py for tasks to queue
[2025-12-07T18:18:02.082+0000] {logging_mixin.py:188} INFO - [2025-12-07T18:18:02.081+0000] {dagbag.py:545} INFO - Filling up the DagBag from /opt/airflow/dags/pipeline_completo.py
[2025-12-07T18:18:02.179+0000] {processor.py:840} INFO - DAG(s) 'flujo_etl_completo' retrieved from /opt/airflow/dags/pipeline_completo.py
[2025-12-07T18:18:02.291+0000] {logging_mixin.py:188} INFO - [2025-12-07T18:18:02.290+0000] {dag.py:3096} INFO - Sync 1 DAGs
[2025-12-07T18:18:02.429+0000] {logging_mixin.py:188} INFO - [2025-12-07T18:18:02.428+0000] {dag.py:3954} INFO - Setting next_dagrun for flujo_etl_completo to 2025-12-07 18:00:00+00:00, run_after=2025-12-07 19:00:00+00:00
[2025-12-07T18:18:02.521+0000] {processor.py:183} INFO - Processing /opt/airflow/dags/pipeline_completo.py took 0.488 seconds
[2025-12-07T18:18:33.002+0000] {processor.py:161} INFO - Started process (PID=222) to work on /opt/airflow/dags/pipeline_completo.py
[2025-12-07T18:18:33.004+0000] {processor.py:830} INFO - Processing file /opt/airflow/dags/pipeline_completo.py for tasks to queue
[2025-12-07T18:18:33.010+0000] {logging_mixin.py:188} INFO - [2025-12-07T18:18:33.008+0000] {dagbag.py:545} INFO - Filling up the DagBag from /opt/airflow/dags/pipeline_completo.py
[2025-12-07T18:18:33.081+0000] {processor.py:840} INFO - DAG(s) 'flujo_etl_completo' retrieved from /opt/airflow/dags/pipeline_completo.py
[2025-12-07T18:18:33.130+0000] {logging_mixin.py:188} INFO - [2025-12-07T18:18:33.129+0000] {dag.py:3096} INFO - Sync 1 DAGs
[2025-12-07T18:18:33.161+0000] {logging_mixin.py:188} INFO - [2025-12-07T18:18:33.161+0000] {dag.py:3954} INFO - Setting next_dagrun for flujo_etl_completo to 2025-12-07 18:00:00+00:00, run_after=2025-12-07 19:00:00+00:00
[2025-12-07T18:18:33.193+0000] {processor.py:183} INFO - Processing /opt/airflow/dags/pipeline_completo.py took 0.213 seconds
[2025-12-07T18:19:03.841+0000] {processor.py:161} INFO - Started process (PID=229) to work on /opt/airflow/dags/pipeline_completo.py
[2025-12-07T18:19:03.852+0000] {processor.py:830} INFO - Processing file /opt/airflow/dags/pipeline_completo.py for tasks to queue
[2025-12-07T18:19:03.876+0000] {logging_mixin.py:188} INFO - [2025-12-07T18:19:03.874+0000] {dagbag.py:545} INFO - Filling up the DagBag from /opt/airflow/dags/pipeline_completo.py
[2025-12-07T18:19:04.247+0000] {processor.py:840} INFO - DAG(s) 'flujo_etl_completo' retrieved from /opt/airflow/dags/pipeline_completo.py
[2025-12-07T18:19:04.370+0000] {logging_mixin.py:188} INFO - [2025-12-07T18:19:04.370+0000] {dag.py:3096} INFO - Sync 1 DAGs
[2025-12-07T18:19:04.451+0000] {logging_mixin.py:188} INFO - [2025-12-07T18:19:04.450+0000] {dag.py:3954} INFO - Setting next_dagrun for flujo_etl_completo to 2025-12-07 18:00:00+00:00, run_after=2025-12-07 19:00:00+00:00
[2025-12-07T18:19:04.514+0000] {processor.py:183} INFO - Processing /opt/airflow/dags/pipeline_completo.py took 0.862 seconds
[2025-12-07T18:19:34.929+0000] {processor.py:161} INFO - Started process (PID=234) to work on /opt/airflow/dags/pipeline_completo.py
[2025-12-07T18:19:34.931+0000] {processor.py:830} INFO - Processing file /opt/airflow/dags/pipeline_completo.py for tasks to queue
[2025-12-07T18:19:34.935+0000] {logging_mixin.py:188} INFO - [2025-12-07T18:19:34.934+0000] {dagbag.py:545} INFO - Filling up the DagBag from /opt/airflow/dags/pipeline_completo.py
[2025-12-07T18:19:34.984+0000] {processor.py:840} INFO - DAG(s) 'flujo_etl_completo' retrieved from /opt/airflow/dags/pipeline_completo.py
[2025-12-07T18:19:35.021+0000] {logging_mixin.py:188} INFO - [2025-12-07T18:19:35.020+0000] {dag.py:3096} INFO - Sync 1 DAGs
[2025-12-07T18:19:35.053+0000] {logging_mixin.py:188} INFO - [2025-12-07T18:19:35.051+0000] {dag.py:3954} INFO - Setting next_dagrun for flujo_etl_completo to 2025-12-07 18:00:00+00:00, run_after=2025-12-07 19:00:00+00:00
[2025-12-07T18:19:35.087+0000] {processor.py:183} INFO - Processing /opt/airflow/dags/pipeline_completo.py took 0.167 seconds
[2025-12-07T18:20:05.491+0000] {processor.py:161} INFO - Started process (PID=239) to work on /opt/airflow/dags/pipeline_completo.py
[2025-12-07T18:20:05.494+0000] {processor.py:830} INFO - Processing file /opt/airflow/dags/pipeline_completo.py for tasks to queue
[2025-12-07T18:20:05.497+0000] {logging_mixin.py:188} INFO - [2025-12-07T18:20:05.497+0000] {dagbag.py:545} INFO - Filling up the DagBag from /opt/airflow/dags/pipeline_completo.py
[2025-12-07T18:20:05.563+0000] {processor.py:840} INFO - DAG(s) 'flujo_etl_completo' retrieved from /opt/airflow/dags/pipeline_completo.py
[2025-12-07T18:20:05.611+0000] {logging_mixin.py:188} INFO - [2025-12-07T18:20:05.610+0000] {dag.py:3096} INFO - Sync 1 DAGs
[2025-12-07T18:20:05.654+0000] {logging_mixin.py:188} INFO - [2025-12-07T18:20:05.654+0000] {dag.py:3954} INFO - Setting next_dagrun for flujo_etl_completo to 2025-12-07 18:00:00+00:00, run_after=2025-12-07 19:00:00+00:00
[2025-12-07T18:20:05.703+0000] {processor.py:183} INFO - Processing /opt/airflow/dags/pipeline_completo.py took 0.223 seconds
[2025-12-07T18:20:35.904+0000] {processor.py:161} INFO - Started process (PID=244) to work on /opt/airflow/dags/pipeline_completo.py
[2025-12-07T18:20:35.907+0000] {processor.py:830} INFO - Processing file /opt/airflow/dags/pipeline_completo.py for tasks to queue
[2025-12-07T18:20:35.918+0000] {logging_mixin.py:188} INFO - [2025-12-07T18:20:35.917+0000] {dagbag.py:545} INFO - Filling up the DagBag from /opt/airflow/dags/pipeline_completo.py
[2025-12-07T18:20:35.979+0000] {processor.py:840} INFO - DAG(s) 'flujo_etl_completo' retrieved from /opt/airflow/dags/pipeline_completo.py
[2025-12-07T18:20:36.043+0000] {logging_mixin.py:188} INFO - [2025-12-07T18:20:36.043+0000] {dag.py:3096} INFO - Sync 1 DAGs
[2025-12-07T18:20:36.093+0000] {logging_mixin.py:188} INFO - [2025-12-07T18:20:36.092+0000] {dag.py:3954} INFO - Setting next_dagrun for flujo_etl_completo to 2025-12-07 18:00:00+00:00, run_after=2025-12-07 19:00:00+00:00
[2025-12-07T18:20:36.138+0000] {processor.py:183} INFO - Processing /opt/airflow/dags/pipeline_completo.py took 0.248 seconds
[2025-12-07T18:21:06.421+0000] {processor.py:161} INFO - Started process (PID=249) to work on /opt/airflow/dags/pipeline_completo.py
[2025-12-07T18:21:06.423+0000] {processor.py:830} INFO - Processing file /opt/airflow/dags/pipeline_completo.py for tasks to queue
[2025-12-07T18:21:06.427+0000] {logging_mixin.py:188} INFO - [2025-12-07T18:21:06.426+0000] {dagbag.py:545} INFO - Filling up the DagBag from /opt/airflow/dags/pipeline_completo.py
[2025-12-07T18:21:06.488+0000] {processor.py:840} INFO - DAG(s) 'flujo_etl_completo' retrieved from /opt/airflow/dags/pipeline_completo.py
[2025-12-07T18:21:06.524+0000] {logging_mixin.py:188} INFO - [2025-12-07T18:21:06.523+0000] {dag.py:3096} INFO - Sync 1 DAGs
[2025-12-07T18:21:06.557+0000] {logging_mixin.py:188} INFO - [2025-12-07T18:21:06.557+0000] {dag.py:3954} INFO - Setting next_dagrun for flujo_etl_completo to 2025-12-07 18:00:00+00:00, run_after=2025-12-07 19:00:00+00:00
[2025-12-07T18:21:06.593+0000] {processor.py:183} INFO - Processing /opt/airflow/dags/pipeline_completo.py took 0.181 seconds
[2025-12-07T18:21:36.851+0000] {processor.py:161} INFO - Started process (PID=254) to work on /opt/airflow/dags/pipeline_completo.py
[2025-12-07T18:21:36.853+0000] {processor.py:830} INFO - Processing file /opt/airflow/dags/pipeline_completo.py for tasks to queue
[2025-12-07T18:21:36.857+0000] {logging_mixin.py:188} INFO - [2025-12-07T18:21:36.856+0000] {dagbag.py:545} INFO - Filling up the DagBag from /opt/airflow/dags/pipeline_completo.py
[2025-12-07T18:21:36.897+0000] {processor.py:840} INFO - DAG(s) 'flujo_etl_completo' retrieved from /opt/airflow/dags/pipeline_completo.py
[2025-12-07T18:21:36.932+0000] {logging_mixin.py:188} INFO - [2025-12-07T18:21:36.932+0000] {dag.py:3096} INFO - Sync 1 DAGs
[2025-12-07T18:21:36.961+0000] {logging_mixin.py:188} INFO - [2025-12-07T18:21:36.960+0000] {dag.py:3954} INFO - Setting next_dagrun for flujo_etl_completo to 2025-12-07 18:00:00+00:00, run_after=2025-12-07 19:00:00+00:00
[2025-12-07T18:21:36.994+0000] {processor.py:183} INFO - Processing /opt/airflow/dags/pipeline_completo.py took 0.152 seconds
[2025-12-07T18:22:07.254+0000] {processor.py:161} INFO - Started process (PID=259) to work on /opt/airflow/dags/pipeline_completo.py
[2025-12-07T18:22:07.255+0000] {processor.py:830} INFO - Processing file /opt/airflow/dags/pipeline_completo.py for tasks to queue
[2025-12-07T18:22:07.258+0000] {logging_mixin.py:188} INFO - [2025-12-07T18:22:07.257+0000] {dagbag.py:545} INFO - Filling up the DagBag from /opt/airflow/dags/pipeline_completo.py
[2025-12-07T18:22:07.304+0000] {processor.py:840} INFO - DAG(s) 'flujo_etl_completo' retrieved from /opt/airflow/dags/pipeline_completo.py
[2025-12-07T18:22:07.334+0000] {logging_mixin.py:188} INFO - [2025-12-07T18:22:07.333+0000] {dag.py:3096} INFO - Sync 1 DAGs
[2025-12-07T18:22:07.360+0000] {logging_mixin.py:188} INFO - [2025-12-07T18:22:07.360+0000] {dag.py:3954} INFO - Setting next_dagrun for flujo_etl_completo to 2025-12-07 18:00:00+00:00, run_after=2025-12-07 19:00:00+00:00
[2025-12-07T18:22:07.385+0000] {processor.py:183} INFO - Processing /opt/airflow/dags/pipeline_completo.py took 0.139 seconds
[2025-12-07T18:22:37.583+0000] {processor.py:161} INFO - Started process (PID=264) to work on /opt/airflow/dags/pipeline_completo.py
[2025-12-07T18:22:37.585+0000] {processor.py:830} INFO - Processing file /opt/airflow/dags/pipeline_completo.py for tasks to queue
[2025-12-07T18:22:37.588+0000] {logging_mixin.py:188} INFO - [2025-12-07T18:22:37.588+0000] {dagbag.py:545} INFO - Filling up the DagBag from /opt/airflow/dags/pipeline_completo.py
[2025-12-07T18:22:37.622+0000] {processor.py:840} INFO - DAG(s) 'flujo_etl_completo' retrieved from /opt/airflow/dags/pipeline_completo.py
[2025-12-07T18:22:37.652+0000] {logging_mixin.py:188} INFO - [2025-12-07T18:22:37.652+0000] {dag.py:3096} INFO - Sync 1 DAGs
[2025-12-07T18:22:37.677+0000] {logging_mixin.py:188} INFO - [2025-12-07T18:22:37.677+0000] {dag.py:3954} INFO - Setting next_dagrun for flujo_etl_completo to 2025-12-07 18:00:00+00:00, run_after=2025-12-07 19:00:00+00:00
[2025-12-07T18:22:37.714+0000] {processor.py:183} INFO - Processing /opt/airflow/dags/pipeline_completo.py took 0.138 seconds
[2025-12-07T18:23:08.025+0000] {processor.py:161} INFO - Started process (PID=269) to work on /opt/airflow/dags/pipeline_completo.py
[2025-12-07T18:23:08.026+0000] {processor.py:830} INFO - Processing file /opt/airflow/dags/pipeline_completo.py for tasks to queue
[2025-12-07T18:23:08.029+0000] {logging_mixin.py:188} INFO - [2025-12-07T18:23:08.028+0000] {dagbag.py:545} INFO - Filling up the DagBag from /opt/airflow/dags/pipeline_completo.py
[2025-12-07T18:23:08.066+0000] {processor.py:840} INFO - DAG(s) 'flujo_etl_completo' retrieved from /opt/airflow/dags/pipeline_completo.py
[2025-12-07T18:23:08.103+0000] {logging_mixin.py:188} INFO - [2025-12-07T18:23:08.103+0000] {dag.py:3096} INFO - Sync 1 DAGs
[2025-12-07T18:23:08.135+0000] {logging_mixin.py:188} INFO - [2025-12-07T18:23:08.134+0000] {dag.py:3954} INFO - Setting next_dagrun for flujo_etl_completo to 2025-12-07 18:00:00+00:00, run_after=2025-12-07 19:00:00+00:00
[2025-12-07T18:23:08.184+0000] {processor.py:183} INFO - Processing /opt/airflow/dags/pipeline_completo.py took 0.166 seconds
[2025-12-07T18:23:38.424+0000] {processor.py:161} INFO - Started process (PID=274) to work on /opt/airflow/dags/pipeline_completo.py
[2025-12-07T18:23:38.426+0000] {processor.py:830} INFO - Processing file /opt/airflow/dags/pipeline_completo.py for tasks to queue
[2025-12-07T18:23:38.429+0000] {logging_mixin.py:188} INFO - [2025-12-07T18:23:38.428+0000] {dagbag.py:545} INFO - Filling up the DagBag from /opt/airflow/dags/pipeline_completo.py
[2025-12-07T18:23:38.473+0000] {processor.py:840} INFO - DAG(s) 'flujo_etl_completo' retrieved from /opt/airflow/dags/pipeline_completo.py
[2025-12-07T18:23:38.512+0000] {logging_mixin.py:188} INFO - [2025-12-07T18:23:38.512+0000] {dag.py:3096} INFO - Sync 1 DAGs
[2025-12-07T18:23:38.540+0000] {logging_mixin.py:188} INFO - [2025-12-07T18:23:38.540+0000] {dag.py:3954} INFO - Setting next_dagrun for flujo_etl_completo to 2025-12-07 18:00:00+00:00, run_after=2025-12-07 19:00:00+00:00
[2025-12-07T18:23:38.574+0000] {processor.py:183} INFO - Processing /opt/airflow/dags/pipeline_completo.py took 0.165 seconds
[2025-12-07T18:24:09.157+0000] {processor.py:161} INFO - Started process (PID=279) to work on /opt/airflow/dags/pipeline_completo.py
[2025-12-07T18:24:09.162+0000] {processor.py:830} INFO - Processing file /opt/airflow/dags/pipeline_completo.py for tasks to queue
[2025-12-07T18:24:09.168+0000] {logging_mixin.py:188} INFO - [2025-12-07T18:24:09.167+0000] {dagbag.py:545} INFO - Filling up the DagBag from /opt/airflow/dags/pipeline_completo.py
[2025-12-07T18:24:09.317+0000] {processor.py:840} INFO - DAG(s) 'flujo_etl_completo' retrieved from /opt/airflow/dags/pipeline_completo.py
[2025-12-07T18:24:09.347+0000] {logging_mixin.py:188} INFO - [2025-12-07T18:24:09.347+0000] {dag.py:3096} INFO - Sync 1 DAGs
[2025-12-07T18:24:09.372+0000] {logging_mixin.py:188} INFO - [2025-12-07T18:24:09.371+0000] {dag.py:3954} INFO - Setting next_dagrun for flujo_etl_completo to 2025-12-07 18:00:00+00:00, run_after=2025-12-07 19:00:00+00:00
[2025-12-07T18:24:09.400+0000] {processor.py:183} INFO - Processing /opt/airflow/dags/pipeline_completo.py took 0.249 seconds
[2025-12-07T18:24:39.762+0000] {processor.py:161} INFO - Started process (PID=284) to work on /opt/airflow/dags/pipeline_completo.py
[2025-12-07T18:24:39.764+0000] {processor.py:830} INFO - Processing file /opt/airflow/dags/pipeline_completo.py for tasks to queue
[2025-12-07T18:24:39.767+0000] {logging_mixin.py:188} INFO - [2025-12-07T18:24:39.766+0000] {dagbag.py:545} INFO - Filling up the DagBag from /opt/airflow/dags/pipeline_completo.py
[2025-12-07T18:24:39.815+0000] {processor.py:840} INFO - DAG(s) 'flujo_etl_completo' retrieved from /opt/airflow/dags/pipeline_completo.py
[2025-12-07T18:24:39.850+0000] {logging_mixin.py:188} INFO - [2025-12-07T18:24:39.849+0000] {dag.py:3096} INFO - Sync 1 DAGs
[2025-12-07T18:24:39.874+0000] {logging_mixin.py:188} INFO - [2025-12-07T18:24:39.874+0000] {dag.py:3954} INFO - Setting next_dagrun for flujo_etl_completo to 2025-12-07 18:00:00+00:00, run_after=2025-12-07 19:00:00+00:00
[2025-12-07T18:24:39.900+0000] {processor.py:183} INFO - Processing /opt/airflow/dags/pipeline_completo.py took 0.147 seconds
[2025-12-07T18:25:10.139+0000] {processor.py:161} INFO - Started process (PID=289) to work on /opt/airflow/dags/pipeline_completo.py
[2025-12-07T18:25:10.141+0000] {processor.py:830} INFO - Processing file /opt/airflow/dags/pipeline_completo.py for tasks to queue
[2025-12-07T18:25:10.145+0000] {logging_mixin.py:188} INFO - [2025-12-07T18:25:10.144+0000] {dagbag.py:545} INFO - Filling up the DagBag from /opt/airflow/dags/pipeline_completo.py
[2025-12-07T18:25:10.191+0000] {processor.py:840} INFO - DAG(s) 'flujo_etl_completo' retrieved from /opt/airflow/dags/pipeline_completo.py
[2025-12-07T18:25:10.240+0000] {logging_mixin.py:188} INFO - [2025-12-07T18:25:10.239+0000] {dag.py:3096} INFO - Sync 1 DAGs
[2025-12-07T18:25:10.283+0000] {logging_mixin.py:188} INFO - [2025-12-07T18:25:10.283+0000] {dag.py:3954} INFO - Setting next_dagrun for flujo_etl_completo to 2025-12-07 18:00:00+00:00, run_after=2025-12-07 19:00:00+00:00
[2025-12-07T18:25:10.319+0000] {processor.py:183} INFO - Processing /opt/airflow/dags/pipeline_completo.py took 0.189 seconds
[2025-12-07T18:25:40.579+0000] {processor.py:161} INFO - Started process (PID=294) to work on /opt/airflow/dags/pipeline_completo.py
[2025-12-07T18:25:40.581+0000] {processor.py:830} INFO - Processing file /opt/airflow/dags/pipeline_completo.py for tasks to queue
[2025-12-07T18:25:40.584+0000] {logging_mixin.py:188} INFO - [2025-12-07T18:25:40.584+0000] {dagbag.py:545} INFO - Filling up the DagBag from /opt/airflow/dags/pipeline_completo.py
[2025-12-07T18:25:40.638+0000] {processor.py:840} INFO - DAG(s) 'flujo_etl_completo' retrieved from /opt/airflow/dags/pipeline_completo.py
[2025-12-07T18:25:40.679+0000] {logging_mixin.py:188} INFO - [2025-12-07T18:25:40.679+0000] {dag.py:3096} INFO - Sync 1 DAGs
[2025-12-07T18:25:40.719+0000] {logging_mixin.py:188} INFO - [2025-12-07T18:25:40.719+0000] {dag.py:3954} INFO - Setting next_dagrun for flujo_etl_completo to 2025-12-07 18:00:00+00:00, run_after=2025-12-07 19:00:00+00:00
[2025-12-07T18:25:41.358+0000] {processor.py:183} INFO - Processing /opt/airflow/dags/pipeline_completo.py took 0.787 seconds
[2025-12-07T18:26:11.821+0000] {processor.py:161} INFO - Started process (PID=299) to work on /opt/airflow/dags/pipeline_completo.py
[2025-12-07T18:26:11.823+0000] {processor.py:830} INFO - Processing file /opt/airflow/dags/pipeline_completo.py for tasks to queue
[2025-12-07T18:26:11.825+0000] {logging_mixin.py:188} INFO - [2025-12-07T18:26:11.825+0000] {dagbag.py:545} INFO - Filling up the DagBag from /opt/airflow/dags/pipeline_completo.py
[2025-12-07T18:26:11.864+0000] {processor.py:840} INFO - DAG(s) 'flujo_etl_completo' retrieved from /opt/airflow/dags/pipeline_completo.py
[2025-12-07T18:26:11.894+0000] {logging_mixin.py:188} INFO - [2025-12-07T18:26:11.893+0000] {dag.py:3096} INFO - Sync 1 DAGs
[2025-12-07T18:26:11.918+0000] {logging_mixin.py:188} INFO - [2025-12-07T18:26:11.918+0000] {dag.py:3954} INFO - Setting next_dagrun for flujo_etl_completo to 2025-12-07 18:00:00+00:00, run_after=2025-12-07 19:00:00+00:00
[2025-12-07T18:26:11.955+0000] {processor.py:183} INFO - Processing /opt/airflow/dags/pipeline_completo.py took 0.139 seconds
[2025-12-07T18:26:42.356+0000] {processor.py:161} INFO - Started process (PID=304) to work on /opt/airflow/dags/pipeline_completo.py
[2025-12-07T18:26:42.358+0000] {processor.py:830} INFO - Processing file /opt/airflow/dags/pipeline_completo.py for tasks to queue
[2025-12-07T18:26:42.361+0000] {logging_mixin.py:188} INFO - [2025-12-07T18:26:42.360+0000] {dagbag.py:545} INFO - Filling up the DagBag from /opt/airflow/dags/pipeline_completo.py
[2025-12-07T18:26:42.409+0000] {processor.py:840} INFO - DAG(s) 'flujo_etl_completo' retrieved from /opt/airflow/dags/pipeline_completo.py
[2025-12-07T18:26:42.441+0000] {logging_mixin.py:188} INFO - [2025-12-07T18:26:42.441+0000] {dag.py:3096} INFO - Sync 1 DAGs
[2025-12-07T18:26:42.468+0000] {logging_mixin.py:188} INFO - [2025-12-07T18:26:42.468+0000] {dag.py:3954} INFO - Setting next_dagrun for flujo_etl_completo to 2025-12-07 18:00:00+00:00, run_after=2025-12-07 19:00:00+00:00
[2025-12-07T18:26:42.493+0000] {processor.py:183} INFO - Processing /opt/airflow/dags/pipeline_completo.py took 0.145 seconds
[2025-12-07T18:27:12.724+0000] {processor.py:161} INFO - Started process (PID=309) to work on /opt/airflow/dags/pipeline_completo.py
[2025-12-07T18:27:12.726+0000] {processor.py:830} INFO - Processing file /opt/airflow/dags/pipeline_completo.py for tasks to queue
[2025-12-07T18:27:12.730+0000] {logging_mixin.py:188} INFO - [2025-12-07T18:27:12.730+0000] {dagbag.py:545} INFO - Filling up the DagBag from /opt/airflow/dags/pipeline_completo.py
[2025-12-07T18:27:12.794+0000] {processor.py:840} INFO - DAG(s) 'flujo_etl_completo' retrieved from /opt/airflow/dags/pipeline_completo.py
[2025-12-07T18:27:12.849+0000] {logging_mixin.py:188} INFO - [2025-12-07T18:27:12.849+0000] {dag.py:3096} INFO - Sync 1 DAGs
[2025-12-07T18:27:12.888+0000] {logging_mixin.py:188} INFO - [2025-12-07T18:27:12.888+0000] {dag.py:3954} INFO - Setting next_dagrun for flujo_etl_completo to 2025-12-07 18:00:00+00:00, run_after=2025-12-07 19:00:00+00:00
[2025-12-07T18:27:13.017+0000] {processor.py:183} INFO - Processing /opt/airflow/dags/pipeline_completo.py took 0.311 seconds
[2025-12-07T18:27:43.181+0000] {processor.py:161} INFO - Started process (PID=314) to work on /opt/airflow/dags/pipeline_completo.py
[2025-12-07T18:27:43.183+0000] {processor.py:830} INFO - Processing file /opt/airflow/dags/pipeline_completo.py for tasks to queue
[2025-12-07T18:27:43.186+0000] {logging_mixin.py:188} INFO - [2025-12-07T18:27:43.185+0000] {dagbag.py:545} INFO - Filling up the DagBag from /opt/airflow/dags/pipeline_completo.py
[2025-12-07T18:27:43.224+0000] {processor.py:840} INFO - DAG(s) 'flujo_etl_completo' retrieved from /opt/airflow/dags/pipeline_completo.py
[2025-12-07T18:27:43.262+0000] {logging_mixin.py:188} INFO - [2025-12-07T18:27:43.261+0000] {dag.py:3096} INFO - Sync 1 DAGs
[2025-12-07T18:27:43.289+0000] {logging_mixin.py:188} INFO - [2025-12-07T18:27:43.289+0000] {dag.py:3954} INFO - Setting next_dagrun for flujo_etl_completo to 2025-12-07 18:00:00+00:00, run_after=2025-12-07 19:00:00+00:00
[2025-12-07T18:27:43.321+0000] {processor.py:183} INFO - Processing /opt/airflow/dags/pipeline_completo.py took 0.147 seconds
[2025-12-07T18:28:13.524+0000] {processor.py:161} INFO - Started process (PID=319) to work on /opt/airflow/dags/pipeline_completo.py
[2025-12-07T18:28:13.526+0000] {processor.py:830} INFO - Processing file /opt/airflow/dags/pipeline_completo.py for tasks to queue
[2025-12-07T18:28:13.530+0000] {logging_mixin.py:188} INFO - [2025-12-07T18:28:13.530+0000] {dagbag.py:545} INFO - Filling up the DagBag from /opt/airflow/dags/pipeline_completo.py
[2025-12-07T18:28:13.572+0000] {processor.py:840} INFO - DAG(s) 'flujo_etl_completo' retrieved from /opt/airflow/dags/pipeline_completo.py
[2025-12-07T18:28:13.614+0000] {logging_mixin.py:188} INFO - [2025-12-07T18:28:13.613+0000] {dag.py:3096} INFO - Sync 1 DAGs
[2025-12-07T18:28:13.650+0000] {logging_mixin.py:188} INFO - [2025-12-07T18:28:13.649+0000] {dag.py:3954} INFO - Setting next_dagrun for flujo_etl_completo to 2025-12-07 18:00:00+00:00, run_after=2025-12-07 19:00:00+00:00
[2025-12-07T18:28:13.691+0000] {processor.py:183} INFO - Processing /opt/airflow/dags/pipeline_completo.py took 0.176 seconds
[2025-12-07T18:28:44.457+0000] {processor.py:161} INFO - Started process (PID=324) to work on /opt/airflow/dags/pipeline_completo.py
[2025-12-07T18:28:44.460+0000] {processor.py:830} INFO - Processing file /opt/airflow/dags/pipeline_completo.py for tasks to queue
[2025-12-07T18:28:44.464+0000] {logging_mixin.py:188} INFO - [2025-12-07T18:28:44.463+0000] {dagbag.py:545} INFO - Filling up the DagBag from /opt/airflow/dags/pipeline_completo.py
[2025-12-07T18:28:44.578+0000] {processor.py:840} INFO - DAG(s) 'flujo_etl_completo' retrieved from /opt/airflow/dags/pipeline_completo.py
[2025-12-07T18:28:44.715+0000] {logging_mixin.py:188} INFO - [2025-12-07T18:28:44.714+0000] {dag.py:3096} INFO - Sync 1 DAGs
[2025-12-07T18:28:44.849+0000] {logging_mixin.py:188} INFO - [2025-12-07T18:28:44.849+0000] {dag.py:3954} INFO - Setting next_dagrun for flujo_etl_completo to 2025-12-07 18:00:00+00:00, run_after=2025-12-07 19:00:00+00:00
[2025-12-07T18:28:44.921+0000] {processor.py:183} INFO - Processing /opt/airflow/dags/pipeline_completo.py took 0.479 seconds
[2025-12-07T18:29:15.417+0000] {processor.py:161} INFO - Started process (PID=329) to work on /opt/airflow/dags/pipeline_completo.py
[2025-12-07T18:29:15.419+0000] {processor.py:830} INFO - Processing file /opt/airflow/dags/pipeline_completo.py for tasks to queue
[2025-12-07T18:29:15.423+0000] {logging_mixin.py:188} INFO - [2025-12-07T18:29:15.422+0000] {dagbag.py:545} INFO - Filling up the DagBag from /opt/airflow/dags/pipeline_completo.py
[2025-12-07T18:29:15.489+0000] {processor.py:840} INFO - DAG(s) 'flujo_etl_completo' retrieved from /opt/airflow/dags/pipeline_completo.py
[2025-12-07T18:29:15.544+0000] {logging_mixin.py:188} INFO - [2025-12-07T18:29:15.543+0000] {dag.py:3096} INFO - Sync 1 DAGs
[2025-12-07T18:29:15.598+0000] {logging_mixin.py:188} INFO - [2025-12-07T18:29:15.598+0000] {dag.py:3954} INFO - Setting next_dagrun for flujo_etl_completo to 2025-12-07 18:00:00+00:00, run_after=2025-12-07 19:00:00+00:00
[2025-12-07T18:29:15.649+0000] {processor.py:183} INFO - Processing /opt/airflow/dags/pipeline_completo.py took 0.243 seconds
[2025-12-07T18:29:46.787+0000] {processor.py:161} INFO - Started process (PID=334) to work on /opt/airflow/dags/pipeline_completo.py
[2025-12-07T18:29:46.807+0000] {processor.py:830} INFO - Processing file /opt/airflow/dags/pipeline_completo.py for tasks to queue
[2025-12-07T18:29:46.822+0000] {logging_mixin.py:188} INFO - [2025-12-07T18:29:46.822+0000] {dagbag.py:545} INFO - Filling up the DagBag from /opt/airflow/dags/pipeline_completo.py
[2025-12-07T18:29:47.209+0000] {processor.py:840} INFO - DAG(s) 'flujo_etl_completo' retrieved from /opt/airflow/dags/pipeline_completo.py
[2025-12-07T18:29:47.260+0000] {logging_mixin.py:188} INFO - [2025-12-07T18:29:47.259+0000] {dag.py:3096} INFO - Sync 1 DAGs
[2025-12-07T18:29:47.302+0000] {logging_mixin.py:188} INFO - [2025-12-07T18:29:47.302+0000] {dag.py:3954} INFO - Setting next_dagrun for flujo_etl_completo to 2025-12-07 18:00:00+00:00, run_after=2025-12-07 19:00:00+00:00
[2025-12-07T18:29:47.338+0000] {processor.py:183} INFO - Processing /opt/airflow/dags/pipeline_completo.py took 0.561 seconds
[2025-12-07T18:30:16.418+0000] {processor.py:161} INFO - Started process (PID=339) to work on /opt/airflow/dags/pipeline_completo.py
[2025-12-07T18:30:16.422+0000] {processor.py:830} INFO - Processing file /opt/airflow/dags/pipeline_completo.py for tasks to queue
[2025-12-07T18:30:16.428+0000] {logging_mixin.py:188} INFO - [2025-12-07T18:30:16.427+0000] {dagbag.py:545} INFO - Filling up the DagBag from /opt/airflow/dags/pipeline_completo.py
[2025-12-07T18:30:16.703+0000] {logging_mixin.py:188} INFO - [2025-12-07T18:30:16.692+0000] {templater.py:93} ERROR - Failed to resolve template field 'command'
Traceback (most recent call last):
  File "/home/airflow/.local/lib/python3.12/site-packages/airflow/template/templater.py", line 91, in resolve_template_files
    setattr(self, field, env.loader.get_source(env, content)[0])  # type: ignore
                         ^^^^^^^^^^^^^^^^^^^^^^^^^^^^^^^^^^^
  File "/home/airflow/.local/lib/python3.12/site-packages/jinja2/loaders.py", line 204, in get_source
    raise TemplateNotFound(template)
jinja2.exceptions.TemplateNotFound: ./ejecutar.sh
[2025-12-07T18:30:16.723+0000] {processor.py:840} INFO - DAG(s) 'flujo_etl_completo' retrieved from /opt/airflow/dags/pipeline_completo.py
[2025-12-07T18:30:17.851+0000] {logging_mixin.py:188} INFO - [2025-12-07T18:30:17.850+0000] {dag.py:3096} INFO - Sync 1 DAGs
[2025-12-07T18:30:17.898+0000] {logging_mixin.py:188} INFO - [2025-12-07T18:30:17.897+0000] {dag.py:3954} INFO - Setting next_dagrun for flujo_etl_completo to 2025-12-07 18:00:00+00:00, run_after=2025-12-07 19:00:00+00:00
[2025-12-07T18:30:18.060+0000] {processor.py:183} INFO - Processing /opt/airflow/dags/pipeline_completo.py took 1.662 seconds
[2025-12-07T18:30:48.756+0000] {processor.py:161} INFO - Started process (PID=344) to work on /opt/airflow/dags/pipeline_completo.py
[2025-12-07T18:30:48.759+0000] {processor.py:830} INFO - Processing file /opt/airflow/dags/pipeline_completo.py for tasks to queue
[2025-12-07T18:30:48.761+0000] {logging_mixin.py:188} INFO - [2025-12-07T18:30:48.761+0000] {dagbag.py:545} INFO - Filling up the DagBag from /opt/airflow/dags/pipeline_completo.py
[2025-12-07T18:30:48.844+0000] {logging_mixin.py:188} INFO - [2025-12-07T18:30:48.843+0000] {templater.py:93} ERROR - Failed to resolve template field 'command'
Traceback (most recent call last):
  File "/home/airflow/.local/lib/python3.12/site-packages/airflow/template/templater.py", line 91, in resolve_template_files
    setattr(self, field, env.loader.get_source(env, content)[0])  # type: ignore
                         ^^^^^^^^^^^^^^^^^^^^^^^^^^^^^^^^^^^
  File "/home/airflow/.local/lib/python3.12/site-packages/jinja2/loaders.py", line 204, in get_source
    raise TemplateNotFound(template)
jinja2.exceptions.TemplateNotFound: ./ejecutar.sh
[2025-12-07T18:30:48.853+0000] {processor.py:840} INFO - DAG(s) 'flujo_etl_completo' retrieved from /opt/airflow/dags/pipeline_completo.py
[2025-12-07T18:30:48.898+0000] {logging_mixin.py:188} INFO - [2025-12-07T18:30:48.898+0000] {dag.py:3096} INFO - Sync 1 DAGs
[2025-12-07T18:30:48.943+0000] {logging_mixin.py:188} INFO - [2025-12-07T18:30:48.943+0000] {dag.py:3954} INFO - Setting next_dagrun for flujo_etl_completo to 2025-12-07 18:00:00+00:00, run_after=2025-12-07 19:00:00+00:00
[2025-12-07T18:30:49.001+0000] {processor.py:183} INFO - Processing /opt/airflow/dags/pipeline_completo.py took 0.252 seconds
[2025-12-07T18:31:19.593+0000] {processor.py:161} INFO - Started process (PID=349) to work on /opt/airflow/dags/pipeline_completo.py
[2025-12-07T18:31:19.598+0000] {processor.py:830} INFO - Processing file /opt/airflow/dags/pipeline_completo.py for tasks to queue
[2025-12-07T18:31:19.603+0000] {logging_mixin.py:188} INFO - [2025-12-07T18:31:19.602+0000] {dagbag.py:545} INFO - Filling up the DagBag from /opt/airflow/dags/pipeline_completo.py
[2025-12-07T18:31:19.681+0000] {logging_mixin.py:188} INFO - [2025-12-07T18:31:19.679+0000] {templater.py:93} ERROR - Failed to resolve template field 'command'
Traceback (most recent call last):
  File "/home/airflow/.local/lib/python3.12/site-packages/airflow/template/templater.py", line 91, in resolve_template_files
    setattr(self, field, env.loader.get_source(env, content)[0])  # type: ignore
                         ^^^^^^^^^^^^^^^^^^^^^^^^^^^^^^^^^^^
  File "/home/airflow/.local/lib/python3.12/site-packages/jinja2/loaders.py", line 204, in get_source
    raise TemplateNotFound(template)
jinja2.exceptions.TemplateNotFound: ./ejecutar.sh
[2025-12-07T18:31:19.691+0000] {processor.py:840} INFO - DAG(s) 'flujo_etl_completo' retrieved from /opt/airflow/dags/pipeline_completo.py
[2025-12-07T18:31:19.738+0000] {logging_mixin.py:188} INFO - [2025-12-07T18:31:19.737+0000] {dag.py:3096} INFO - Sync 1 DAGs
[2025-12-07T18:31:19.783+0000] {logging_mixin.py:188} INFO - [2025-12-07T18:31:19.783+0000] {dag.py:3954} INFO - Setting next_dagrun for flujo_etl_completo to 2025-12-07 18:00:00+00:00, run_after=2025-12-07 19:00:00+00:00
[2025-12-07T18:31:19.829+0000] {processor.py:183} INFO - Processing /opt/airflow/dags/pipeline_completo.py took 0.247 seconds
[2025-12-07T18:31:50.256+0000] {processor.py:161} INFO - Started process (PID=354) to work on /opt/airflow/dags/pipeline_completo.py
[2025-12-07T18:31:50.259+0000] {processor.py:830} INFO - Processing file /opt/airflow/dags/pipeline_completo.py for tasks to queue
[2025-12-07T18:31:50.264+0000] {logging_mixin.py:188} INFO - [2025-12-07T18:31:50.263+0000] {dagbag.py:545} INFO - Filling up the DagBag from /opt/airflow/dags/pipeline_completo.py
[2025-12-07T18:31:50.346+0000] {logging_mixin.py:188} INFO - [2025-12-07T18:31:50.339+0000] {templater.py:93} ERROR - Failed to resolve template field 'command'
Traceback (most recent call last):
  File "/home/airflow/.local/lib/python3.12/site-packages/airflow/template/templater.py", line 91, in resolve_template_files
    setattr(self, field, env.loader.get_source(env, content)[0])  # type: ignore
                         ^^^^^^^^^^^^^^^^^^^^^^^^^^^^^^^^^^^
  File "/home/airflow/.local/lib/python3.12/site-packages/jinja2/loaders.py", line 204, in get_source
    raise TemplateNotFound(template)
jinja2.exceptions.TemplateNotFound: ./ejecutar.sh
[2025-12-07T18:31:50.358+0000] {processor.py:840} INFO - DAG(s) 'flujo_etl_completo' retrieved from /opt/airflow/dags/pipeline_completo.py
[2025-12-07T18:31:50.452+0000] {logging_mixin.py:188} INFO - [2025-12-07T18:31:50.452+0000] {dag.py:3096} INFO - Sync 1 DAGs
[2025-12-07T18:31:50.541+0000] {logging_mixin.py:188} INFO - [2025-12-07T18:31:50.541+0000] {dag.py:3954} INFO - Setting next_dagrun for flujo_etl_completo to 2025-12-07 18:00:00+00:00, run_after=2025-12-07 19:00:00+00:00
[2025-12-07T18:31:50.597+0000] {processor.py:183} INFO - Processing /opt/airflow/dags/pipeline_completo.py took 0.360 seconds
[2025-12-07T18:32:21.028+0000] {processor.py:161} INFO - Started process (PID=359) to work on /opt/airflow/dags/pipeline_completo.py
[2025-12-07T18:32:21.031+0000] {processor.py:830} INFO - Processing file /opt/airflow/dags/pipeline_completo.py for tasks to queue
[2025-12-07T18:32:21.035+0000] {logging_mixin.py:188} INFO - [2025-12-07T18:32:21.034+0000] {dagbag.py:545} INFO - Filling up the DagBag from /opt/airflow/dags/pipeline_completo.py
[2025-12-07T18:32:21.115+0000] {logging_mixin.py:188} INFO - [2025-12-07T18:32:21.113+0000] {templater.py:93} ERROR - Failed to resolve template field 'command'
Traceback (most recent call last):
  File "/home/airflow/.local/lib/python3.12/site-packages/airflow/template/templater.py", line 91, in resolve_template_files
    setattr(self, field, env.loader.get_source(env, content)[0])  # type: ignore
                         ^^^^^^^^^^^^^^^^^^^^^^^^^^^^^^^^^^^
  File "/home/airflow/.local/lib/python3.12/site-packages/jinja2/loaders.py", line 204, in get_source
    raise TemplateNotFound(template)
jinja2.exceptions.TemplateNotFound: ./ejecutar.sh
[2025-12-07T18:32:21.127+0000] {processor.py:840} INFO - DAG(s) 'flujo_etl_completo' retrieved from /opt/airflow/dags/pipeline_completo.py
[2025-12-07T18:32:21.193+0000] {logging_mixin.py:188} INFO - [2025-12-07T18:32:21.193+0000] {dag.py:3096} INFO - Sync 1 DAGs
[2025-12-07T18:32:21.258+0000] {logging_mixin.py:188} INFO - [2025-12-07T18:32:21.258+0000] {dag.py:3954} INFO - Setting next_dagrun for flujo_etl_completo to 2025-12-07 18:00:00+00:00, run_after=2025-12-07 19:00:00+00:00
[2025-12-07T18:32:21.320+0000] {processor.py:183} INFO - Processing /opt/airflow/dags/pipeline_completo.py took 0.306 seconds
[2025-12-07T18:32:51.749+0000] {processor.py:161} INFO - Started process (PID=364) to work on /opt/airflow/dags/pipeline_completo.py
[2025-12-07T18:32:51.751+0000] {processor.py:830} INFO - Processing file /opt/airflow/dags/pipeline_completo.py for tasks to queue
[2025-12-07T18:32:51.754+0000] {logging_mixin.py:188} INFO - [2025-12-07T18:32:51.754+0000] {dagbag.py:545} INFO - Filling up the DagBag from /opt/airflow/dags/pipeline_completo.py
[2025-12-07T18:32:51.803+0000] {logging_mixin.py:188} INFO - [2025-12-07T18:32:51.800+0000] {templater.py:93} ERROR - Failed to resolve template field 'command'
Traceback (most recent call last):
  File "/home/airflow/.local/lib/python3.12/site-packages/airflow/template/templater.py", line 91, in resolve_template_files
    setattr(self, field, env.loader.get_source(env, content)[0])  # type: ignore
                         ^^^^^^^^^^^^^^^^^^^^^^^^^^^^^^^^^^^
  File "/home/airflow/.local/lib/python3.12/site-packages/jinja2/loaders.py", line 204, in get_source
    raise TemplateNotFound(template)
jinja2.exceptions.TemplateNotFound: ./ejecutar.sh
[2025-12-07T18:32:51.811+0000] {processor.py:840} INFO - DAG(s) 'flujo_etl_completo' retrieved from /opt/airflow/dags/pipeline_completo.py
[2025-12-07T18:32:51.854+0000] {logging_mixin.py:188} INFO - [2025-12-07T18:32:51.853+0000] {dag.py:3096} INFO - Sync 1 DAGs
[2025-12-07T18:32:51.895+0000] {logging_mixin.py:188} INFO - [2025-12-07T18:32:51.894+0000] {dag.py:3954} INFO - Setting next_dagrun for flujo_etl_completo to 2025-12-07 18:00:00+00:00, run_after=2025-12-07 19:00:00+00:00
[2025-12-07T18:32:51.932+0000] {processor.py:183} INFO - Processing /opt/airflow/dags/pipeline_completo.py took 0.200 seconds
[2025-12-07T18:33:22.014+0000] {processor.py:161} INFO - Started process (PID=369) to work on /opt/airflow/dags/pipeline_completo.py
[2025-12-07T18:33:22.021+0000] {processor.py:830} INFO - Processing file /opt/airflow/dags/pipeline_completo.py for tasks to queue
[2025-12-07T18:33:22.025+0000] {logging_mixin.py:188} INFO - [2025-12-07T18:33:22.025+0000] {dagbag.py:545} INFO - Filling up the DagBag from /opt/airflow/dags/pipeline_completo.py
[2025-12-07T18:33:22.085+0000] {logging_mixin.py:188} INFO - [2025-12-07T18:33:22.084+0000] {templater.py:93} ERROR - Failed to resolve template field 'command'
Traceback (most recent call last):
  File "/home/airflow/.local/lib/python3.12/site-packages/airflow/template/templater.py", line 91, in resolve_template_files
    setattr(self, field, env.loader.get_source(env, content)[0])  # type: ignore
                         ^^^^^^^^^^^^^^^^^^^^^^^^^^^^^^^^^^^
  File "/home/airflow/.local/lib/python3.12/site-packages/jinja2/loaders.py", line 204, in get_source
    raise TemplateNotFound(template)
jinja2.exceptions.TemplateNotFound: ./ejecutar.sh
[2025-12-07T18:33:22.093+0000] {processor.py:840} INFO - DAG(s) 'flujo_etl_completo' retrieved from /opt/airflow/dags/pipeline_completo.py
[2025-12-07T18:33:22.127+0000] {logging_mixin.py:188} INFO - [2025-12-07T18:33:22.127+0000] {dag.py:3096} INFO - Sync 1 DAGs
[2025-12-07T18:33:22.158+0000] {logging_mixin.py:188} INFO - [2025-12-07T18:33:22.158+0000] {dag.py:3954} INFO - Setting next_dagrun for flujo_etl_completo to 2025-12-07 18:00:00+00:00, run_after=2025-12-07 19:00:00+00:00
[2025-12-07T18:33:22.195+0000] {processor.py:183} INFO - Processing /opt/airflow/dags/pipeline_completo.py took 0.189 seconds
[2025-12-07T18:33:52.425+0000] {processor.py:161} INFO - Started process (PID=374) to work on /opt/airflow/dags/pipeline_completo.py
[2025-12-07T18:33:52.426+0000] {processor.py:830} INFO - Processing file /opt/airflow/dags/pipeline_completo.py for tasks to queue
[2025-12-07T18:33:52.429+0000] {logging_mixin.py:188} INFO - [2025-12-07T18:33:52.429+0000] {dagbag.py:545} INFO - Filling up the DagBag from /opt/airflow/dags/pipeline_completo.py
[2025-12-07T18:33:52.466+0000] {logging_mixin.py:188} INFO - [2025-12-07T18:33:52.465+0000] {templater.py:93} ERROR - Failed to resolve template field 'command'
Traceback (most recent call last):
  File "/home/airflow/.local/lib/python3.12/site-packages/airflow/template/templater.py", line 91, in resolve_template_files
    setattr(self, field, env.loader.get_source(env, content)[0])  # type: ignore
                         ^^^^^^^^^^^^^^^^^^^^^^^^^^^^^^^^^^^
  File "/home/airflow/.local/lib/python3.12/site-packages/jinja2/loaders.py", line 204, in get_source
    raise TemplateNotFound(template)
jinja2.exceptions.TemplateNotFound: ./ejecutar.sh
[2025-12-07T18:33:52.472+0000] {processor.py:840} INFO - DAG(s) 'flujo_etl_completo' retrieved from /opt/airflow/dags/pipeline_completo.py
[2025-12-07T18:33:52.505+0000] {logging_mixin.py:188} INFO - [2025-12-07T18:33:52.505+0000] {dag.py:3096} INFO - Sync 1 DAGs
[2025-12-07T18:33:52.536+0000] {logging_mixin.py:188} INFO - [2025-12-07T18:33:52.536+0000] {dag.py:3954} INFO - Setting next_dagrun for flujo_etl_completo to 2025-12-07 18:00:00+00:00, run_after=2025-12-07 19:00:00+00:00
[2025-12-07T18:33:52.564+0000] {processor.py:183} INFO - Processing /opt/airflow/dags/pipeline_completo.py took 0.147 seconds
[2025-12-07T18:34:23.181+0000] {processor.py:161} INFO - Started process (PID=380) to work on /opt/airflow/dags/pipeline_completo.py
[2025-12-07T18:34:23.195+0000] {processor.py:830} INFO - Processing file /opt/airflow/dags/pipeline_completo.py for tasks to queue
[2025-12-07T18:34:23.208+0000] {logging_mixin.py:188} INFO - [2025-12-07T18:34:23.206+0000] {dagbag.py:545} INFO - Filling up the DagBag from /opt/airflow/dags/pipeline_completo.py
[2025-12-07T18:38:37.516+0000] {processor.py:161} INFO - Started process (PID=168) to work on /opt/airflow/dags/pipeline_completo.py
[2025-12-07T18:38:37.517+0000] {processor.py:830} INFO - Processing file /opt/airflow/dags/pipeline_completo.py for tasks to queue
[2025-12-07T18:38:37.519+0000] {logging_mixin.py:188} INFO - [2025-12-07T18:38:37.519+0000] {dagbag.py:545} INFO - Filling up the DagBag from /opt/airflow/dags/pipeline_completo.py
[2025-12-07T18:38:37.555+0000] {logging_mixin.py:188} INFO - [2025-12-07T18:38:37.554+0000] {templater.py:93} ERROR - Failed to resolve template field 'command'
Traceback (most recent call last):
  File "/home/airflow/.local/lib/python3.12/site-packages/airflow/template/templater.py", line 91, in resolve_template_files
    setattr(self, field, env.loader.get_source(env, content)[0])  # type: ignore
                         ^^^^^^^^^^^^^^^^^^^^^^^^^^^^^^^^^^^
  File "/home/airflow/.local/lib/python3.12/site-packages/jinja2/loaders.py", line 204, in get_source
    raise TemplateNotFound(template)
jinja2.exceptions.TemplateNotFound: ./ejecutar.sh
[2025-12-07T18:38:37.564+0000] {processor.py:840} INFO - DAG(s) 'flujo_etl_completo' retrieved from /opt/airflow/dags/pipeline_completo.py
[2025-12-07T18:38:37.755+0000] {logging_mixin.py:188} INFO - [2025-12-07T18:38:37.754+0000] {override.py:1829} INFO - Created Permission View: can read on DAG:flujo_etl_completo
[2025-12-07T18:38:37.763+0000] {logging_mixin.py:188} INFO - [2025-12-07T18:38:37.763+0000] {override.py:1829} INFO - Created Permission View: can delete on DAG:flujo_etl_completo
[2025-12-07T18:38:37.769+0000] {logging_mixin.py:188} INFO - [2025-12-07T18:38:37.768+0000] {override.py:1829} INFO - Created Permission View: can edit on DAG:flujo_etl_completo
[2025-12-07T18:38:37.769+0000] {logging_mixin.py:188} INFO - [2025-12-07T18:38:37.769+0000] {dag.py:3096} INFO - Sync 1 DAGs
[2025-12-07T18:38:37.779+0000] {logging_mixin.py:188} INFO - [2025-12-07T18:38:37.778+0000] {dag.py:3118} INFO - Creating ORM DAG for flujo_etl_completo
[2025-12-07T18:38:37.795+0000] {logging_mixin.py:188} INFO - [2025-12-07T18:38:37.795+0000] {dag.py:3954} INFO - Setting next_dagrun for flujo_etl_completo to 2025-12-07 17:00:00+00:00, run_after=2025-12-07 18:00:00+00:00
[2025-12-07T18:38:37.826+0000] {processor.py:183} INFO - Processing /opt/airflow/dags/pipeline_completo.py took 0.314 seconds
[2025-12-07T18:39:08.183+0000] {processor.py:161} INFO - Started process (PID=173) to work on /opt/airflow/dags/pipeline_completo.py
[2025-12-07T18:39:08.184+0000] {processor.py:830} INFO - Processing file /opt/airflow/dags/pipeline_completo.py for tasks to queue
[2025-12-07T18:39:08.185+0000] {logging_mixin.py:188} INFO - [2025-12-07T18:39:08.185+0000] {dagbag.py:545} INFO - Filling up the DagBag from /opt/airflow/dags/pipeline_completo.py
[2025-12-07T18:39:08.214+0000] {logging_mixin.py:188} INFO - [2025-12-07T18:39:08.213+0000] {templater.py:93} ERROR - Failed to resolve template field 'command'
Traceback (most recent call last):
  File "/home/airflow/.local/lib/python3.12/site-packages/airflow/template/templater.py", line 91, in resolve_template_files
    setattr(self, field, env.loader.get_source(env, content)[0])  # type: ignore
                         ^^^^^^^^^^^^^^^^^^^^^^^^^^^^^^^^^^^
  File "/home/airflow/.local/lib/python3.12/site-packages/jinja2/loaders.py", line 204, in get_source
    raise TemplateNotFound(template)
jinja2.exceptions.TemplateNotFound: ./ejecutar.sh
[2025-12-07T18:39:08.217+0000] {processor.py:840} INFO - DAG(s) 'flujo_etl_completo' retrieved from /opt/airflow/dags/pipeline_completo.py
[2025-12-07T18:39:08.241+0000] {logging_mixin.py:188} INFO - [2025-12-07T18:39:08.241+0000] {dag.py:3096} INFO - Sync 1 DAGs
[2025-12-07T18:39:08.260+0000] {logging_mixin.py:188} INFO - [2025-12-07T18:39:08.260+0000] {dag.py:3954} INFO - Setting next_dagrun for flujo_etl_completo to 2025-12-07 17:00:00+00:00, run_after=2025-12-07 18:00:00+00:00
[2025-12-07T18:39:08.277+0000] {processor.py:183} INFO - Processing /opt/airflow/dags/pipeline_completo.py took 0.099 seconds
[2025-12-07T18:39:38.460+0000] {processor.py:161} INFO - Started process (PID=186) to work on /opt/airflow/dags/pipeline_completo.py
[2025-12-07T18:39:38.461+0000] {processor.py:830} INFO - Processing file /opt/airflow/dags/pipeline_completo.py for tasks to queue
[2025-12-07T18:39:38.464+0000] {logging_mixin.py:188} INFO - [2025-12-07T18:39:38.464+0000] {dagbag.py:545} INFO - Filling up the DagBag from /opt/airflow/dags/pipeline_completo.py
[2025-12-07T18:39:38.498+0000] {logging_mixin.py:188} INFO - [2025-12-07T18:39:38.497+0000] {templater.py:93} ERROR - Failed to resolve template field 'command'
Traceback (most recent call last):
  File "/home/airflow/.local/lib/python3.12/site-packages/airflow/template/templater.py", line 91, in resolve_template_files
    setattr(self, field, env.loader.get_source(env, content)[0])  # type: ignore
                         ^^^^^^^^^^^^^^^^^^^^^^^^^^^^^^^^^^^
  File "/home/airflow/.local/lib/python3.12/site-packages/jinja2/loaders.py", line 204, in get_source
    raise TemplateNotFound(template)
jinja2.exceptions.TemplateNotFound: ./ejecutar.sh
[2025-12-07T18:39:38.503+0000] {processor.py:840} INFO - DAG(s) 'flujo_etl_completo' retrieved from /opt/airflow/dags/pipeline_completo.py
[2025-12-07T18:39:38.530+0000] {logging_mixin.py:188} INFO - [2025-12-07T18:39:38.530+0000] {dag.py:3096} INFO - Sync 1 DAGs
[2025-12-07T18:39:38.553+0000] {logging_mixin.py:188} INFO - [2025-12-07T18:39:38.553+0000] {dag.py:3954} INFO - Setting next_dagrun for flujo_etl_completo to 2025-12-07 18:00:00+00:00, run_after=2025-12-07 19:00:00+00:00
[2025-12-07T18:39:38.602+0000] {processor.py:183} INFO - Processing /opt/airflow/dags/pipeline_completo.py took 0.149 seconds
[2025-12-07T18:40:09.215+0000] {processor.py:161} INFO - Started process (PID=191) to work on /opt/airflow/dags/pipeline_completo.py
[2025-12-07T18:40:09.219+0000] {processor.py:830} INFO - Processing file /opt/airflow/dags/pipeline_completo.py for tasks to queue
[2025-12-07T18:40:09.225+0000] {logging_mixin.py:188} INFO - [2025-12-07T18:40:09.223+0000] {dagbag.py:545} INFO - Filling up the DagBag from /opt/airflow/dags/pipeline_completo.py
[2025-12-07T18:40:09.345+0000] {logging_mixin.py:188} INFO - [2025-12-07T18:40:09.337+0000] {templater.py:93} ERROR - Failed to resolve template field 'command'
Traceback (most recent call last):
  File "/home/airflow/.local/lib/python3.12/site-packages/airflow/template/templater.py", line 91, in resolve_template_files
    setattr(self, field, env.loader.get_source(env, content)[0])  # type: ignore
                         ^^^^^^^^^^^^^^^^^^^^^^^^^^^^^^^^^^^
  File "/home/airflow/.local/lib/python3.12/site-packages/jinja2/loaders.py", line 204, in get_source
    raise TemplateNotFound(template)
jinja2.exceptions.TemplateNotFound: ./ejecutar.sh
[2025-12-07T18:40:09.358+0000] {processor.py:840} INFO - DAG(s) 'flujo_etl_completo' retrieved from /opt/airflow/dags/pipeline_completo.py
[2025-12-07T18:40:09.457+0000] {logging_mixin.py:188} INFO - [2025-12-07T18:40:09.457+0000] {dag.py:3096} INFO - Sync 1 DAGs
[2025-12-07T18:40:09.516+0000] {logging_mixin.py:188} INFO - [2025-12-07T18:40:09.516+0000] {dag.py:3954} INFO - Setting next_dagrun for flujo_etl_completo to 2025-12-07 18:00:00+00:00, run_after=2025-12-07 19:00:00+00:00
[2025-12-07T18:40:09.546+0000] {processor.py:183} INFO - Processing /opt/airflow/dags/pipeline_completo.py took 0.339 seconds
[2025-12-07T18:40:39.908+0000] {processor.py:161} INFO - Started process (PID=196) to work on /opt/airflow/dags/pipeline_completo.py
[2025-12-07T18:40:39.910+0000] {processor.py:830} INFO - Processing file /opt/airflow/dags/pipeline_completo.py for tasks to queue
[2025-12-07T18:40:39.914+0000] {logging_mixin.py:188} INFO - [2025-12-07T18:40:39.912+0000] {dagbag.py:545} INFO - Filling up the DagBag from /opt/airflow/dags/pipeline_completo.py
[2025-12-07T18:40:39.980+0000] {logging_mixin.py:188} INFO - [2025-12-07T18:40:39.979+0000] {templater.py:93} ERROR - Failed to resolve template field 'command'
Traceback (most recent call last):
  File "/home/airflow/.local/lib/python3.12/site-packages/airflow/template/templater.py", line 91, in resolve_template_files
    setattr(self, field, env.loader.get_source(env, content)[0])  # type: ignore
                         ^^^^^^^^^^^^^^^^^^^^^^^^^^^^^^^^^^^
  File "/home/airflow/.local/lib/python3.12/site-packages/jinja2/loaders.py", line 204, in get_source
    raise TemplateNotFound(template)
jinja2.exceptions.TemplateNotFound: ./ejecutar.sh
[2025-12-07T18:40:39.993+0000] {processor.py:840} INFO - DAG(s) 'flujo_etl_completo' retrieved from /opt/airflow/dags/pipeline_completo.py
[2025-12-07T18:40:40.047+0000] {logging_mixin.py:188} INFO - [2025-12-07T18:40:40.047+0000] {dag.py:3096} INFO - Sync 1 DAGs
[2025-12-07T18:40:40.124+0000] {logging_mixin.py:188} INFO - [2025-12-07T18:40:40.124+0000] {dag.py:3954} INFO - Setting next_dagrun for flujo_etl_completo to 2025-12-07 18:00:00+00:00, run_after=2025-12-07 19:00:00+00:00
[2025-12-07T18:40:40.166+0000] {processor.py:183} INFO - Processing /opt/airflow/dags/pipeline_completo.py took 0.267 seconds
[2025-12-07T18:41:10.479+0000] {processor.py:161} INFO - Started process (PID=203) to work on /opt/airflow/dags/pipeline_completo.py
[2025-12-07T18:41:10.480+0000] {processor.py:830} INFO - Processing file /opt/airflow/dags/pipeline_completo.py for tasks to queue
[2025-12-07T18:41:10.482+0000] {logging_mixin.py:188} INFO - [2025-12-07T18:41:10.482+0000] {dagbag.py:545} INFO - Filling up the DagBag from /opt/airflow/dags/pipeline_completo.py
[2025-12-07T18:41:10.516+0000] {logging_mixin.py:188} INFO - [2025-12-07T18:41:10.515+0000] {templater.py:93} ERROR - Failed to resolve template field 'command'
Traceback (most recent call last):
  File "/home/airflow/.local/lib/python3.12/site-packages/airflow/template/templater.py", line 91, in resolve_template_files
    setattr(self, field, env.loader.get_source(env, content)[0])  # type: ignore
                         ^^^^^^^^^^^^^^^^^^^^^^^^^^^^^^^^^^^
  File "/home/airflow/.local/lib/python3.12/site-packages/jinja2/loaders.py", line 204, in get_source
    raise TemplateNotFound(template)
jinja2.exceptions.TemplateNotFound: ./ejecutar.sh
[2025-12-07T18:41:10.520+0000] {processor.py:840} INFO - DAG(s) 'flujo_etl_completo' retrieved from /opt/airflow/dags/pipeline_completo.py
[2025-12-07T18:41:10.542+0000] {logging_mixin.py:188} INFO - [2025-12-07T18:41:10.541+0000] {dag.py:3096} INFO - Sync 1 DAGs
[2025-12-07T18:41:10.560+0000] {logging_mixin.py:188} INFO - [2025-12-07T18:41:10.560+0000] {dag.py:3954} INFO - Setting next_dagrun for flujo_etl_completo to 2025-12-07 18:00:00+00:00, run_after=2025-12-07 19:00:00+00:00
[2025-12-07T18:41:10.578+0000] {processor.py:183} INFO - Processing /opt/airflow/dags/pipeline_completo.py took 0.104 seconds
[2025-12-07T18:41:40.787+0000] {processor.py:161} INFO - Started process (PID=208) to work on /opt/airflow/dags/pipeline_completo.py
[2025-12-07T18:41:40.788+0000] {processor.py:830} INFO - Processing file /opt/airflow/dags/pipeline_completo.py for tasks to queue
[2025-12-07T18:41:40.790+0000] {logging_mixin.py:188} INFO - [2025-12-07T18:41:40.790+0000] {dagbag.py:545} INFO - Filling up the DagBag from /opt/airflow/dags/pipeline_completo.py
[2025-12-07T18:41:40.812+0000] {logging_mixin.py:188} INFO - [2025-12-07T18:41:40.812+0000] {templater.py:93} ERROR - Failed to resolve template field 'command'
Traceback (most recent call last):
  File "/home/airflow/.local/lib/python3.12/site-packages/airflow/template/templater.py", line 91, in resolve_template_files
    setattr(self, field, env.loader.get_source(env, content)[0])  # type: ignore
                         ^^^^^^^^^^^^^^^^^^^^^^^^^^^^^^^^^^^
  File "/home/airflow/.local/lib/python3.12/site-packages/jinja2/loaders.py", line 204, in get_source
    raise TemplateNotFound(template)
jinja2.exceptions.TemplateNotFound: ./ejecutar.sh
[2025-12-07T18:41:40.816+0000] {processor.py:840} INFO - DAG(s) 'flujo_etl_completo' retrieved from /opt/airflow/dags/pipeline_completo.py
[2025-12-07T18:41:40.836+0000] {logging_mixin.py:188} INFO - [2025-12-07T18:41:40.836+0000] {dag.py:3096} INFO - Sync 1 DAGs
[2025-12-07T18:41:40.854+0000] {logging_mixin.py:188} INFO - [2025-12-07T18:41:40.854+0000] {dag.py:3954} INFO - Setting next_dagrun for flujo_etl_completo to 2025-12-07 18:00:00+00:00, run_after=2025-12-07 19:00:00+00:00
[2025-12-07T18:41:40.870+0000] {processor.py:183} INFO - Processing /opt/airflow/dags/pipeline_completo.py took 0.087 seconds
[2025-12-07T18:42:59.221+0000] {processor.py:161} INFO - Started process (PID=168) to work on /opt/airflow/dags/pipeline_completo.py
[2025-12-07T18:42:59.223+0000] {processor.py:830} INFO - Processing file /opt/airflow/dags/pipeline_completo.py for tasks to queue
[2025-12-07T18:42:59.225+0000] {logging_mixin.py:188} INFO - [2025-12-07T18:42:59.225+0000] {dagbag.py:545} INFO - Filling up the DagBag from /opt/airflow/dags/pipeline_completo.py
[2025-12-07T18:42:59.270+0000] {logging_mixin.py:188} INFO - [2025-12-07T18:42:59.269+0000] {templater.py:93} ERROR - Failed to resolve template field 'command'
Traceback (most recent call last):
  File "/home/airflow/.local/lib/python3.12/site-packages/airflow/template/templater.py", line 91, in resolve_template_files
    setattr(self, field, env.loader.get_source(env, content)[0])  # type: ignore
                         ^^^^^^^^^^^^^^^^^^^^^^^^^^^^^^^^^^^
  File "/home/airflow/.local/lib/python3.12/site-packages/jinja2/loaders.py", line 204, in get_source
    raise TemplateNotFound(template)
jinja2.exceptions.TemplateNotFound: ./ejecutar.sh
[2025-12-07T18:42:59.281+0000] {processor.py:840} INFO - DAG(s) 'flujo_etl_completo' retrieved from /opt/airflow/dags/pipeline_completo.py
[2025-12-07T18:42:59.562+0000] {logging_mixin.py:188} INFO - [2025-12-07T18:42:59.561+0000] {override.py:1829} INFO - Created Permission View: can delete on DAG:flujo_etl_completo
[2025-12-07T18:42:59.571+0000] {logging_mixin.py:188} INFO - [2025-12-07T18:42:59.570+0000] {override.py:1829} INFO - Created Permission View: can read on DAG:flujo_etl_completo
[2025-12-07T18:42:59.578+0000] {logging_mixin.py:188} INFO - [2025-12-07T18:42:59.578+0000] {override.py:1829} INFO - Created Permission View: can edit on DAG:flujo_etl_completo
[2025-12-07T18:42:59.579+0000] {logging_mixin.py:188} INFO - [2025-12-07T18:42:59.579+0000] {dag.py:3096} INFO - Sync 1 DAGs
[2025-12-07T18:42:59.588+0000] {logging_mixin.py:188} INFO - [2025-12-07T18:42:59.588+0000] {dag.py:3118} INFO - Creating ORM DAG for flujo_etl_completo
[2025-12-07T18:42:59.598+0000] {logging_mixin.py:188} INFO - [2025-12-07T18:42:59.597+0000] {dag.py:3954} INFO - Setting next_dagrun for flujo_etl_completo to 2025-12-07 17:00:00+00:00, run_after=2025-12-07 18:00:00+00:00
[2025-12-07T18:42:59.620+0000] {processor.py:183} INFO - Processing /opt/airflow/dags/pipeline_completo.py took 0.405 seconds
[2025-12-07T18:43:29.884+0000] {processor.py:161} INFO - Started process (PID=173) to work on /opt/airflow/dags/pipeline_completo.py
[2025-12-07T18:43:29.886+0000] {processor.py:830} INFO - Processing file /opt/airflow/dags/pipeline_completo.py for tasks to queue
[2025-12-07T18:43:29.888+0000] {logging_mixin.py:188} INFO - [2025-12-07T18:43:29.888+0000] {dagbag.py:545} INFO - Filling up the DagBag from /opt/airflow/dags/pipeline_completo.py
[2025-12-07T18:43:29.921+0000] {logging_mixin.py:188} INFO - [2025-12-07T18:43:29.920+0000] {templater.py:93} ERROR - Failed to resolve template field 'command'
Traceback (most recent call last):
  File "/home/airflow/.local/lib/python3.12/site-packages/airflow/template/templater.py", line 91, in resolve_template_files
    setattr(self, field, env.loader.get_source(env, content)[0])  # type: ignore
                         ^^^^^^^^^^^^^^^^^^^^^^^^^^^^^^^^^^^
  File "/home/airflow/.local/lib/python3.12/site-packages/jinja2/loaders.py", line 204, in get_source
    raise TemplateNotFound(template)
jinja2.exceptions.TemplateNotFound: ./ejecutar.sh
[2025-12-07T18:43:29.925+0000] {processor.py:840} INFO - DAG(s) 'flujo_etl_completo' retrieved from /opt/airflow/dags/pipeline_completo.py
[2025-12-07T18:43:29.952+0000] {logging_mixin.py:188} INFO - [2025-12-07T18:43:29.952+0000] {dag.py:3096} INFO - Sync 1 DAGs
[2025-12-07T18:43:29.974+0000] {logging_mixin.py:188} INFO - [2025-12-07T18:43:29.973+0000] {dag.py:3954} INFO - Setting next_dagrun for flujo_etl_completo to 2025-12-07 17:00:00+00:00, run_after=2025-12-07 18:00:00+00:00
[2025-12-07T18:43:30.007+0000] {processor.py:183} INFO - Processing /opt/airflow/dags/pipeline_completo.py took 0.128 seconds
[2025-12-07T18:44:00.081+0000] {processor.py:161} INFO - Started process (PID=178) to work on /opt/airflow/dags/pipeline_completo.py
[2025-12-07T18:44:00.083+0000] {processor.py:830} INFO - Processing file /opt/airflow/dags/pipeline_completo.py for tasks to queue
[2025-12-07T18:44:00.085+0000] {logging_mixin.py:188} INFO - [2025-12-07T18:44:00.084+0000] {dagbag.py:545} INFO - Filling up the DagBag from /opt/airflow/dags/pipeline_completo.py
[2025-12-07T18:44:00.115+0000] {logging_mixin.py:188} INFO - [2025-12-07T18:44:00.114+0000] {templater.py:93} ERROR - Failed to resolve template field 'command'
Traceback (most recent call last):
  File "/home/airflow/.local/lib/python3.12/site-packages/airflow/template/templater.py", line 91, in resolve_template_files
    setattr(self, field, env.loader.get_source(env, content)[0])  # type: ignore
                         ^^^^^^^^^^^^^^^^^^^^^^^^^^^^^^^^^^^
  File "/home/airflow/.local/lib/python3.12/site-packages/jinja2/loaders.py", line 204, in get_source
    raise TemplateNotFound(template)
jinja2.exceptions.TemplateNotFound: ./ejecutar.sh
[2025-12-07T18:44:00.119+0000] {processor.py:840} INFO - DAG(s) 'flujo_etl_completo' retrieved from /opt/airflow/dags/pipeline_completo.py
[2025-12-07T18:44:00.145+0000] {logging_mixin.py:188} INFO - [2025-12-07T18:44:00.145+0000] {dag.py:3096} INFO - Sync 1 DAGs
[2025-12-07T18:44:00.164+0000] {logging_mixin.py:188} INFO - [2025-12-07T18:44:00.164+0000] {dag.py:3954} INFO - Setting next_dagrun for flujo_etl_completo to 2025-12-07 17:00:00+00:00, run_after=2025-12-07 18:00:00+00:00
[2025-12-07T18:44:00.181+0000] {processor.py:183} INFO - Processing /opt/airflow/dags/pipeline_completo.py took 0.105 seconds
[2025-12-07T18:44:30.462+0000] {processor.py:161} INFO - Started process (PID=183) to work on /opt/airflow/dags/pipeline_completo.py
[2025-12-07T18:44:30.463+0000] {processor.py:830} INFO - Processing file /opt/airflow/dags/pipeline_completo.py for tasks to queue
[2025-12-07T18:44:30.465+0000] {logging_mixin.py:188} INFO - [2025-12-07T18:44:30.465+0000] {dagbag.py:545} INFO - Filling up the DagBag from /opt/airflow/dags/pipeline_completo.py
[2025-12-07T18:44:30.498+0000] {logging_mixin.py:188} INFO - [2025-12-07T18:44:30.497+0000] {templater.py:93} ERROR - Failed to resolve template field 'command'
Traceback (most recent call last):
  File "/home/airflow/.local/lib/python3.12/site-packages/airflow/template/templater.py", line 91, in resolve_template_files
    setattr(self, field, env.loader.get_source(env, content)[0])  # type: ignore
                         ^^^^^^^^^^^^^^^^^^^^^^^^^^^^^^^^^^^
  File "/home/airflow/.local/lib/python3.12/site-packages/jinja2/loaders.py", line 204, in get_source
    raise TemplateNotFound(template)
jinja2.exceptions.TemplateNotFound: ./ejecutar.sh
[2025-12-07T18:44:30.501+0000] {processor.py:840} INFO - DAG(s) 'flujo_etl_completo' retrieved from /opt/airflow/dags/pipeline_completo.py
[2025-12-07T18:44:30.524+0000] {logging_mixin.py:188} INFO - [2025-12-07T18:44:30.523+0000] {dag.py:3096} INFO - Sync 1 DAGs
[2025-12-07T18:44:30.542+0000] {logging_mixin.py:188} INFO - [2025-12-07T18:44:30.541+0000] {dag.py:3954} INFO - Setting next_dagrun for flujo_etl_completo to 2025-12-07 17:00:00+00:00, run_after=2025-12-07 18:00:00+00:00
[2025-12-07T18:44:30.558+0000] {processor.py:183} INFO - Processing /opt/airflow/dags/pipeline_completo.py took 0.101 seconds
[2025-12-07T18:45:00.686+0000] {processor.py:161} INFO - Started process (PID=188) to work on /opt/airflow/dags/pipeline_completo.py
[2025-12-07T18:45:00.687+0000] {processor.py:830} INFO - Processing file /opt/airflow/dags/pipeline_completo.py for tasks to queue
[2025-12-07T18:45:00.689+0000] {logging_mixin.py:188} INFO - [2025-12-07T18:45:00.689+0000] {dagbag.py:545} INFO - Filling up the DagBag from /opt/airflow/dags/pipeline_completo.py
[2025-12-07T18:45:00.722+0000] {logging_mixin.py:188} INFO - [2025-12-07T18:45:00.721+0000] {templater.py:93} ERROR - Failed to resolve template field 'command'
Traceback (most recent call last):
  File "/home/airflow/.local/lib/python3.12/site-packages/airflow/template/templater.py", line 91, in resolve_template_files
    setattr(self, field, env.loader.get_source(env, content)[0])  # type: ignore
                         ^^^^^^^^^^^^^^^^^^^^^^^^^^^^^^^^^^^
  File "/home/airflow/.local/lib/python3.12/site-packages/jinja2/loaders.py", line 204, in get_source
    raise TemplateNotFound(template)
jinja2.exceptions.TemplateNotFound: ./ejecutar.sh
[2025-12-07T18:45:00.726+0000] {processor.py:840} INFO - DAG(s) 'flujo_etl_completo' retrieved from /opt/airflow/dags/pipeline_completo.py
[2025-12-07T18:45:00.749+0000] {logging_mixin.py:188} INFO - [2025-12-07T18:45:00.749+0000] {dag.py:3096} INFO - Sync 1 DAGs
[2025-12-07T18:45:00.766+0000] {logging_mixin.py:188} INFO - [2025-12-07T18:45:00.766+0000] {dag.py:3954} INFO - Setting next_dagrun for flujo_etl_completo to 2025-12-07 17:00:00+00:00, run_after=2025-12-07 18:00:00+00:00
[2025-12-07T18:45:00.783+0000] {processor.py:183} INFO - Processing /opt/airflow/dags/pipeline_completo.py took 0.102 seconds
[2025-12-07T18:45:31.029+0000] {processor.py:161} INFO - Started process (PID=193) to work on /opt/airflow/dags/pipeline_completo.py
[2025-12-07T18:45:31.030+0000] {processor.py:830} INFO - Processing file /opt/airflow/dags/pipeline_completo.py for tasks to queue
[2025-12-07T18:45:31.032+0000] {logging_mixin.py:188} INFO - [2025-12-07T18:45:31.031+0000] {dagbag.py:545} INFO - Filling up the DagBag from /opt/airflow/dags/pipeline_completo.py
[2025-12-07T18:45:31.057+0000] {logging_mixin.py:188} INFO - [2025-12-07T18:45:31.056+0000] {templater.py:93} ERROR - Failed to resolve template field 'command'
Traceback (most recent call last):
  File "/home/airflow/.local/lib/python3.12/site-packages/airflow/template/templater.py", line 91, in resolve_template_files
    setattr(self, field, env.loader.get_source(env, content)[0])  # type: ignore
                         ^^^^^^^^^^^^^^^^^^^^^^^^^^^^^^^^^^^
  File "/home/airflow/.local/lib/python3.12/site-packages/jinja2/loaders.py", line 204, in get_source
    raise TemplateNotFound(template)
jinja2.exceptions.TemplateNotFound: ./ejecutar.sh
[2025-12-07T18:45:31.060+0000] {processor.py:840} INFO - DAG(s) 'flujo_etl_completo' retrieved from /opt/airflow/dags/pipeline_completo.py
[2025-12-07T18:45:31.079+0000] {logging_mixin.py:188} INFO - [2025-12-07T18:45:31.078+0000] {dag.py:3096} INFO - Sync 1 DAGs
[2025-12-07T18:45:31.095+0000] {logging_mixin.py:188} INFO - [2025-12-07T18:45:31.095+0000] {dag.py:3954} INFO - Setting next_dagrun for flujo_etl_completo to 2025-12-07 17:00:00+00:00, run_after=2025-12-07 18:00:00+00:00
[2025-12-07T18:45:31.110+0000] {processor.py:183} INFO - Processing /opt/airflow/dags/pipeline_completo.py took 0.085 seconds
[2025-12-07T18:46:01.285+0000] {processor.py:161} INFO - Started process (PID=198) to work on /opt/airflow/dags/pipeline_completo.py
[2025-12-07T18:46:01.286+0000] {processor.py:830} INFO - Processing file /opt/airflow/dags/pipeline_completo.py for tasks to queue
[2025-12-07T18:46:01.288+0000] {logging_mixin.py:188} INFO - [2025-12-07T18:46:01.287+0000] {dagbag.py:545} INFO - Filling up the DagBag from /opt/airflow/dags/pipeline_completo.py
[2025-12-07T18:46:01.314+0000] {logging_mixin.py:188} INFO - [2025-12-07T18:46:01.313+0000] {templater.py:93} ERROR - Failed to resolve template field 'command'
Traceback (most recent call last):
  File "/home/airflow/.local/lib/python3.12/site-packages/airflow/template/templater.py", line 91, in resolve_template_files
    setattr(self, field, env.loader.get_source(env, content)[0])  # type: ignore
                         ^^^^^^^^^^^^^^^^^^^^^^^^^^^^^^^^^^^
  File "/home/airflow/.local/lib/python3.12/site-packages/jinja2/loaders.py", line 204, in get_source
    raise TemplateNotFound(template)
jinja2.exceptions.TemplateNotFound: ./ejecutar.sh
[2025-12-07T18:46:01.317+0000] {processor.py:840} INFO - DAG(s) 'flujo_etl_completo' retrieved from /opt/airflow/dags/pipeline_completo.py
[2025-12-07T18:46:01.340+0000] {logging_mixin.py:188} INFO - [2025-12-07T18:46:01.339+0000] {dag.py:3096} INFO - Sync 1 DAGs
[2025-12-07T18:46:01.358+0000] {logging_mixin.py:188} INFO - [2025-12-07T18:46:01.358+0000] {dag.py:3954} INFO - Setting next_dagrun for flujo_etl_completo to 2025-12-07 17:00:00+00:00, run_after=2025-12-07 18:00:00+00:00
[2025-12-07T18:46:01.378+0000] {processor.py:183} INFO - Processing /opt/airflow/dags/pipeline_completo.py took 0.098 seconds
[2025-12-07T18:46:31.617+0000] {processor.py:161} INFO - Started process (PID=203) to work on /opt/airflow/dags/pipeline_completo.py
[2025-12-07T18:46:31.618+0000] {processor.py:830} INFO - Processing file /opt/airflow/dags/pipeline_completo.py for tasks to queue
[2025-12-07T18:46:31.620+0000] {logging_mixin.py:188} INFO - [2025-12-07T18:46:31.620+0000] {dagbag.py:545} INFO - Filling up the DagBag from /opt/airflow/dags/pipeline_completo.py
[2025-12-07T18:46:31.647+0000] {logging_mixin.py:188} INFO - [2025-12-07T18:46:31.646+0000] {templater.py:93} ERROR - Failed to resolve template field 'command'
Traceback (most recent call last):
  File "/home/airflow/.local/lib/python3.12/site-packages/airflow/template/templater.py", line 91, in resolve_template_files
    setattr(self, field, env.loader.get_source(env, content)[0])  # type: ignore
                         ^^^^^^^^^^^^^^^^^^^^^^^^^^^^^^^^^^^
  File "/home/airflow/.local/lib/python3.12/site-packages/jinja2/loaders.py", line 204, in get_source
    raise TemplateNotFound(template)
jinja2.exceptions.TemplateNotFound: ./ejecutar.sh
[2025-12-07T18:46:31.650+0000] {processor.py:840} INFO - DAG(s) 'flujo_etl_completo' retrieved from /opt/airflow/dags/pipeline_completo.py
[2025-12-07T18:46:31.671+0000] {logging_mixin.py:188} INFO - [2025-12-07T18:46:31.670+0000] {dag.py:3096} INFO - Sync 1 DAGs
[2025-12-07T18:46:31.688+0000] {logging_mixin.py:188} INFO - [2025-12-07T18:46:31.688+0000] {dag.py:3954} INFO - Setting next_dagrun for flujo_etl_completo to 2025-12-07 17:00:00+00:00, run_after=2025-12-07 18:00:00+00:00
[2025-12-07T18:46:31.707+0000] {processor.py:183} INFO - Processing /opt/airflow/dags/pipeline_completo.py took 0.094 seconds
[2025-12-07T18:47:01.904+0000] {processor.py:161} INFO - Started process (PID=208) to work on /opt/airflow/dags/pipeline_completo.py
[2025-12-07T18:47:01.905+0000] {processor.py:830} INFO - Processing file /opt/airflow/dags/pipeline_completo.py for tasks to queue
[2025-12-07T18:47:01.907+0000] {logging_mixin.py:188} INFO - [2025-12-07T18:47:01.907+0000] {dagbag.py:545} INFO - Filling up the DagBag from /opt/airflow/dags/pipeline_completo.py
[2025-12-07T18:47:01.931+0000] {logging_mixin.py:188} INFO - [2025-12-07T18:47:01.930+0000] {templater.py:93} ERROR - Failed to resolve template field 'command'
Traceback (most recent call last):
  File "/home/airflow/.local/lib/python3.12/site-packages/airflow/template/templater.py", line 91, in resolve_template_files
    setattr(self, field, env.loader.get_source(env, content)[0])  # type: ignore
                         ^^^^^^^^^^^^^^^^^^^^^^^^^^^^^^^^^^^
  File "/home/airflow/.local/lib/python3.12/site-packages/jinja2/loaders.py", line 204, in get_source
    raise TemplateNotFound(template)
jinja2.exceptions.TemplateNotFound: ./ejecutar.sh
[2025-12-07T18:47:01.935+0000] {processor.py:840} INFO - DAG(s) 'flujo_etl_completo' retrieved from /opt/airflow/dags/pipeline_completo.py
[2025-12-07T18:47:01.955+0000] {logging_mixin.py:188} INFO - [2025-12-07T18:47:01.955+0000] {dag.py:3096} INFO - Sync 1 DAGs
[2025-12-07T18:47:01.974+0000] {logging_mixin.py:188} INFO - [2025-12-07T18:47:01.974+0000] {dag.py:3954} INFO - Setting next_dagrun for flujo_etl_completo to 2025-12-07 17:00:00+00:00, run_after=2025-12-07 18:00:00+00:00
[2025-12-07T18:47:01.992+0000] {processor.py:183} INFO - Processing /opt/airflow/dags/pipeline_completo.py took 0.092 seconds
[2025-12-07T18:47:32.164+0000] {processor.py:161} INFO - Started process (PID=213) to work on /opt/airflow/dags/pipeline_completo.py
[2025-12-07T18:47:32.165+0000] {processor.py:830} INFO - Processing file /opt/airflow/dags/pipeline_completo.py for tasks to queue
[2025-12-07T18:47:32.168+0000] {logging_mixin.py:188} INFO - [2025-12-07T18:47:32.167+0000] {dagbag.py:545} INFO - Filling up the DagBag from /opt/airflow/dags/pipeline_completo.py
[2025-12-07T18:47:32.195+0000] {logging_mixin.py:188} INFO - [2025-12-07T18:47:32.194+0000] {templater.py:93} ERROR - Failed to resolve template field 'command'
Traceback (most recent call last):
  File "/home/airflow/.local/lib/python3.12/site-packages/airflow/template/templater.py", line 91, in resolve_template_files
    setattr(self, field, env.loader.get_source(env, content)[0])  # type: ignore
                         ^^^^^^^^^^^^^^^^^^^^^^^^^^^^^^^^^^^
  File "/home/airflow/.local/lib/python3.12/site-packages/jinja2/loaders.py", line 204, in get_source
    raise TemplateNotFound(template)
jinja2.exceptions.TemplateNotFound: ./ejecutar.sh
[2025-12-07T18:47:32.199+0000] {processor.py:840} INFO - DAG(s) 'flujo_etl_completo' retrieved from /opt/airflow/dags/pipeline_completo.py
[2025-12-07T18:47:32.221+0000] {logging_mixin.py:188} INFO - [2025-12-07T18:47:32.221+0000] {dag.py:3096} INFO - Sync 1 DAGs
[2025-12-07T18:47:32.239+0000] {logging_mixin.py:188} INFO - [2025-12-07T18:47:32.239+0000] {dag.py:3954} INFO - Setting next_dagrun for flujo_etl_completo to 2025-12-07 17:00:00+00:00, run_after=2025-12-07 18:00:00+00:00
[2025-12-07T18:47:32.259+0000] {processor.py:183} INFO - Processing /opt/airflow/dags/pipeline_completo.py took 0.099 seconds
[2025-12-07T18:48:02.485+0000] {processor.py:161} INFO - Started process (PID=218) to work on /opt/airflow/dags/pipeline_completo.py
[2025-12-07T18:48:02.486+0000] {processor.py:830} INFO - Processing file /opt/airflow/dags/pipeline_completo.py for tasks to queue
[2025-12-07T18:48:02.488+0000] {logging_mixin.py:188} INFO - [2025-12-07T18:48:02.487+0000] {dagbag.py:545} INFO - Filling up the DagBag from /opt/airflow/dags/pipeline_completo.py
[2025-12-07T18:48:02.514+0000] {logging_mixin.py:188} INFO - [2025-12-07T18:48:02.513+0000] {templater.py:93} ERROR - Failed to resolve template field 'command'
Traceback (most recent call last):
  File "/home/airflow/.local/lib/python3.12/site-packages/airflow/template/templater.py", line 91, in resolve_template_files
    setattr(self, field, env.loader.get_source(env, content)[0])  # type: ignore
                         ^^^^^^^^^^^^^^^^^^^^^^^^^^^^^^^^^^^
  File "/home/airflow/.local/lib/python3.12/site-packages/jinja2/loaders.py", line 204, in get_source
    raise TemplateNotFound(template)
jinja2.exceptions.TemplateNotFound: ./ejecutar.sh
[2025-12-07T18:48:02.518+0000] {processor.py:840} INFO - DAG(s) 'flujo_etl_completo' retrieved from /opt/airflow/dags/pipeline_completo.py
[2025-12-07T18:48:02.538+0000] {logging_mixin.py:188} INFO - [2025-12-07T18:48:02.538+0000] {dag.py:3096} INFO - Sync 1 DAGs
[2025-12-07T18:48:02.559+0000] {logging_mixin.py:188} INFO - [2025-12-07T18:48:02.559+0000] {dag.py:3954} INFO - Setting next_dagrun for flujo_etl_completo to 2025-12-07 17:00:00+00:00, run_after=2025-12-07 18:00:00+00:00
[2025-12-07T18:48:02.574+0000] {processor.py:183} INFO - Processing /opt/airflow/dags/pipeline_completo.py took 0.093 seconds
[2025-12-07T18:48:32.737+0000] {processor.py:161} INFO - Started process (PID=223) to work on /opt/airflow/dags/pipeline_completo.py
[2025-12-07T18:48:32.739+0000] {processor.py:830} INFO - Processing file /opt/airflow/dags/pipeline_completo.py for tasks to queue
[2025-12-07T18:48:32.740+0000] {logging_mixin.py:188} INFO - [2025-12-07T18:48:32.740+0000] {dagbag.py:545} INFO - Filling up the DagBag from /opt/airflow/dags/pipeline_completo.py
[2025-12-07T18:48:32.760+0000] {logging_mixin.py:188} INFO - [2025-12-07T18:48:32.759+0000] {templater.py:93} ERROR - Failed to resolve template field 'command'
Traceback (most recent call last):
  File "/home/airflow/.local/lib/python3.12/site-packages/airflow/template/templater.py", line 91, in resolve_template_files
    setattr(self, field, env.loader.get_source(env, content)[0])  # type: ignore
                         ^^^^^^^^^^^^^^^^^^^^^^^^^^^^^^^^^^^
  File "/home/airflow/.local/lib/python3.12/site-packages/jinja2/loaders.py", line 204, in get_source
    raise TemplateNotFound(template)
jinja2.exceptions.TemplateNotFound: ./ejecutar.sh
[2025-12-07T18:48:32.764+0000] {processor.py:840} INFO - DAG(s) 'flujo_etl_completo' retrieved from /opt/airflow/dags/pipeline_completo.py
[2025-12-07T18:48:32.784+0000] {logging_mixin.py:188} INFO - [2025-12-07T18:48:32.784+0000] {dag.py:3096} INFO - Sync 1 DAGs
[2025-12-07T18:48:32.800+0000] {logging_mixin.py:188} INFO - [2025-12-07T18:48:32.800+0000] {dag.py:3954} INFO - Setting next_dagrun for flujo_etl_completo to 2025-12-07 17:00:00+00:00, run_after=2025-12-07 18:00:00+00:00
[2025-12-07T18:48:32.817+0000] {processor.py:183} INFO - Processing /opt/airflow/dags/pipeline_completo.py took 0.085 seconds
[2025-12-07T18:50:31.367+0000] {processor.py:161} INFO - Started process (PID=168) to work on /opt/airflow/dags/pipeline_completo.py
[2025-12-07T18:50:31.369+0000] {processor.py:830} INFO - Processing file /opt/airflow/dags/pipeline_completo.py for tasks to queue
[2025-12-07T18:50:31.373+0000] {logging_mixin.py:188} INFO - [2025-12-07T18:50:31.372+0000] {dagbag.py:545} INFO - Filling up the DagBag from /opt/airflow/dags/pipeline_completo.py
[2025-12-07T18:50:31.433+0000] {logging_mixin.py:188} INFO - [2025-12-07T18:50:31.431+0000] {templater.py:93} ERROR - Failed to resolve template field 'command'
Traceback (most recent call last):
  File "/home/airflow/.local/lib/python3.12/site-packages/airflow/template/templater.py", line 91, in resolve_template_files
    setattr(self, field, env.loader.get_source(env, content)[0])  # type: ignore
                         ^^^^^^^^^^^^^^^^^^^^^^^^^^^^^^^^^^^
  File "/home/airflow/.local/lib/python3.12/site-packages/jinja2/loaders.py", line 204, in get_source
    raise TemplateNotFound(template)
jinja2.exceptions.TemplateNotFound: ./ejecutar.sh
[2025-12-07T18:50:31.445+0000] {processor.py:840} INFO - DAG(s) 'flujo_etl_completo' retrieved from /opt/airflow/dags/pipeline_completo.py
[2025-12-07T18:50:31.667+0000] {logging_mixin.py:188} INFO - [2025-12-07T18:50:31.666+0000] {override.py:1829} INFO - Created Permission View: can delete on DAG:flujo_etl_completo
[2025-12-07T18:50:31.680+0000] {logging_mixin.py:188} INFO - [2025-12-07T18:50:31.679+0000] {override.py:1829} INFO - Created Permission View: can edit on DAG:flujo_etl_completo
[2025-12-07T18:50:31.688+0000] {logging_mixin.py:188} INFO - [2025-12-07T18:50:31.687+0000] {override.py:1829} INFO - Created Permission View: can read on DAG:flujo_etl_completo
[2025-12-07T18:50:31.689+0000] {logging_mixin.py:188} INFO - [2025-12-07T18:50:31.689+0000] {dag.py:3096} INFO - Sync 1 DAGs
[2025-12-07T18:50:31.705+0000] {logging_mixin.py:188} INFO - [2025-12-07T18:50:31.704+0000] {dag.py:3118} INFO - Creating ORM DAG for flujo_etl_completo
[2025-12-07T18:50:31.721+0000] {logging_mixin.py:188} INFO - [2025-12-07T18:50:31.721+0000] {dag.py:3954} INFO - Setting next_dagrun for flujo_etl_completo to 2025-12-07 17:00:00+00:00, run_after=2025-12-07 18:00:00+00:00
[2025-12-07T18:50:31.739+0000] {processor.py:183} INFO - Processing /opt/airflow/dags/pipeline_completo.py took 0.379 seconds
[2025-12-07T18:51:01.996+0000] {processor.py:161} INFO - Started process (PID=173) to work on /opt/airflow/dags/pipeline_completo.py
[2025-12-07T18:51:01.997+0000] {processor.py:830} INFO - Processing file /opt/airflow/dags/pipeline_completo.py for tasks to queue
[2025-12-07T18:51:01.999+0000] {logging_mixin.py:188} INFO - [2025-12-07T18:51:01.999+0000] {dagbag.py:545} INFO - Filling up the DagBag from /opt/airflow/dags/pipeline_completo.py
[2025-12-07T18:51:02.025+0000] {logging_mixin.py:188} INFO - [2025-12-07T18:51:02.024+0000] {templater.py:93} ERROR - Failed to resolve template field 'command'
Traceback (most recent call last):
  File "/home/airflow/.local/lib/python3.12/site-packages/airflow/template/templater.py", line 91, in resolve_template_files
    setattr(self, field, env.loader.get_source(env, content)[0])  # type: ignore
                         ^^^^^^^^^^^^^^^^^^^^^^^^^^^^^^^^^^^
  File "/home/airflow/.local/lib/python3.12/site-packages/jinja2/loaders.py", line 204, in get_source
    raise TemplateNotFound(template)
jinja2.exceptions.TemplateNotFound: ./ejecutar.sh
[2025-12-07T18:51:02.029+0000] {processor.py:840} INFO - DAG(s) 'flujo_etl_completo' retrieved from /opt/airflow/dags/pipeline_completo.py
[2025-12-07T18:51:02.049+0000] {logging_mixin.py:188} INFO - [2025-12-07T18:51:02.049+0000] {dag.py:3096} INFO - Sync 1 DAGs
[2025-12-07T18:51:02.067+0000] {logging_mixin.py:188} INFO - [2025-12-07T18:51:02.067+0000] {dag.py:3954} INFO - Setting next_dagrun for flujo_etl_completo to 2025-12-07 17:00:00+00:00, run_after=2025-12-07 18:00:00+00:00
[2025-12-07T18:51:02.086+0000] {processor.py:183} INFO - Processing /opt/airflow/dags/pipeline_completo.py took 0.094 seconds
[2025-12-07T18:51:32.256+0000] {processor.py:161} INFO - Started process (PID=178) to work on /opt/airflow/dags/pipeline_completo.py
[2025-12-07T18:51:32.257+0000] {processor.py:830} INFO - Processing file /opt/airflow/dags/pipeline_completo.py for tasks to queue
[2025-12-07T18:51:32.259+0000] {logging_mixin.py:188} INFO - [2025-12-07T18:51:32.259+0000] {dagbag.py:545} INFO - Filling up the DagBag from /opt/airflow/dags/pipeline_completo.py
[2025-12-07T18:51:32.288+0000] {logging_mixin.py:188} INFO - [2025-12-07T18:51:32.287+0000] {templater.py:93} ERROR - Failed to resolve template field 'command'
Traceback (most recent call last):
  File "/home/airflow/.local/lib/python3.12/site-packages/airflow/template/templater.py", line 91, in resolve_template_files
    setattr(self, field, env.loader.get_source(env, content)[0])  # type: ignore
                         ^^^^^^^^^^^^^^^^^^^^^^^^^^^^^^^^^^^
  File "/home/airflow/.local/lib/python3.12/site-packages/jinja2/loaders.py", line 204, in get_source
    raise TemplateNotFound(template)
jinja2.exceptions.TemplateNotFound: ./ejecutar.sh
[2025-12-07T18:51:32.291+0000] {processor.py:840} INFO - DAG(s) 'flujo_etl_completo' retrieved from /opt/airflow/dags/pipeline_completo.py
[2025-12-07T18:51:32.311+0000] {logging_mixin.py:188} INFO - [2025-12-07T18:51:32.311+0000] {dag.py:3096} INFO - Sync 1 DAGs
[2025-12-07T18:51:32.328+0000] {logging_mixin.py:188} INFO - [2025-12-07T18:51:32.327+0000] {dag.py:3954} INFO - Setting next_dagrun for flujo_etl_completo to 2025-12-07 17:00:00+00:00, run_after=2025-12-07 18:00:00+00:00
[2025-12-07T18:51:32.344+0000] {processor.py:183} INFO - Processing /opt/airflow/dags/pipeline_completo.py took 0.093 seconds
[2025-12-07T18:52:02.557+0000] {processor.py:161} INFO - Started process (PID=183) to work on /opt/airflow/dags/pipeline_completo.py
[2025-12-07T18:52:02.558+0000] {processor.py:830} INFO - Processing file /opt/airflow/dags/pipeline_completo.py for tasks to queue
[2025-12-07T18:52:02.559+0000] {logging_mixin.py:188} INFO - [2025-12-07T18:52:02.559+0000] {dagbag.py:545} INFO - Filling up the DagBag from /opt/airflow/dags/pipeline_completo.py
[2025-12-07T18:52:02.583+0000] {logging_mixin.py:188} INFO - [2025-12-07T18:52:02.582+0000] {templater.py:93} ERROR - Failed to resolve template field 'command'
Traceback (most recent call last):
  File "/home/airflow/.local/lib/python3.12/site-packages/airflow/template/templater.py", line 91, in resolve_template_files
    setattr(self, field, env.loader.get_source(env, content)[0])  # type: ignore
                         ^^^^^^^^^^^^^^^^^^^^^^^^^^^^^^^^^^^
  File "/home/airflow/.local/lib/python3.12/site-packages/jinja2/loaders.py", line 204, in get_source
    raise TemplateNotFound(template)
jinja2.exceptions.TemplateNotFound: ./ejecutar.sh
[2025-12-07T18:52:02.586+0000] {processor.py:840} INFO - DAG(s) 'flujo_etl_completo' retrieved from /opt/airflow/dags/pipeline_completo.py
[2025-12-07T18:52:02.608+0000] {logging_mixin.py:188} INFO - [2025-12-07T18:52:02.608+0000] {dag.py:3096} INFO - Sync 1 DAGs
[2025-12-07T18:52:02.625+0000] {logging_mixin.py:188} INFO - [2025-12-07T18:52:02.625+0000] {dag.py:3954} INFO - Setting next_dagrun for flujo_etl_completo to 2025-12-07 17:00:00+00:00, run_after=2025-12-07 18:00:00+00:00
[2025-12-07T18:52:02.642+0000] {processor.py:183} INFO - Processing /opt/airflow/dags/pipeline_completo.py took 0.090 seconds
[2025-12-07T18:52:32.782+0000] {processor.py:161} INFO - Started process (PID=196) to work on /opt/airflow/dags/pipeline_completo.py
[2025-12-07T18:52:32.783+0000] {processor.py:830} INFO - Processing file /opt/airflow/dags/pipeline_completo.py for tasks to queue
[2025-12-07T18:52:32.785+0000] {logging_mixin.py:188} INFO - [2025-12-07T18:52:32.784+0000] {dagbag.py:545} INFO - Filling up the DagBag from /opt/airflow/dags/pipeline_completo.py
[2025-12-07T18:52:32.825+0000] {logging_mixin.py:188} INFO - [2025-12-07T18:52:32.824+0000] {templater.py:93} ERROR - Failed to resolve template field 'command'
Traceback (most recent call last):
  File "/home/airflow/.local/lib/python3.12/site-packages/airflow/template/templater.py", line 91, in resolve_template_files
    setattr(self, field, env.loader.get_source(env, content)[0])  # type: ignore
                         ^^^^^^^^^^^^^^^^^^^^^^^^^^^^^^^^^^^
  File "/home/airflow/.local/lib/python3.12/site-packages/jinja2/loaders.py", line 204, in get_source
    raise TemplateNotFound(template)
jinja2.exceptions.TemplateNotFound: ./ejecutar.sh
[2025-12-07T18:52:32.830+0000] {processor.py:840} INFO - DAG(s) 'flujo_etl_completo' retrieved from /opt/airflow/dags/pipeline_completo.py
[2025-12-07T18:52:32.850+0000] {logging_mixin.py:188} INFO - [2025-12-07T18:52:32.850+0000] {dag.py:3096} INFO - Sync 1 DAGs
[2025-12-07T18:52:32.866+0000] {logging_mixin.py:188} INFO - [2025-12-07T18:52:32.866+0000] {dag.py:3954} INFO - Setting next_dagrun for flujo_etl_completo to 2025-12-07 18:00:00+00:00, run_after=2025-12-07 19:00:00+00:00
[2025-12-07T18:52:32.883+0000] {processor.py:183} INFO - Processing /opt/airflow/dags/pipeline_completo.py took 0.105 seconds
[2025-12-07T18:53:03.084+0000] {processor.py:161} INFO - Started process (PID=201) to work on /opt/airflow/dags/pipeline_completo.py
[2025-12-07T18:53:03.086+0000] {processor.py:830} INFO - Processing file /opt/airflow/dags/pipeline_completo.py for tasks to queue
[2025-12-07T18:53:03.093+0000] {logging_mixin.py:188} INFO - [2025-12-07T18:53:03.090+0000] {dagbag.py:545} INFO - Filling up the DagBag from /opt/airflow/dags/pipeline_completo.py
[2025-12-07T18:53:03.158+0000] {logging_mixin.py:188} INFO - [2025-12-07T18:53:03.154+0000] {templater.py:93} ERROR - Failed to resolve template field 'command'
Traceback (most recent call last):
  File "/home/airflow/.local/lib/python3.12/site-packages/airflow/template/templater.py", line 91, in resolve_template_files
    setattr(self, field, env.loader.get_source(env, content)[0])  # type: ignore
                         ^^^^^^^^^^^^^^^^^^^^^^^^^^^^^^^^^^^
  File "/home/airflow/.local/lib/python3.12/site-packages/jinja2/loaders.py", line 204, in get_source
    raise TemplateNotFound(template)
jinja2.exceptions.TemplateNotFound: ./ejecutar.sh
[2025-12-07T18:53:03.169+0000] {processor.py:840} INFO - DAG(s) 'flujo_etl_completo' retrieved from /opt/airflow/dags/pipeline_completo.py
[2025-12-07T18:53:03.208+0000] {logging_mixin.py:188} INFO - [2025-12-07T18:53:03.208+0000] {dag.py:3096} INFO - Sync 1 DAGs
[2025-12-07T18:53:03.283+0000] {logging_mixin.py:188} INFO - [2025-12-07T18:53:03.283+0000] {dag.py:3954} INFO - Setting next_dagrun for flujo_etl_completo to 2025-12-07 18:00:00+00:00, run_after=2025-12-07 19:00:00+00:00
[2025-12-07T18:53:03.314+0000] {processor.py:183} INFO - Processing /opt/airflow/dags/pipeline_completo.py took 0.239 seconds
[2025-12-07T19:05:38.834+0000] {processor.py:161} INFO - Started process (PID=168) to work on /opt/airflow/dags/pipeline_completo.py
[2025-12-07T19:05:38.836+0000] {processor.py:830} INFO - Processing file /opt/airflow/dags/pipeline_completo.py for tasks to queue
[2025-12-07T19:05:38.840+0000] {logging_mixin.py:188} INFO - [2025-12-07T19:05:38.839+0000] {dagbag.py:545} INFO - Filling up the DagBag from /opt/airflow/dags/pipeline_completo.py
[2025-12-07T19:05:38.908+0000] {logging_mixin.py:188} INFO - [2025-12-07T19:05:38.905+0000] {templater.py:93} ERROR - Failed to resolve template field 'command'
Traceback (most recent call last):
  File "/home/airflow/.local/lib/python3.12/site-packages/airflow/template/templater.py", line 91, in resolve_template_files
    setattr(self, field, env.loader.get_source(env, content)[0])  # type: ignore
                         ^^^^^^^^^^^^^^^^^^^^^^^^^^^^^^^^^^^
  File "/home/airflow/.local/lib/python3.12/site-packages/jinja2/loaders.py", line 204, in get_source
    raise TemplateNotFound(template)
jinja2.exceptions.TemplateNotFound: ./ejecutar.sh
[2025-12-07T19:05:38.929+0000] {processor.py:840} INFO - DAG(s) 'flujo_etl_completo' retrieved from /opt/airflow/dags/pipeline_completo.py
[2025-12-07T19:05:39.423+0000] {logging_mixin.py:188} INFO - [2025-12-07T19:05:39.421+0000] {override.py:1829} INFO - Created Permission View: can edit on DAG:flujo_etl_completo
[2025-12-07T19:05:39.443+0000] {logging_mixin.py:188} INFO - [2025-12-07T19:05:39.442+0000] {override.py:1829} INFO - Created Permission View: can read on DAG:flujo_etl_completo
[2025-12-07T19:05:39.458+0000] {logging_mixin.py:188} INFO - [2025-12-07T19:05:39.457+0000] {override.py:1829} INFO - Created Permission View: can delete on DAG:flujo_etl_completo
[2025-12-07T19:05:39.459+0000] {logging_mixin.py:188} INFO - [2025-12-07T19:05:39.459+0000] {dag.py:3096} INFO - Sync 1 DAGs
[2025-12-07T19:05:39.478+0000] {logging_mixin.py:188} INFO - [2025-12-07T19:05:39.478+0000] {dag.py:3118} INFO - Creating ORM DAG for flujo_etl_completo
[2025-12-07T19:05:39.511+0000] {logging_mixin.py:188} INFO - [2025-12-07T19:05:39.510+0000] {dag.py:3954} INFO - Setting next_dagrun for flujo_etl_completo to 2025-12-07 18:00:00+00:00, run_after=2025-12-07 19:00:00+00:00
[2025-12-07T19:05:39.580+0000] {processor.py:183} INFO - Processing /opt/airflow/dags/pipeline_completo.py took 0.755 seconds
[2025-12-07T19:06:09.901+0000] {processor.py:161} INFO - Started process (PID=173) to work on /opt/airflow/dags/pipeline_completo.py
[2025-12-07T19:06:09.902+0000] {processor.py:830} INFO - Processing file /opt/airflow/dags/pipeline_completo.py for tasks to queue
[2025-12-07T19:06:09.904+0000] {logging_mixin.py:188} INFO - [2025-12-07T19:06:09.904+0000] {dagbag.py:545} INFO - Filling up the DagBag from /opt/airflow/dags/pipeline_completo.py
[2025-12-07T19:06:09.930+0000] {logging_mixin.py:188} INFO - [2025-12-07T19:06:09.930+0000] {templater.py:93} ERROR - Failed to resolve template field 'command'
Traceback (most recent call last):
  File "/home/airflow/.local/lib/python3.12/site-packages/airflow/template/templater.py", line 91, in resolve_template_files
    setattr(self, field, env.loader.get_source(env, content)[0])  # type: ignore
                         ^^^^^^^^^^^^^^^^^^^^^^^^^^^^^^^^^^^
  File "/home/airflow/.local/lib/python3.12/site-packages/jinja2/loaders.py", line 204, in get_source
    raise TemplateNotFound(template)
jinja2.exceptions.TemplateNotFound: ./ejecutar.sh
[2025-12-07T19:06:09.934+0000] {processor.py:840} INFO - DAG(s) 'flujo_etl_completo' retrieved from /opt/airflow/dags/pipeline_completo.py
[2025-12-07T19:06:09.955+0000] {logging_mixin.py:188} INFO - [2025-12-07T19:06:09.955+0000] {dag.py:3096} INFO - Sync 1 DAGs
[2025-12-07T19:06:09.975+0000] {logging_mixin.py:188} INFO - [2025-12-07T19:06:09.975+0000] {dag.py:3954} INFO - Setting next_dagrun for flujo_etl_completo to 2025-12-07 18:00:00+00:00, run_after=2025-12-07 19:00:00+00:00
[2025-12-07T19:06:09.994+0000] {processor.py:183} INFO - Processing /opt/airflow/dags/pipeline_completo.py took 0.098 seconds
[2025-12-07T19:06:40.134+0000] {processor.py:161} INFO - Started process (PID=178) to work on /opt/airflow/dags/pipeline_completo.py
[2025-12-07T19:06:40.136+0000] {processor.py:830} INFO - Processing file /opt/airflow/dags/pipeline_completo.py for tasks to queue
[2025-12-07T19:06:40.138+0000] {logging_mixin.py:188} INFO - [2025-12-07T19:06:40.137+0000] {dagbag.py:545} INFO - Filling up the DagBag from /opt/airflow/dags/pipeline_completo.py
[2025-12-07T19:06:40.167+0000] {logging_mixin.py:188} INFO - [2025-12-07T19:06:40.166+0000] {templater.py:93} ERROR - Failed to resolve template field 'command'
Traceback (most recent call last):
  File "/home/airflow/.local/lib/python3.12/site-packages/airflow/template/templater.py", line 91, in resolve_template_files
    setattr(self, field, env.loader.get_source(env, content)[0])  # type: ignore
                         ^^^^^^^^^^^^^^^^^^^^^^^^^^^^^^^^^^^
  File "/home/airflow/.local/lib/python3.12/site-packages/jinja2/loaders.py", line 204, in get_source
    raise TemplateNotFound(template)
jinja2.exceptions.TemplateNotFound: ./ejecutar.sh
[2025-12-07T19:06:40.171+0000] {processor.py:840} INFO - DAG(s) 'flujo_etl_completo' retrieved from /opt/airflow/dags/pipeline_completo.py
[2025-12-07T19:06:40.193+0000] {logging_mixin.py:188} INFO - [2025-12-07T19:06:40.192+0000] {dag.py:3096} INFO - Sync 1 DAGs
[2025-12-07T19:06:40.212+0000] {logging_mixin.py:188} INFO - [2025-12-07T19:06:40.211+0000] {dag.py:3954} INFO - Setting next_dagrun for flujo_etl_completo to 2025-12-07 18:00:00+00:00, run_after=2025-12-07 19:00:00+00:00
[2025-12-07T19:06:40.229+0000] {processor.py:183} INFO - Processing /opt/airflow/dags/pipeline_completo.py took 0.100 seconds
[2025-12-07T19:07:10.456+0000] {processor.py:161} INFO - Started process (PID=183) to work on /opt/airflow/dags/pipeline_completo.py
[2025-12-07T19:07:10.457+0000] {processor.py:830} INFO - Processing file /opt/airflow/dags/pipeline_completo.py for tasks to queue
[2025-12-07T19:07:10.459+0000] {logging_mixin.py:188} INFO - [2025-12-07T19:07:10.459+0000] {dagbag.py:545} INFO - Filling up the DagBag from /opt/airflow/dags/pipeline_completo.py
[2025-12-07T19:07:10.492+0000] {logging_mixin.py:188} INFO - [2025-12-07T19:07:10.491+0000] {templater.py:93} ERROR - Failed to resolve template field 'command'
Traceback (most recent call last):
  File "/home/airflow/.local/lib/python3.12/site-packages/airflow/template/templater.py", line 91, in resolve_template_files
    setattr(self, field, env.loader.get_source(env, content)[0])  # type: ignore
                         ^^^^^^^^^^^^^^^^^^^^^^^^^^^^^^^^^^^
  File "/home/airflow/.local/lib/python3.12/site-packages/jinja2/loaders.py", line 204, in get_source
    raise TemplateNotFound(template)
jinja2.exceptions.TemplateNotFound: ./ejecutar.sh
[2025-12-07T19:07:10.497+0000] {processor.py:840} INFO - DAG(s) 'flujo_etl_completo' retrieved from /opt/airflow/dags/pipeline_completo.py
[2025-12-07T19:07:10.531+0000] {logging_mixin.py:188} INFO - [2025-12-07T19:07:10.531+0000] {dag.py:3096} INFO - Sync 1 DAGs
[2025-12-07T19:07:10.555+0000] {logging_mixin.py:188} INFO - [2025-12-07T19:07:10.555+0000] {dag.py:3954} INFO - Setting next_dagrun for flujo_etl_completo to 2025-12-07 18:00:00+00:00, run_after=2025-12-07 19:00:00+00:00
[2025-12-07T19:07:10.581+0000] {processor.py:183} INFO - Processing /opt/airflow/dags/pipeline_completo.py took 0.130 seconds
[2025-12-07T19:07:40.725+0000] {processor.py:161} INFO - Started process (PID=188) to work on /opt/airflow/dags/pipeline_completo.py
[2025-12-07T19:07:40.726+0000] {processor.py:830} INFO - Processing file /opt/airflow/dags/pipeline_completo.py for tasks to queue
[2025-12-07T19:07:40.728+0000] {logging_mixin.py:188} INFO - [2025-12-07T19:07:40.728+0000] {dagbag.py:545} INFO - Filling up the DagBag from /opt/airflow/dags/pipeline_completo.py
[2025-12-07T19:07:40.755+0000] {logging_mixin.py:188} INFO - [2025-12-07T19:07:40.754+0000] {templater.py:93} ERROR - Failed to resolve template field 'command'
Traceback (most recent call last):
  File "/home/airflow/.local/lib/python3.12/site-packages/airflow/template/templater.py", line 91, in resolve_template_files
    setattr(self, field, env.loader.get_source(env, content)[0])  # type: ignore
                         ^^^^^^^^^^^^^^^^^^^^^^^^^^^^^^^^^^^
  File "/home/airflow/.local/lib/python3.12/site-packages/jinja2/loaders.py", line 204, in get_source
    raise TemplateNotFound(template)
jinja2.exceptions.TemplateNotFound: ./ejecutar.sh
[2025-12-07T19:07:40.759+0000] {processor.py:840} INFO - DAG(s) 'flujo_etl_completo' retrieved from /opt/airflow/dags/pipeline_completo.py
[2025-12-07T19:07:40.782+0000] {logging_mixin.py:188} INFO - [2025-12-07T19:07:40.781+0000] {dag.py:3096} INFO - Sync 1 DAGs
[2025-12-07T19:07:40.800+0000] {logging_mixin.py:188} INFO - [2025-12-07T19:07:40.799+0000] {dag.py:3954} INFO - Setting next_dagrun for flujo_etl_completo to 2025-12-07 18:00:00+00:00, run_after=2025-12-07 19:00:00+00:00
[2025-12-07T19:07:40.882+0000] {processor.py:183} INFO - Processing /opt/airflow/dags/pipeline_completo.py took 0.162 seconds
[2025-12-07T19:08:11.061+0000] {processor.py:161} INFO - Started process (PID=193) to work on /opt/airflow/dags/pipeline_completo.py
[2025-12-07T19:08:11.062+0000] {processor.py:830} INFO - Processing file /opt/airflow/dags/pipeline_completo.py for tasks to queue
[2025-12-07T19:08:11.064+0000] {logging_mixin.py:188} INFO - [2025-12-07T19:08:11.064+0000] {dagbag.py:545} INFO - Filling up the DagBag from /opt/airflow/dags/pipeline_completo.py
[2025-12-07T19:08:11.100+0000] {logging_mixin.py:188} INFO - [2025-12-07T19:08:11.099+0000] {templater.py:93} ERROR - Failed to resolve template field 'command'
Traceback (most recent call last):
  File "/home/airflow/.local/lib/python3.12/site-packages/airflow/template/templater.py", line 91, in resolve_template_files
    setattr(self, field, env.loader.get_source(env, content)[0])  # type: ignore
                         ^^^^^^^^^^^^^^^^^^^^^^^^^^^^^^^^^^^
  File "/home/airflow/.local/lib/python3.12/site-packages/jinja2/loaders.py", line 204, in get_source
    raise TemplateNotFound(template)
jinja2.exceptions.TemplateNotFound: ./ejecutar.sh
[2025-12-07T19:08:11.104+0000] {processor.py:840} INFO - DAG(s) 'flujo_etl_completo' retrieved from /opt/airflow/dags/pipeline_completo.py
[2025-12-07T19:08:11.124+0000] {logging_mixin.py:188} INFO - [2025-12-07T19:08:11.123+0000] {dag.py:3096} INFO - Sync 1 DAGs
[2025-12-07T19:08:11.141+0000] {logging_mixin.py:188} INFO - [2025-12-07T19:08:11.141+0000] {dag.py:3954} INFO - Setting next_dagrun for flujo_etl_completo to 2025-12-07 18:00:00+00:00, run_after=2025-12-07 19:00:00+00:00
[2025-12-07T19:08:11.161+0000] {processor.py:183} INFO - Processing /opt/airflow/dags/pipeline_completo.py took 0.105 seconds
[2025-12-07T19:08:41.430+0000] {processor.py:161} INFO - Started process (PID=198) to work on /opt/airflow/dags/pipeline_completo.py
[2025-12-07T19:08:41.432+0000] {processor.py:830} INFO - Processing file /opt/airflow/dags/pipeline_completo.py for tasks to queue
[2025-12-07T19:08:41.434+0000] {logging_mixin.py:188} INFO - [2025-12-07T19:08:41.433+0000] {dagbag.py:545} INFO - Filling up the DagBag from /opt/airflow/dags/pipeline_completo.py
[2025-12-07T19:08:41.460+0000] {logging_mixin.py:188} INFO - [2025-12-07T19:08:41.459+0000] {templater.py:93} ERROR - Failed to resolve template field 'command'
Traceback (most recent call last):
  File "/home/airflow/.local/lib/python3.12/site-packages/airflow/template/templater.py", line 91, in resolve_template_files
    setattr(self, field, env.loader.get_source(env, content)[0])  # type: ignore
                         ^^^^^^^^^^^^^^^^^^^^^^^^^^^^^^^^^^^
  File "/home/airflow/.local/lib/python3.12/site-packages/jinja2/loaders.py", line 204, in get_source
    raise TemplateNotFound(template)
jinja2.exceptions.TemplateNotFound: ./ejecutar.sh
[2025-12-07T19:08:41.464+0000] {processor.py:840} INFO - DAG(s) 'flujo_etl_completo' retrieved from /opt/airflow/dags/pipeline_completo.py
[2025-12-07T19:08:41.485+0000] {logging_mixin.py:188} INFO - [2025-12-07T19:08:41.485+0000] {dag.py:3096} INFO - Sync 1 DAGs
[2025-12-07T19:08:41.502+0000] {logging_mixin.py:188} INFO - [2025-12-07T19:08:41.502+0000] {dag.py:3954} INFO - Setting next_dagrun for flujo_etl_completo to 2025-12-07 18:00:00+00:00, run_after=2025-12-07 19:00:00+00:00
[2025-12-07T19:08:41.518+0000] {processor.py:183} INFO - Processing /opt/airflow/dags/pipeline_completo.py took 0.093 seconds
[2025-12-07T19:09:11.733+0000] {processor.py:161} INFO - Started process (PID=203) to work on /opt/airflow/dags/pipeline_completo.py
[2025-12-07T19:09:11.734+0000] {processor.py:830} INFO - Processing file /opt/airflow/dags/pipeline_completo.py for tasks to queue
[2025-12-07T19:09:11.736+0000] {logging_mixin.py:188} INFO - [2025-12-07T19:09:11.736+0000] {dagbag.py:545} INFO - Filling up the DagBag from /opt/airflow/dags/pipeline_completo.py
[2025-12-07T19:09:11.765+0000] {logging_mixin.py:188} INFO - [2025-12-07T19:09:11.764+0000] {templater.py:93} ERROR - Failed to resolve template field 'command'
Traceback (most recent call last):
  File "/home/airflow/.local/lib/python3.12/site-packages/airflow/template/templater.py", line 91, in resolve_template_files
    setattr(self, field, env.loader.get_source(env, content)[0])  # type: ignore
                         ^^^^^^^^^^^^^^^^^^^^^^^^^^^^^^^^^^^
  File "/home/airflow/.local/lib/python3.12/site-packages/jinja2/loaders.py", line 204, in get_source
    raise TemplateNotFound(template)
jinja2.exceptions.TemplateNotFound: ./ejecutar.sh
[2025-12-07T19:09:11.769+0000] {processor.py:840} INFO - DAG(s) 'flujo_etl_completo' retrieved from /opt/airflow/dags/pipeline_completo.py
[2025-12-07T19:09:11.788+0000] {logging_mixin.py:188} INFO - [2025-12-07T19:09:11.788+0000] {dag.py:3096} INFO - Sync 1 DAGs
[2025-12-07T19:09:11.805+0000] {logging_mixin.py:188} INFO - [2025-12-07T19:09:11.805+0000] {dag.py:3954} INFO - Setting next_dagrun for flujo_etl_completo to 2025-12-07 18:00:00+00:00, run_after=2025-12-07 19:00:00+00:00
[2025-12-07T19:09:11.823+0000] {processor.py:183} INFO - Processing /opt/airflow/dags/pipeline_completo.py took 0.094 seconds
[2025-12-07T19:09:41.999+0000] {processor.py:161} INFO - Started process (PID=208) to work on /opt/airflow/dags/pipeline_completo.py
[2025-12-07T19:09:42.000+0000] {processor.py:830} INFO - Processing file /opt/airflow/dags/pipeline_completo.py for tasks to queue
[2025-12-07T19:09:42.002+0000] {logging_mixin.py:188} INFO - [2025-12-07T19:09:42.001+0000] {dagbag.py:545} INFO - Filling up the DagBag from /opt/airflow/dags/pipeline_completo.py
[2025-12-07T19:09:42.028+0000] {logging_mixin.py:188} INFO - [2025-12-07T19:09:42.027+0000] {templater.py:93} ERROR - Failed to resolve template field 'command'
Traceback (most recent call last):
  File "/home/airflow/.local/lib/python3.12/site-packages/airflow/template/templater.py", line 91, in resolve_template_files
    setattr(self, field, env.loader.get_source(env, content)[0])  # type: ignore
                         ^^^^^^^^^^^^^^^^^^^^^^^^^^^^^^^^^^^
  File "/home/airflow/.local/lib/python3.12/site-packages/jinja2/loaders.py", line 204, in get_source
    raise TemplateNotFound(template)
jinja2.exceptions.TemplateNotFound: ./ejecutar.sh
[2025-12-07T19:09:42.032+0000] {processor.py:840} INFO - DAG(s) 'flujo_etl_completo' retrieved from /opt/airflow/dags/pipeline_completo.py
[2025-12-07T19:09:42.053+0000] {logging_mixin.py:188} INFO - [2025-12-07T19:09:42.052+0000] {dag.py:3096} INFO - Sync 1 DAGs
[2025-12-07T19:09:42.071+0000] {logging_mixin.py:188} INFO - [2025-12-07T19:09:42.071+0000] {dag.py:3954} INFO - Setting next_dagrun for flujo_etl_completo to 2025-12-07 18:00:00+00:00, run_after=2025-12-07 19:00:00+00:00
[2025-12-07T19:09:42.090+0000] {processor.py:183} INFO - Processing /opt/airflow/dags/pipeline_completo.py took 0.096 seconds
[2025-12-07T19:10:12.420+0000] {processor.py:161} INFO - Started process (PID=213) to work on /opt/airflow/dags/pipeline_completo.py
[2025-12-07T19:10:12.421+0000] {processor.py:830} INFO - Processing file /opt/airflow/dags/pipeline_completo.py for tasks to queue
[2025-12-07T19:10:12.422+0000] {logging_mixin.py:188} INFO - [2025-12-07T19:10:12.422+0000] {dagbag.py:545} INFO - Filling up the DagBag from /opt/airflow/dags/pipeline_completo.py
[2025-12-07T19:10:12.447+0000] {logging_mixin.py:188} INFO - [2025-12-07T19:10:12.446+0000] {templater.py:93} ERROR - Failed to resolve template field 'command'
Traceback (most recent call last):
  File "/home/airflow/.local/lib/python3.12/site-packages/airflow/template/templater.py", line 91, in resolve_template_files
    setattr(self, field, env.loader.get_source(env, content)[0])  # type: ignore
                         ^^^^^^^^^^^^^^^^^^^^^^^^^^^^^^^^^^^
  File "/home/airflow/.local/lib/python3.12/site-packages/jinja2/loaders.py", line 204, in get_source
    raise TemplateNotFound(template)
jinja2.exceptions.TemplateNotFound: ./ejecutar.sh
[2025-12-07T19:10:12.450+0000] {processor.py:840} INFO - DAG(s) 'flujo_etl_completo' retrieved from /opt/airflow/dags/pipeline_completo.py
[2025-12-07T19:10:12.471+0000] {logging_mixin.py:188} INFO - [2025-12-07T19:10:12.470+0000] {dag.py:3096} INFO - Sync 1 DAGs
[2025-12-07T19:10:12.487+0000] {logging_mixin.py:188} INFO - [2025-12-07T19:10:12.487+0000] {dag.py:3954} INFO - Setting next_dagrun for flujo_etl_completo to 2025-12-07 18:00:00+00:00, run_after=2025-12-07 19:00:00+00:00
[2025-12-07T19:10:12.503+0000] {processor.py:183} INFO - Processing /opt/airflow/dags/pipeline_completo.py took 0.088 seconds
[2025-12-07T19:10:42.754+0000] {processor.py:161} INFO - Started process (PID=218) to work on /opt/airflow/dags/pipeline_completo.py
[2025-12-07T19:10:42.756+0000] {processor.py:830} INFO - Processing file /opt/airflow/dags/pipeline_completo.py for tasks to queue
[2025-12-07T19:10:42.758+0000] {logging_mixin.py:188} INFO - [2025-12-07T19:10:42.757+0000] {dagbag.py:545} INFO - Filling up the DagBag from /opt/airflow/dags/pipeline_completo.py
[2025-12-07T19:10:42.783+0000] {logging_mixin.py:188} INFO - [2025-12-07T19:10:42.782+0000] {templater.py:93} ERROR - Failed to resolve template field 'command'
Traceback (most recent call last):
  File "/home/airflow/.local/lib/python3.12/site-packages/airflow/template/templater.py", line 91, in resolve_template_files
    setattr(self, field, env.loader.get_source(env, content)[0])  # type: ignore
                         ^^^^^^^^^^^^^^^^^^^^^^^^^^^^^^^^^^^
  File "/home/airflow/.local/lib/python3.12/site-packages/jinja2/loaders.py", line 204, in get_source
    raise TemplateNotFound(template)
jinja2.exceptions.TemplateNotFound: ./ejecutar.sh
[2025-12-07T19:10:42.787+0000] {processor.py:840} INFO - DAG(s) 'flujo_etl_completo' retrieved from /opt/airflow/dags/pipeline_completo.py
[2025-12-07T19:10:42.808+0000] {logging_mixin.py:188} INFO - [2025-12-07T19:10:42.808+0000] {dag.py:3096} INFO - Sync 1 DAGs
[2025-12-07T19:10:42.827+0000] {logging_mixin.py:188} INFO - [2025-12-07T19:10:42.827+0000] {dag.py:3954} INFO - Setting next_dagrun for flujo_etl_completo to 2025-12-07 18:00:00+00:00, run_after=2025-12-07 19:00:00+00:00
[2025-12-07T19:10:42.847+0000] {processor.py:183} INFO - Processing /opt/airflow/dags/pipeline_completo.py took 0.098 seconds
[2025-12-07T19:12:34.587+0000] {processor.py:161} INFO - Started process (PID=168) to work on /opt/airflow/dags/pipeline_completo.py
[2025-12-07T19:12:34.589+0000] {processor.py:830} INFO - Processing file /opt/airflow/dags/pipeline_completo.py for tasks to queue
[2025-12-07T19:12:34.590+0000] {logging_mixin.py:188} INFO - [2025-12-07T19:12:34.590+0000] {dagbag.py:545} INFO - Filling up the DagBag from /opt/airflow/dags/pipeline_completo.py
[2025-12-07T19:12:34.627+0000] {logging_mixin.py:188} INFO - [2025-12-07T19:12:34.626+0000] {templater.py:93} ERROR - Failed to resolve template field 'command'
Traceback (most recent call last):
  File "/home/airflow/.local/lib/python3.12/site-packages/airflow/template/templater.py", line 91, in resolve_template_files
    setattr(self, field, env.loader.get_source(env, content)[0])  # type: ignore
                         ^^^^^^^^^^^^^^^^^^^^^^^^^^^^^^^^^^^
  File "/home/airflow/.local/lib/python3.12/site-packages/jinja2/loaders.py", line 204, in get_source
    raise TemplateNotFound(template)
jinja2.exceptions.TemplateNotFound: ./ejecutar.sh
[2025-12-07T19:12:34.637+0000] {processor.py:840} INFO - DAG(s) 'flujo_etl_completo' retrieved from /opt/airflow/dags/pipeline_completo.py
[2025-12-07T19:12:34.829+0000] {logging_mixin.py:188} INFO - [2025-12-07T19:12:34.828+0000] {override.py:1829} INFO - Created Permission View: can read on DAG:flujo_etl_completo
[2025-12-07T19:12:34.839+0000] {logging_mixin.py:188} INFO - [2025-12-07T19:12:34.839+0000] {override.py:1829} INFO - Created Permission View: can delete on DAG:flujo_etl_completo
[2025-12-07T19:12:34.845+0000] {logging_mixin.py:188} INFO - [2025-12-07T19:12:34.845+0000] {override.py:1829} INFO - Created Permission View: can edit on DAG:flujo_etl_completo
[2025-12-07T19:12:34.846+0000] {logging_mixin.py:188} INFO - [2025-12-07T19:12:34.846+0000] {dag.py:3096} INFO - Sync 1 DAGs
[2025-12-07T19:12:34.857+0000] {logging_mixin.py:188} INFO - [2025-12-07T19:12:34.857+0000] {dag.py:3118} INFO - Creating ORM DAG for flujo_etl_completo
[2025-12-07T19:12:34.872+0000] {logging_mixin.py:188} INFO - [2025-12-07T19:12:34.872+0000] {dag.py:3954} INFO - Setting next_dagrun for flujo_etl_completo to 2025-12-07 18:00:00+00:00, run_after=2025-12-07 19:00:00+00:00
[2025-12-07T19:12:34.898+0000] {processor.py:183} INFO - Processing /opt/airflow/dags/pipeline_completo.py took 0.315 seconds
[2025-12-07T19:13:05.169+0000] {processor.py:161} INFO - Started process (PID=173) to work on /opt/airflow/dags/pipeline_completo.py
[2025-12-07T19:13:05.170+0000] {processor.py:830} INFO - Processing file /opt/airflow/dags/pipeline_completo.py for tasks to queue
[2025-12-07T19:13:05.172+0000] {logging_mixin.py:188} INFO - [2025-12-07T19:13:05.172+0000] {dagbag.py:545} INFO - Filling up the DagBag from /opt/airflow/dags/pipeline_completo.py
[2025-12-07T19:13:05.210+0000] {logging_mixin.py:188} INFO - [2025-12-07T19:13:05.209+0000] {templater.py:93} ERROR - Failed to resolve template field 'command'
Traceback (most recent call last):
  File "/home/airflow/.local/lib/python3.12/site-packages/airflow/template/templater.py", line 91, in resolve_template_files
    setattr(self, field, env.loader.get_source(env, content)[0])  # type: ignore
                         ^^^^^^^^^^^^^^^^^^^^^^^^^^^^^^^^^^^
  File "/home/airflow/.local/lib/python3.12/site-packages/jinja2/loaders.py", line 204, in get_source
    raise TemplateNotFound(template)
jinja2.exceptions.TemplateNotFound: ./ejecutar.sh
[2025-12-07T19:13:05.215+0000] {processor.py:840} INFO - DAG(s) 'flujo_etl_completo' retrieved from /opt/airflow/dags/pipeline_completo.py
[2025-12-07T19:13:05.239+0000] {logging_mixin.py:188} INFO - [2025-12-07T19:13:05.239+0000] {dag.py:3096} INFO - Sync 1 DAGs
[2025-12-07T19:13:05.257+0000] {logging_mixin.py:188} INFO - [2025-12-07T19:13:05.257+0000] {dag.py:3954} INFO - Setting next_dagrun for flujo_etl_completo to 2025-12-07 18:00:00+00:00, run_after=2025-12-07 19:00:00+00:00
[2025-12-07T19:13:05.276+0000] {processor.py:183} INFO - Processing /opt/airflow/dags/pipeline_completo.py took 0.112 seconds
[2025-12-07T19:13:35.439+0000] {processor.py:161} INFO - Started process (PID=178) to work on /opt/airflow/dags/pipeline_completo.py
[2025-12-07T19:13:35.440+0000] {processor.py:830} INFO - Processing file /opt/airflow/dags/pipeline_completo.py for tasks to queue
[2025-12-07T19:13:35.442+0000] {logging_mixin.py:188} INFO - [2025-12-07T19:13:35.442+0000] {dagbag.py:545} INFO - Filling up the DagBag from /opt/airflow/dags/pipeline_completo.py
[2025-12-07T19:13:35.475+0000] {logging_mixin.py:188} INFO - [2025-12-07T19:13:35.473+0000] {templater.py:93} ERROR - Failed to resolve template field 'command'
Traceback (most recent call last):
  File "/home/airflow/.local/lib/python3.12/site-packages/airflow/template/templater.py", line 91, in resolve_template_files
    setattr(self, field, env.loader.get_source(env, content)[0])  # type: ignore
                         ^^^^^^^^^^^^^^^^^^^^^^^^^^^^^^^^^^^
  File "/home/airflow/.local/lib/python3.12/site-packages/jinja2/loaders.py", line 204, in get_source
    raise TemplateNotFound(template)
jinja2.exceptions.TemplateNotFound: ./ejecutar.sh
[2025-12-07T19:13:35.480+0000] {processor.py:840} INFO - DAG(s) 'flujo_etl_completo' retrieved from /opt/airflow/dags/pipeline_completo.py
[2025-12-07T19:13:35.506+0000] {logging_mixin.py:188} INFO - [2025-12-07T19:13:35.506+0000] {dag.py:3096} INFO - Sync 1 DAGs
[2025-12-07T19:13:35.530+0000] {logging_mixin.py:188} INFO - [2025-12-07T19:13:35.530+0000] {dag.py:3954} INFO - Setting next_dagrun for flujo_etl_completo to 2025-12-07 18:00:00+00:00, run_after=2025-12-07 19:00:00+00:00
[2025-12-07T19:13:35.549+0000] {processor.py:183} INFO - Processing /opt/airflow/dags/pipeline_completo.py took 0.115 seconds
[2025-12-07T19:14:05.805+0000] {processor.py:161} INFO - Started process (PID=183) to work on /opt/airflow/dags/pipeline_completo.py
[2025-12-07T19:14:05.806+0000] {processor.py:830} INFO - Processing file /opt/airflow/dags/pipeline_completo.py for tasks to queue
[2025-12-07T19:14:05.808+0000] {logging_mixin.py:188} INFO - [2025-12-07T19:14:05.807+0000] {dagbag.py:545} INFO - Filling up the DagBag from /opt/airflow/dags/pipeline_completo.py
[2025-12-07T19:14:05.836+0000] {logging_mixin.py:188} INFO - [2025-12-07T19:14:05.835+0000] {templater.py:93} ERROR - Failed to resolve template field 'command'
Traceback (most recent call last):
  File "/home/airflow/.local/lib/python3.12/site-packages/airflow/template/templater.py", line 91, in resolve_template_files
    setattr(self, field, env.loader.get_source(env, content)[0])  # type: ignore
                         ^^^^^^^^^^^^^^^^^^^^^^^^^^^^^^^^^^^
  File "/home/airflow/.local/lib/python3.12/site-packages/jinja2/loaders.py", line 204, in get_source
    raise TemplateNotFound(template)
jinja2.exceptions.TemplateNotFound: ./ejecutar.sh
[2025-12-07T19:14:05.840+0000] {processor.py:840} INFO - DAG(s) 'flujo_etl_completo' retrieved from /opt/airflow/dags/pipeline_completo.py
[2025-12-07T19:14:05.863+0000] {logging_mixin.py:188} INFO - [2025-12-07T19:14:05.862+0000] {dag.py:3096} INFO - Sync 1 DAGs
[2025-12-07T19:14:05.881+0000] {logging_mixin.py:188} INFO - [2025-12-07T19:14:05.881+0000] {dag.py:3954} INFO - Setting next_dagrun for flujo_etl_completo to 2025-12-07 18:00:00+00:00, run_after=2025-12-07 19:00:00+00:00
[2025-12-07T19:14:05.901+0000] {processor.py:183} INFO - Processing /opt/airflow/dags/pipeline_completo.py took 0.100 seconds
[2025-12-07T19:14:36.101+0000] {processor.py:161} INFO - Started process (PID=188) to work on /opt/airflow/dags/pipeline_completo.py
[2025-12-07T19:14:36.102+0000] {processor.py:830} INFO - Processing file /opt/airflow/dags/pipeline_completo.py for tasks to queue
[2025-12-07T19:14:36.104+0000] {logging_mixin.py:188} INFO - [2025-12-07T19:14:36.103+0000] {dagbag.py:545} INFO - Filling up the DagBag from /opt/airflow/dags/pipeline_completo.py
[2025-12-07T19:14:36.136+0000] {logging_mixin.py:188} INFO - [2025-12-07T19:14:36.135+0000] {templater.py:93} ERROR - Failed to resolve template field 'command'
Traceback (most recent call last):
  File "/home/airflow/.local/lib/python3.12/site-packages/airflow/template/templater.py", line 91, in resolve_template_files
    setattr(self, field, env.loader.get_source(env, content)[0])  # type: ignore
                         ^^^^^^^^^^^^^^^^^^^^^^^^^^^^^^^^^^^
  File "/home/airflow/.local/lib/python3.12/site-packages/jinja2/loaders.py", line 204, in get_source
    raise TemplateNotFound(template)
jinja2.exceptions.TemplateNotFound: ./ejecutar.sh
[2025-12-07T19:14:36.140+0000] {processor.py:840} INFO - DAG(s) 'flujo_etl_completo' retrieved from /opt/airflow/dags/pipeline_completo.py
[2025-12-07T19:14:36.159+0000] {logging_mixin.py:188} INFO - [2025-12-07T19:14:36.158+0000] {dag.py:3096} INFO - Sync 1 DAGs
[2025-12-07T19:14:36.176+0000] {logging_mixin.py:188} INFO - [2025-12-07T19:14:36.176+0000] {dag.py:3954} INFO - Setting next_dagrun for flujo_etl_completo to 2025-12-07 18:00:00+00:00, run_after=2025-12-07 19:00:00+00:00
[2025-12-07T19:14:36.194+0000] {processor.py:183} INFO - Processing /opt/airflow/dags/pipeline_completo.py took 0.098 seconds
[2025-12-07T19:15:06.381+0000] {processor.py:161} INFO - Started process (PID=193) to work on /opt/airflow/dags/pipeline_completo.py
[2025-12-07T19:15:06.382+0000] {processor.py:830} INFO - Processing file /opt/airflow/dags/pipeline_completo.py for tasks to queue
[2025-12-07T19:15:06.383+0000] {logging_mixin.py:188} INFO - [2025-12-07T19:15:06.383+0000] {dagbag.py:545} INFO - Filling up the DagBag from /opt/airflow/dags/pipeline_completo.py
[2025-12-07T19:15:06.414+0000] {logging_mixin.py:188} INFO - [2025-12-07T19:15:06.413+0000] {templater.py:93} ERROR - Failed to resolve template field 'command'
Traceback (most recent call last):
  File "/home/airflow/.local/lib/python3.12/site-packages/airflow/template/templater.py", line 91, in resolve_template_files
    setattr(self, field, env.loader.get_source(env, content)[0])  # type: ignore
                         ^^^^^^^^^^^^^^^^^^^^^^^^^^^^^^^^^^^
  File "/home/airflow/.local/lib/python3.12/site-packages/jinja2/loaders.py", line 204, in get_source
    raise TemplateNotFound(template)
jinja2.exceptions.TemplateNotFound: ./ejecutar.sh
[2025-12-07T19:15:06.418+0000] {processor.py:840} INFO - DAG(s) 'flujo_etl_completo' retrieved from /opt/airflow/dags/pipeline_completo.py
[2025-12-07T19:15:06.437+0000] {logging_mixin.py:188} INFO - [2025-12-07T19:15:06.437+0000] {dag.py:3096} INFO - Sync 1 DAGs
[2025-12-07T19:15:06.453+0000] {logging_mixin.py:188} INFO - [2025-12-07T19:15:06.453+0000] {dag.py:3954} INFO - Setting next_dagrun for flujo_etl_completo to 2025-12-07 18:00:00+00:00, run_after=2025-12-07 19:00:00+00:00
[2025-12-07T19:15:06.469+0000] {processor.py:183} INFO - Processing /opt/airflow/dags/pipeline_completo.py took 0.093 seconds
[2025-12-07T19:15:36.764+0000] {processor.py:161} INFO - Started process (PID=198) to work on /opt/airflow/dags/pipeline_completo.py
[2025-12-07T19:15:36.765+0000] {processor.py:830} INFO - Processing file /opt/airflow/dags/pipeline_completo.py for tasks to queue
[2025-12-07T19:15:36.768+0000] {logging_mixin.py:188} INFO - [2025-12-07T19:15:36.768+0000] {dagbag.py:545} INFO - Filling up the DagBag from /opt/airflow/dags/pipeline_completo.py
[2025-12-07T19:15:36.798+0000] {logging_mixin.py:188} INFO - [2025-12-07T19:15:36.797+0000] {templater.py:93} ERROR - Failed to resolve template field 'command'
Traceback (most recent call last):
  File "/home/airflow/.local/lib/python3.12/site-packages/airflow/template/templater.py", line 91, in resolve_template_files
    setattr(self, field, env.loader.get_source(env, content)[0])  # type: ignore
                         ^^^^^^^^^^^^^^^^^^^^^^^^^^^^^^^^^^^
  File "/home/airflow/.local/lib/python3.12/site-packages/jinja2/loaders.py", line 204, in get_source
    raise TemplateNotFound(template)
jinja2.exceptions.TemplateNotFound: ./ejecutar.sh
[2025-12-07T19:15:36.804+0000] {processor.py:840} INFO - DAG(s) 'flujo_etl_completo' retrieved from /opt/airflow/dags/pipeline_completo.py
[2025-12-07T19:15:36.831+0000] {logging_mixin.py:188} INFO - [2025-12-07T19:15:36.831+0000] {dag.py:3096} INFO - Sync 1 DAGs
[2025-12-07T19:15:36.851+0000] {logging_mixin.py:188} INFO - [2025-12-07T19:15:36.851+0000] {dag.py:3954} INFO - Setting next_dagrun for flujo_etl_completo to 2025-12-07 18:00:00+00:00, run_after=2025-12-07 19:00:00+00:00
[2025-12-07T19:15:36.869+0000] {processor.py:183} INFO - Processing /opt/airflow/dags/pipeline_completo.py took 0.110 seconds
[2025-12-07T19:16:07.181+0000] {processor.py:161} INFO - Started process (PID=267) to work on /opt/airflow/dags/pipeline_completo.py
[2025-12-07T19:16:07.183+0000] {processor.py:830} INFO - Processing file /opt/airflow/dags/pipeline_completo.py for tasks to queue
[2025-12-07T19:16:07.191+0000] {logging_mixin.py:188} INFO - [2025-12-07T19:16:07.189+0000] {dagbag.py:545} INFO - Filling up the DagBag from /opt/airflow/dags/pipeline_completo.py
[2025-12-07T19:16:07.297+0000] {logging_mixin.py:188} INFO - [2025-12-07T19:16:07.294+0000] {templater.py:93} ERROR - Failed to resolve template field 'command'
Traceback (most recent call last):
  File "/home/airflow/.local/lib/python3.12/site-packages/airflow/template/templater.py", line 91, in resolve_template_files
    setattr(self, field, env.loader.get_source(env, content)[0])  # type: ignore
                         ^^^^^^^^^^^^^^^^^^^^^^^^^^^^^^^^^^^
  File "/home/airflow/.local/lib/python3.12/site-packages/jinja2/loaders.py", line 204, in get_source
    raise TemplateNotFound(template)
jinja2.exceptions.TemplateNotFound: ./ejecutar.sh
[2025-12-07T19:16:07.324+0000] {processor.py:840} INFO - DAG(s) 'flujo_etl_completo' retrieved from /opt/airflow/dags/pipeline_completo.py
[2025-12-07T19:16:07.396+0000] {logging_mixin.py:188} INFO - [2025-12-07T19:16:07.396+0000] {dag.py:3096} INFO - Sync 1 DAGs
[2025-12-07T19:16:07.447+0000] {logging_mixin.py:188} INFO - [2025-12-07T19:16:07.447+0000] {dag.py:3954} INFO - Setting next_dagrun for flujo_etl_completo to 2025-12-07 18:00:00+00:00, run_after=2025-12-07 19:00:00+00:00
[2025-12-07T19:16:07.514+0000] {processor.py:183} INFO - Processing /opt/airflow/dags/pipeline_completo.py took 0.362 seconds
[2025-12-07T19:17:11.426+0000] {processor.py:161} INFO - Started process (PID=168) to work on /opt/airflow/dags/pipeline_completo.py
[2025-12-07T19:17:11.427+0000] {processor.py:830} INFO - Processing file /opt/airflow/dags/pipeline_completo.py for tasks to queue
[2025-12-07T19:17:11.430+0000] {logging_mixin.py:188} INFO - [2025-12-07T19:17:11.430+0000] {dagbag.py:545} INFO - Filling up the DagBag from /opt/airflow/dags/pipeline_completo.py
[2025-12-07T19:17:11.474+0000] {logging_mixin.py:188} INFO - [2025-12-07T19:17:11.473+0000] {templater.py:93} ERROR - Failed to resolve template field 'command'
Traceback (most recent call last):
  File "/home/airflow/.local/lib/python3.12/site-packages/airflow/template/templater.py", line 91, in resolve_template_files
    setattr(self, field, env.loader.get_source(env, content)[0])  # type: ignore
                         ^^^^^^^^^^^^^^^^^^^^^^^^^^^^^^^^^^^
  File "/home/airflow/.local/lib/python3.12/site-packages/jinja2/loaders.py", line 204, in get_source
    raise TemplateNotFound(template)
jinja2.exceptions.TemplateNotFound: ./ejecutar.sh
[2025-12-07T19:17:11.488+0000] {processor.py:840} INFO - DAG(s) 'flujo_etl_completo' retrieved from /opt/airflow/dags/pipeline_completo.py
[2025-12-07T19:17:11.826+0000] {logging_mixin.py:188} INFO - [2025-12-07T19:17:11.825+0000] {override.py:1829} INFO - Created Permission View: can delete on DAG:flujo_etl_completo
[2025-12-07T19:17:11.840+0000] {logging_mixin.py:188} INFO - [2025-12-07T19:17:11.840+0000] {override.py:1829} INFO - Created Permission View: can edit on DAG:flujo_etl_completo
[2025-12-07T19:17:11.852+0000] {logging_mixin.py:188} INFO - [2025-12-07T19:17:11.851+0000] {override.py:1829} INFO - Created Permission View: can read on DAG:flujo_etl_completo
[2025-12-07T19:17:11.856+0000] {logging_mixin.py:188} INFO - [2025-12-07T19:17:11.855+0000] {dag.py:3096} INFO - Sync 1 DAGs
[2025-12-07T19:17:11.874+0000] {logging_mixin.py:188} INFO - [2025-12-07T19:17:11.874+0000] {dag.py:3118} INFO - Creating ORM DAG for flujo_etl_completo
[2025-12-07T19:17:11.889+0000] {logging_mixin.py:188} INFO - [2025-12-07T19:17:11.889+0000] {dag.py:3954} INFO - Setting next_dagrun for flujo_etl_completo to 2025-12-07 18:00:00+00:00, run_after=2025-12-07 19:00:00+00:00
[2025-12-07T19:17:11.918+0000] {processor.py:183} INFO - Processing /opt/airflow/dags/pipeline_completo.py took 0.499 seconds
[2025-12-07T19:17:42.264+0000] {processor.py:161} INFO - Started process (PID=173) to work on /opt/airflow/dags/pipeline_completo.py
[2025-12-07T19:17:42.265+0000] {processor.py:830} INFO - Processing file /opt/airflow/dags/pipeline_completo.py for tasks to queue
[2025-12-07T19:17:42.267+0000] {logging_mixin.py:188} INFO - [2025-12-07T19:17:42.266+0000] {dagbag.py:545} INFO - Filling up the DagBag from /opt/airflow/dags/pipeline_completo.py
[2025-12-07T19:17:42.302+0000] {logging_mixin.py:188} INFO - [2025-12-07T19:17:42.300+0000] {templater.py:93} ERROR - Failed to resolve template field 'command'
Traceback (most recent call last):
  File "/home/airflow/.local/lib/python3.12/site-packages/airflow/template/templater.py", line 91, in resolve_template_files
    setattr(self, field, env.loader.get_source(env, content)[0])  # type: ignore
                         ^^^^^^^^^^^^^^^^^^^^^^^^^^^^^^^^^^^
  File "/home/airflow/.local/lib/python3.12/site-packages/jinja2/loaders.py", line 204, in get_source
    raise TemplateNotFound(template)
jinja2.exceptions.TemplateNotFound: ./ejecutar.sh
[2025-12-07T19:17:42.306+0000] {processor.py:840} INFO - DAG(s) 'flujo_etl_completo' retrieved from /opt/airflow/dags/pipeline_completo.py
[2025-12-07T19:17:42.333+0000] {logging_mixin.py:188} INFO - [2025-12-07T19:17:42.333+0000] {dag.py:3096} INFO - Sync 1 DAGs
[2025-12-07T19:17:42.354+0000] {logging_mixin.py:188} INFO - [2025-12-07T19:17:42.354+0000] {dag.py:3954} INFO - Setting next_dagrun for flujo_etl_completo to 2025-12-07 18:00:00+00:00, run_after=2025-12-07 19:00:00+00:00
[2025-12-07T19:17:42.374+0000] {processor.py:183} INFO - Processing /opt/airflow/dags/pipeline_completo.py took 0.115 seconds
[2025-12-07T19:18:12.529+0000] {processor.py:161} INFO - Started process (PID=178) to work on /opt/airflow/dags/pipeline_completo.py
[2025-12-07T19:18:12.531+0000] {processor.py:830} INFO - Processing file /opt/airflow/dags/pipeline_completo.py for tasks to queue
[2025-12-07T19:18:12.533+0000] {logging_mixin.py:188} INFO - [2025-12-07T19:18:12.533+0000] {dagbag.py:545} INFO - Filling up the DagBag from /opt/airflow/dags/pipeline_completo.py
[2025-12-07T19:18:12.576+0000] {logging_mixin.py:188} INFO - [2025-12-07T19:18:12.575+0000] {templater.py:93} ERROR - Failed to resolve template field 'command'
Traceback (most recent call last):
  File "/home/airflow/.local/lib/python3.12/site-packages/airflow/template/templater.py", line 91, in resolve_template_files
    setattr(self, field, env.loader.get_source(env, content)[0])  # type: ignore
                         ^^^^^^^^^^^^^^^^^^^^^^^^^^^^^^^^^^^
  File "/home/airflow/.local/lib/python3.12/site-packages/jinja2/loaders.py", line 204, in get_source
    raise TemplateNotFound(template)
jinja2.exceptions.TemplateNotFound: ./ejecutar.sh
[2025-12-07T19:18:12.582+0000] {processor.py:840} INFO - DAG(s) 'flujo_etl_completo' retrieved from /opt/airflow/dags/pipeline_completo.py
[2025-12-07T19:18:12.609+0000] {logging_mixin.py:188} INFO - [2025-12-07T19:18:12.609+0000] {dag.py:3096} INFO - Sync 1 DAGs
[2025-12-07T19:18:12.631+0000] {logging_mixin.py:188} INFO - [2025-12-07T19:18:12.631+0000] {dag.py:3954} INFO - Setting next_dagrun for flujo_etl_completo to 2025-12-07 18:00:00+00:00, run_after=2025-12-07 19:00:00+00:00
[2025-12-07T19:18:12.649+0000] {processor.py:183} INFO - Processing /opt/airflow/dags/pipeline_completo.py took 0.127 seconds
[2025-12-07T19:18:42.898+0000] {processor.py:161} INFO - Started process (PID=191) to work on /opt/airflow/dags/pipeline_completo.py
[2025-12-07T19:18:42.899+0000] {processor.py:830} INFO - Processing file /opt/airflow/dags/pipeline_completo.py for tasks to queue
[2025-12-07T19:18:42.902+0000] {logging_mixin.py:188} INFO - [2025-12-07T19:18:42.901+0000] {dagbag.py:545} INFO - Filling up the DagBag from /opt/airflow/dags/pipeline_completo.py
[2025-12-07T19:18:42.952+0000] {logging_mixin.py:188} INFO - [2025-12-07T19:18:42.951+0000] {templater.py:93} ERROR - Failed to resolve template field 'command'
Traceback (most recent call last):
  File "/home/airflow/.local/lib/python3.12/site-packages/airflow/template/templater.py", line 91, in resolve_template_files
    setattr(self, field, env.loader.get_source(env, content)[0])  # type: ignore
                         ^^^^^^^^^^^^^^^^^^^^^^^^^^^^^^^^^^^
  File "/home/airflow/.local/lib/python3.12/site-packages/jinja2/loaders.py", line 204, in get_source
    raise TemplateNotFound(template)
jinja2.exceptions.TemplateNotFound: ./ejecutar.sh
[2025-12-07T19:18:42.957+0000] {processor.py:840} INFO - DAG(s) 'flujo_etl_completo' retrieved from /opt/airflow/dags/pipeline_completo.py
[2025-12-07T19:18:42.985+0000] {logging_mixin.py:188} INFO - [2025-12-07T19:18:42.985+0000] {dag.py:3096} INFO - Sync 1 DAGs
[2025-12-07T19:18:43.007+0000] {logging_mixin.py:188} INFO - [2025-12-07T19:18:43.007+0000] {dag.py:3954} INFO - Setting next_dagrun for flujo_etl_completo to 2025-12-07 19:00:00+00:00, run_after=2025-12-07 20:00:00+00:00
[2025-12-07T19:18:43.025+0000] {processor.py:183} INFO - Processing /opt/airflow/dags/pipeline_completo.py took 0.132 seconds
[2025-12-07T19:19:13.275+0000] {processor.py:161} INFO - Started process (PID=196) to work on /opt/airflow/dags/pipeline_completo.py
[2025-12-07T19:19:13.276+0000] {processor.py:830} INFO - Processing file /opt/airflow/dags/pipeline_completo.py for tasks to queue
[2025-12-07T19:19:13.277+0000] {logging_mixin.py:188} INFO - [2025-12-07T19:19:13.277+0000] {dagbag.py:545} INFO - Filling up the DagBag from /opt/airflow/dags/pipeline_completo.py
[2025-12-07T19:19:13.309+0000] {logging_mixin.py:188} INFO - [2025-12-07T19:19:13.308+0000] {templater.py:93} ERROR - Failed to resolve template field 'command'
Traceback (most recent call last):
  File "/home/airflow/.local/lib/python3.12/site-packages/airflow/template/templater.py", line 91, in resolve_template_files
    setattr(self, field, env.loader.get_source(env, content)[0])  # type: ignore
                         ^^^^^^^^^^^^^^^^^^^^^^^^^^^^^^^^^^^
  File "/home/airflow/.local/lib/python3.12/site-packages/jinja2/loaders.py", line 204, in get_source
    raise TemplateNotFound(template)
jinja2.exceptions.TemplateNotFound: ./ejecutar.sh
[2025-12-07T19:19:13.312+0000] {processor.py:840} INFO - DAG(s) 'flujo_etl_completo' retrieved from /opt/airflow/dags/pipeline_completo.py
[2025-12-07T19:19:13.333+0000] {logging_mixin.py:188} INFO - [2025-12-07T19:19:13.333+0000] {dag.py:3096} INFO - Sync 1 DAGs
[2025-12-07T19:19:13.350+0000] {logging_mixin.py:188} INFO - [2025-12-07T19:19:13.349+0000] {dag.py:3954} INFO - Setting next_dagrun for flujo_etl_completo to 2025-12-07 19:00:00+00:00, run_after=2025-12-07 20:00:00+00:00
[2025-12-07T19:19:13.366+0000] {processor.py:183} INFO - Processing /opt/airflow/dags/pipeline_completo.py took 0.095 seconds
[2025-12-07T19:19:44.236+0000] {processor.py:161} INFO - Started process (PID=201) to work on /opt/airflow/dags/pipeline_completo.py
[2025-12-07T19:19:44.254+0000] {processor.py:830} INFO - Processing file /opt/airflow/dags/pipeline_completo.py for tasks to queue
[2025-12-07T19:19:44.265+0000] {logging_mixin.py:188} INFO - [2025-12-07T19:19:44.264+0000] {dagbag.py:545} INFO - Filling up the DagBag from /opt/airflow/dags/pipeline_completo.py
[2025-12-07T19:19:44.808+0000] {logging_mixin.py:188} INFO - [2025-12-07T19:19:44.807+0000] {templater.py:93} ERROR - Failed to resolve template field 'command'
Traceback (most recent call last):
  File "/home/airflow/.local/lib/python3.12/site-packages/airflow/template/templater.py", line 91, in resolve_template_files
    setattr(self, field, env.loader.get_source(env, content)[0])  # type: ignore
                         ^^^^^^^^^^^^^^^^^^^^^^^^^^^^^^^^^^^
  File "/home/airflow/.local/lib/python3.12/site-packages/jinja2/loaders.py", line 204, in get_source
    raise TemplateNotFound(template)
jinja2.exceptions.TemplateNotFound: ./ejecutar.sh
[2025-12-07T19:19:44.815+0000] {processor.py:840} INFO - DAG(s) 'flujo_etl_completo' retrieved from /opt/airflow/dags/pipeline_completo.py
[2025-12-07T19:19:44.836+0000] {logging_mixin.py:188} INFO - [2025-12-07T19:19:44.836+0000] {dag.py:3096} INFO - Sync 1 DAGs
[2025-12-07T19:19:44.856+0000] {logging_mixin.py:188} INFO - [2025-12-07T19:19:44.856+0000] {dag.py:3954} INFO - Setting next_dagrun for flujo_etl_completo to 2025-12-07 19:00:00+00:00, run_after=2025-12-07 20:00:00+00:00
[2025-12-07T19:19:44.876+0000] {processor.py:183} INFO - Processing /opt/airflow/dags/pipeline_completo.py took 0.645 seconds
[2025-12-07T19:19:58.000+0000] {processor.py:161} INFO - Started process (PID=206) to work on /opt/airflow/dags/pipeline_completo.py
[2025-12-07T19:19:58.001+0000] {processor.py:830} INFO - Processing file /opt/airflow/dags/pipeline_completo.py for tasks to queue
[2025-12-07T19:19:58.002+0000] {logging_mixin.py:188} INFO - [2025-12-07T19:19:58.002+0000] {dagbag.py:545} INFO - Filling up the DagBag from /opt/airflow/dags/pipeline_completo.py
[2025-12-07T19:19:58.047+0000] {logging_mixin.py:188} INFO - [2025-12-07T19:19:58.046+0000] {templater.py:93} ERROR - Failed to resolve template field 'command'
Traceback (most recent call last):
  File "/home/airflow/.local/lib/python3.12/site-packages/airflow/template/templater.py", line 91, in resolve_template_files
    setattr(self, field, env.loader.get_source(env, content)[0])  # type: ignore
                         ^^^^^^^^^^^^^^^^^^^^^^^^^^^^^^^^^^^
  File "/home/airflow/.local/lib/python3.12/site-packages/jinja2/loaders.py", line 204, in get_source
    raise TemplateNotFound(template)
jinja2.exceptions.TemplateNotFound: ./ejecutar.sh
[2025-12-07T19:19:58.050+0000] {processor.py:840} INFO - DAG(s) 'flujo_etl_completo' retrieved from /opt/airflow/dags/pipeline_completo.py
[2025-12-07T19:19:58.130+0000] {logging_mixin.py:188} INFO - [2025-12-07T19:19:58.130+0000] {dag.py:3096} INFO - Sync 1 DAGs
[2025-12-07T19:19:58.146+0000] {logging_mixin.py:188} INFO - [2025-12-07T19:19:58.146+0000] {dag.py:3954} INFO - Setting next_dagrun for flujo_etl_completo to 2025-12-07 19:00:00+00:00, run_after=2025-12-07 20:00:00+00:00
[2025-12-07T19:19:58.170+0000] {processor.py:183} INFO - Processing /opt/airflow/dags/pipeline_completo.py took 0.174 seconds
[2025-12-07T19:21:16.451+0000] {processor.py:161} INFO - Started process (PID=168) to work on /opt/airflow/dags/pipeline_completo.py
[2025-12-07T19:21:16.452+0000] {processor.py:830} INFO - Processing file /opt/airflow/dags/pipeline_completo.py for tasks to queue
[2025-12-07T19:21:16.455+0000] {logging_mixin.py:188} INFO - [2025-12-07T19:21:16.454+0000] {dagbag.py:545} INFO - Filling up the DagBag from /opt/airflow/dags/pipeline_completo.py
[2025-12-07T19:21:16.498+0000] {logging_mixin.py:188} INFO - [2025-12-07T19:21:16.496+0000] {templater.py:93} ERROR - Failed to resolve template field 'command'
Traceback (most recent call last):
  File "/home/airflow/.local/lib/python3.12/site-packages/airflow/template/templater.py", line 91, in resolve_template_files
    setattr(self, field, env.loader.get_source(env, content)[0])  # type: ignore
                         ^^^^^^^^^^^^^^^^^^^^^^^^^^^^^^^^^^^
  File "/home/airflow/.local/lib/python3.12/site-packages/jinja2/loaders.py", line 204, in get_source
    raise TemplateNotFound(template)
jinja2.exceptions.TemplateNotFound: ./ejecutar.sh
[2025-12-07T19:21:16.516+0000] {processor.py:840} INFO - DAG(s) 'flujo_etl_completo' retrieved from /opt/airflow/dags/pipeline_completo.py
[2025-12-07T19:21:16.743+0000] {logging_mixin.py:188} INFO - [2025-12-07T19:21:16.742+0000] {override.py:1829} INFO - Created Permission View: can delete on DAG:flujo_etl_completo
[2025-12-07T19:21:16.752+0000] {logging_mixin.py:188} INFO - [2025-12-07T19:21:16.752+0000] {override.py:1829} INFO - Created Permission View: can read on DAG:flujo_etl_completo
[2025-12-07T19:21:16.761+0000] {logging_mixin.py:188} INFO - [2025-12-07T19:21:16.760+0000] {override.py:1829} INFO - Created Permission View: can edit on DAG:flujo_etl_completo
[2025-12-07T19:21:16.761+0000] {logging_mixin.py:188} INFO - [2025-12-07T19:21:16.761+0000] {dag.py:3096} INFO - Sync 1 DAGs
[2025-12-07T19:21:16.772+0000] {logging_mixin.py:188} INFO - [2025-12-07T19:21:16.772+0000] {dag.py:3118} INFO - Creating ORM DAG for flujo_etl_completo
[2025-12-07T19:21:16.781+0000] {logging_mixin.py:188} INFO - [2025-12-07T19:21:16.781+0000] {dag.py:3954} INFO - Setting next_dagrun for flujo_etl_completo to 2025-12-07 18:00:00+00:00, run_after=2025-12-07 19:00:00+00:00
[2025-12-07T19:21:16.804+0000] {processor.py:183} INFO - Processing /opt/airflow/dags/pipeline_completo.py took 0.362 seconds
[2025-12-07T19:21:47.317+0000] {processor.py:161} INFO - Started process (PID=181) to work on /opt/airflow/dags/pipeline_completo.py
[2025-12-07T19:21:47.322+0000] {processor.py:830} INFO - Processing file /opt/airflow/dags/pipeline_completo.py for tasks to queue
[2025-12-07T19:21:47.327+0000] {logging_mixin.py:188} INFO - [2025-12-07T19:21:47.326+0000] {dagbag.py:545} INFO - Filling up the DagBag from /opt/airflow/dags/pipeline_completo.py
[2025-12-07T19:21:47.473+0000] {logging_mixin.py:188} INFO - [2025-12-07T19:21:47.472+0000] {templater.py:93} ERROR - Failed to resolve template field 'command'
Traceback (most recent call last):
  File "/home/airflow/.local/lib/python3.12/site-packages/airflow/template/templater.py", line 91, in resolve_template_files
    setattr(self, field, env.loader.get_source(env, content)[0])  # type: ignore
                         ^^^^^^^^^^^^^^^^^^^^^^^^^^^^^^^^^^^
  File "/home/airflow/.local/lib/python3.12/site-packages/jinja2/loaders.py", line 204, in get_source
    raise TemplateNotFound(template)
jinja2.exceptions.TemplateNotFound: ./ejecutar.sh
[2025-12-07T19:21:47.477+0000] {processor.py:840} INFO - DAG(s) 'flujo_etl_completo' retrieved from /opt/airflow/dags/pipeline_completo.py
[2025-12-07T19:21:47.502+0000] {logging_mixin.py:188} INFO - [2025-12-07T19:21:47.502+0000] {dag.py:3096} INFO - Sync 1 DAGs
[2025-12-07T19:21:47.524+0000] {logging_mixin.py:188} INFO - [2025-12-07T19:21:47.524+0000] {dag.py:3954} INFO - Setting next_dagrun for flujo_etl_completo to 2025-12-07 19:00:00+00:00, run_after=2025-12-07 20:00:00+00:00
[2025-12-07T19:21:47.543+0000] {processor.py:183} INFO - Processing /opt/airflow/dags/pipeline_completo.py took 0.232 seconds
[2025-12-07T19:22:17.815+0000] {processor.py:161} INFO - Started process (PID=186) to work on /opt/airflow/dags/pipeline_completo.py
[2025-12-07T19:22:17.817+0000] {processor.py:830} INFO - Processing file /opt/airflow/dags/pipeline_completo.py for tasks to queue
[2025-12-07T19:22:17.820+0000] {logging_mixin.py:188} INFO - [2025-12-07T19:22:17.819+0000] {dagbag.py:545} INFO - Filling up the DagBag from /opt/airflow/dags/pipeline_completo.py
[2025-12-07T19:22:17.848+0000] {logging_mixin.py:188} INFO - [2025-12-07T19:22:17.847+0000] {templater.py:93} ERROR - Failed to resolve template field 'command'
Traceback (most recent call last):
  File "/home/airflow/.local/lib/python3.12/site-packages/airflow/template/templater.py", line 91, in resolve_template_files
    setattr(self, field, env.loader.get_source(env, content)[0])  # type: ignore
                         ^^^^^^^^^^^^^^^^^^^^^^^^^^^^^^^^^^^
  File "/home/airflow/.local/lib/python3.12/site-packages/jinja2/loaders.py", line 204, in get_source
    raise TemplateNotFound(template)
jinja2.exceptions.TemplateNotFound: ./ejecutar.sh
[2025-12-07T19:22:17.853+0000] {processor.py:840} INFO - DAG(s) 'flujo_etl_completo' retrieved from /opt/airflow/dags/pipeline_completo.py
[2025-12-07T19:22:17.880+0000] {logging_mixin.py:188} INFO - [2025-12-07T19:22:17.880+0000] {dag.py:3096} INFO - Sync 1 DAGs
[2025-12-07T19:22:17.902+0000] {logging_mixin.py:188} INFO - [2025-12-07T19:22:17.901+0000] {dag.py:3954} INFO - Setting next_dagrun for flujo_etl_completo to 2025-12-07 19:00:00+00:00, run_after=2025-12-07 20:00:00+00:00
[2025-12-07T19:22:17.937+0000] {processor.py:183} INFO - Processing /opt/airflow/dags/pipeline_completo.py took 0.130 seconds
[2025-12-07T19:22:48.108+0000] {processor.py:161} INFO - Started process (PID=191) to work on /opt/airflow/dags/pipeline_completo.py
[2025-12-07T19:22:48.109+0000] {processor.py:830} INFO - Processing file /opt/airflow/dags/pipeline_completo.py for tasks to queue
[2025-12-07T19:22:48.111+0000] {logging_mixin.py:188} INFO - [2025-12-07T19:22:48.111+0000] {dagbag.py:545} INFO - Filling up the DagBag from /opt/airflow/dags/pipeline_completo.py
[2025-12-07T19:22:48.141+0000] {logging_mixin.py:188} INFO - [2025-12-07T19:22:48.140+0000] {templater.py:93} ERROR - Failed to resolve template field 'command'
Traceback (most recent call last):
  File "/home/airflow/.local/lib/python3.12/site-packages/airflow/template/templater.py", line 91, in resolve_template_files
    setattr(self, field, env.loader.get_source(env, content)[0])  # type: ignore
                         ^^^^^^^^^^^^^^^^^^^^^^^^^^^^^^^^^^^
  File "/home/airflow/.local/lib/python3.12/site-packages/jinja2/loaders.py", line 204, in get_source
    raise TemplateNotFound(template)
jinja2.exceptions.TemplateNotFound: ./ejecutar.sh
[2025-12-07T19:22:48.144+0000] {processor.py:840} INFO - DAG(s) 'flujo_etl_completo' retrieved from /opt/airflow/dags/pipeline_completo.py
[2025-12-07T19:22:48.165+0000] {logging_mixin.py:188} INFO - [2025-12-07T19:22:48.165+0000] {dag.py:3096} INFO - Sync 1 DAGs
[2025-12-07T19:22:48.181+0000] {logging_mixin.py:188} INFO - [2025-12-07T19:22:48.181+0000] {dag.py:3954} INFO - Setting next_dagrun for flujo_etl_completo to 2025-12-07 19:00:00+00:00, run_after=2025-12-07 20:00:00+00:00
[2025-12-07T19:22:48.199+0000] {processor.py:183} INFO - Processing /opt/airflow/dags/pipeline_completo.py took 0.095 seconds
[2025-12-07T19:23:18.523+0000] {processor.py:161} INFO - Started process (PID=196) to work on /opt/airflow/dags/pipeline_completo.py
[2025-12-07T19:23:18.524+0000] {processor.py:830} INFO - Processing file /opt/airflow/dags/pipeline_completo.py for tasks to queue
[2025-12-07T19:23:18.526+0000] {logging_mixin.py:188} INFO - [2025-12-07T19:23:18.526+0000] {dagbag.py:545} INFO - Filling up the DagBag from /opt/airflow/dags/pipeline_completo.py
[2025-12-07T19:23:18.554+0000] {logging_mixin.py:188} INFO - [2025-12-07T19:23:18.553+0000] {templater.py:93} ERROR - Failed to resolve template field 'command'
Traceback (most recent call last):
  File "/home/airflow/.local/lib/python3.12/site-packages/airflow/template/templater.py", line 91, in resolve_template_files
    setattr(self, field, env.loader.get_source(env, content)[0])  # type: ignore
                         ^^^^^^^^^^^^^^^^^^^^^^^^^^^^^^^^^^^
  File "/home/airflow/.local/lib/python3.12/site-packages/jinja2/loaders.py", line 204, in get_source
    raise TemplateNotFound(template)
jinja2.exceptions.TemplateNotFound: ./ejecutar.sh
[2025-12-07T19:23:18.557+0000] {processor.py:840} INFO - DAG(s) 'flujo_etl_completo' retrieved from /opt/airflow/dags/pipeline_completo.py
[2025-12-07T19:23:18.578+0000] {logging_mixin.py:188} INFO - [2025-12-07T19:23:18.578+0000] {dag.py:3096} INFO - Sync 1 DAGs
[2025-12-07T19:23:18.596+0000] {logging_mixin.py:188} INFO - [2025-12-07T19:23:18.596+0000] {dag.py:3954} INFO - Setting next_dagrun for flujo_etl_completo to 2025-12-07 19:00:00+00:00, run_after=2025-12-07 20:00:00+00:00
[2025-12-07T19:23:18.614+0000] {processor.py:183} INFO - Processing /opt/airflow/dags/pipeline_completo.py took 0.095 seconds
[2025-12-07T19:23:48.822+0000] {processor.py:161} INFO - Started process (PID=201) to work on /opt/airflow/dags/pipeline_completo.py
[2025-12-07T19:23:48.823+0000] {processor.py:830} INFO - Processing file /opt/airflow/dags/pipeline_completo.py for tasks to queue
[2025-12-07T19:23:48.825+0000] {logging_mixin.py:188} INFO - [2025-12-07T19:23:48.825+0000] {dagbag.py:545} INFO - Filling up the DagBag from /opt/airflow/dags/pipeline_completo.py
[2025-12-07T19:23:48.864+0000] {logging_mixin.py:188} INFO - [2025-12-07T19:23:48.863+0000] {templater.py:93} ERROR - Failed to resolve template field 'command'
Traceback (most recent call last):
  File "/home/airflow/.local/lib/python3.12/site-packages/airflow/template/templater.py", line 91, in resolve_template_files
    setattr(self, field, env.loader.get_source(env, content)[0])  # type: ignore
                         ^^^^^^^^^^^^^^^^^^^^^^^^^^^^^^^^^^^
  File "/home/airflow/.local/lib/python3.12/site-packages/jinja2/loaders.py", line 204, in get_source
    raise TemplateNotFound(template)
jinja2.exceptions.TemplateNotFound: ./ejecutar.sh
[2025-12-07T19:23:48.869+0000] {processor.py:840} INFO - DAG(s) 'flujo_etl_completo' retrieved from /opt/airflow/dags/pipeline_completo.py
[2025-12-07T19:23:48.895+0000] {logging_mixin.py:188} INFO - [2025-12-07T19:23:48.895+0000] {dag.py:3096} INFO - Sync 1 DAGs
[2025-12-07T19:23:48.917+0000] {logging_mixin.py:188} INFO - [2025-12-07T19:23:48.917+0000] {dag.py:3954} INFO - Setting next_dagrun for flujo_etl_completo to 2025-12-07 19:00:00+00:00, run_after=2025-12-07 20:00:00+00:00
[2025-12-07T19:23:48.939+0000] {processor.py:183} INFO - Processing /opt/airflow/dags/pipeline_completo.py took 0.122 seconds
[2025-12-07T19:24:19.177+0000] {processor.py:161} INFO - Started process (PID=206) to work on /opt/airflow/dags/pipeline_completo.py
[2025-12-07T19:24:19.179+0000] {processor.py:830} INFO - Processing file /opt/airflow/dags/pipeline_completo.py for tasks to queue
[2025-12-07T19:24:19.181+0000] {logging_mixin.py:188} INFO - [2025-12-07T19:24:19.180+0000] {dagbag.py:545} INFO - Filling up the DagBag from /opt/airflow/dags/pipeline_completo.py
[2025-12-07T19:24:19.239+0000] {logging_mixin.py:188} INFO - [2025-12-07T19:24:19.238+0000] {templater.py:93} ERROR - Failed to resolve template field 'command'
Traceback (most recent call last):
  File "/home/airflow/.local/lib/python3.12/site-packages/airflow/template/templater.py", line 91, in resolve_template_files
    setattr(self, field, env.loader.get_source(env, content)[0])  # type: ignore
                         ^^^^^^^^^^^^^^^^^^^^^^^^^^^^^^^^^^^
  File "/home/airflow/.local/lib/python3.12/site-packages/jinja2/loaders.py", line 204, in get_source
    raise TemplateNotFound(template)
jinja2.exceptions.TemplateNotFound: ./ejecutar.sh
[2025-12-07T19:24:19.250+0000] {processor.py:840} INFO - DAG(s) 'flujo_etl_completo' retrieved from /opt/airflow/dags/pipeline_completo.py
[2025-12-07T19:24:19.277+0000] {logging_mixin.py:188} INFO - [2025-12-07T19:24:19.277+0000] {dag.py:3096} INFO - Sync 1 DAGs
[2025-12-07T19:24:19.295+0000] {logging_mixin.py:188} INFO - [2025-12-07T19:24:19.295+0000] {dag.py:3954} INFO - Setting next_dagrun for flujo_etl_completo to 2025-12-07 19:00:00+00:00, run_after=2025-12-07 20:00:00+00:00
[2025-12-07T19:24:19.319+0000] {processor.py:183} INFO - Processing /opt/airflow/dags/pipeline_completo.py took 0.147 seconds
[2025-12-07T19:24:49.579+0000] {processor.py:161} INFO - Started process (PID=211) to work on /opt/airflow/dags/pipeline_completo.py
[2025-12-07T19:24:49.581+0000] {processor.py:830} INFO - Processing file /opt/airflow/dags/pipeline_completo.py for tasks to queue
[2025-12-07T19:24:49.582+0000] {logging_mixin.py:188} INFO - [2025-12-07T19:24:49.582+0000] {dagbag.py:545} INFO - Filling up the DagBag from /opt/airflow/dags/pipeline_completo.py
[2025-12-07T19:24:49.614+0000] {logging_mixin.py:188} INFO - [2025-12-07T19:24:49.613+0000] {templater.py:93} ERROR - Failed to resolve template field 'command'
Traceback (most recent call last):
  File "/home/airflow/.local/lib/python3.12/site-packages/airflow/template/templater.py", line 91, in resolve_template_files
    setattr(self, field, env.loader.get_source(env, content)[0])  # type: ignore
                         ^^^^^^^^^^^^^^^^^^^^^^^^^^^^^^^^^^^
  File "/home/airflow/.local/lib/python3.12/site-packages/jinja2/loaders.py", line 204, in get_source
    raise TemplateNotFound(template)
jinja2.exceptions.TemplateNotFound: ./ejecutar.sh
[2025-12-07T19:24:49.618+0000] {processor.py:840} INFO - DAG(s) 'flujo_etl_completo' retrieved from /opt/airflow/dags/pipeline_completo.py
[2025-12-07T19:24:49.642+0000] {logging_mixin.py:188} INFO - [2025-12-07T19:24:49.642+0000] {dag.py:3096} INFO - Sync 1 DAGs
[2025-12-07T19:24:49.661+0000] {logging_mixin.py:188} INFO - [2025-12-07T19:24:49.661+0000] {dag.py:3954} INFO - Setting next_dagrun for flujo_etl_completo to 2025-12-07 19:00:00+00:00, run_after=2025-12-07 20:00:00+00:00
[2025-12-07T19:24:49.683+0000] {processor.py:183} INFO - Processing /opt/airflow/dags/pipeline_completo.py took 0.109 seconds
[2025-12-07T19:25:19.921+0000] {processor.py:161} INFO - Started process (PID=216) to work on /opt/airflow/dags/pipeline_completo.py
[2025-12-07T19:25:19.922+0000] {processor.py:830} INFO - Processing file /opt/airflow/dags/pipeline_completo.py for tasks to queue
[2025-12-07T19:25:19.924+0000] {logging_mixin.py:188} INFO - [2025-12-07T19:25:19.923+0000] {dagbag.py:545} INFO - Filling up the DagBag from /opt/airflow/dags/pipeline_completo.py
[2025-12-07T19:25:19.948+0000] {logging_mixin.py:188} INFO - [2025-12-07T19:25:19.947+0000] {templater.py:93} ERROR - Failed to resolve template field 'command'
Traceback (most recent call last):
  File "/home/airflow/.local/lib/python3.12/site-packages/airflow/template/templater.py", line 91, in resolve_template_files
    setattr(self, field, env.loader.get_source(env, content)[0])  # type: ignore
                         ^^^^^^^^^^^^^^^^^^^^^^^^^^^^^^^^^^^
  File "/home/airflow/.local/lib/python3.12/site-packages/jinja2/loaders.py", line 204, in get_source
    raise TemplateNotFound(template)
jinja2.exceptions.TemplateNotFound: ./ejecutar.sh
[2025-12-07T19:25:19.951+0000] {processor.py:840} INFO - DAG(s) 'flujo_etl_completo' retrieved from /opt/airflow/dags/pipeline_completo.py
[2025-12-07T19:25:19.971+0000] {logging_mixin.py:188} INFO - [2025-12-07T19:25:19.971+0000] {dag.py:3096} INFO - Sync 1 DAGs
[2025-12-07T19:25:19.990+0000] {logging_mixin.py:188} INFO - [2025-12-07T19:25:19.990+0000] {dag.py:3954} INFO - Setting next_dagrun for flujo_etl_completo to 2025-12-07 19:00:00+00:00, run_after=2025-12-07 20:00:00+00:00
[2025-12-07T19:25:20.008+0000] {processor.py:183} INFO - Processing /opt/airflow/dags/pipeline_completo.py took 0.092 seconds
[2025-12-07T19:25:50.280+0000] {processor.py:161} INFO - Started process (PID=221) to work on /opt/airflow/dags/pipeline_completo.py
[2025-12-07T19:25:50.281+0000] {processor.py:830} INFO - Processing file /opt/airflow/dags/pipeline_completo.py for tasks to queue
[2025-12-07T19:25:50.283+0000] {logging_mixin.py:188} INFO - [2025-12-07T19:25:50.282+0000] {dagbag.py:545} INFO - Filling up the DagBag from /opt/airflow/dags/pipeline_completo.py
[2025-12-07T19:25:50.310+0000] {logging_mixin.py:188} INFO - [2025-12-07T19:25:50.309+0000] {templater.py:93} ERROR - Failed to resolve template field 'command'
Traceback (most recent call last):
  File "/home/airflow/.local/lib/python3.12/site-packages/airflow/template/templater.py", line 91, in resolve_template_files
    setattr(self, field, env.loader.get_source(env, content)[0])  # type: ignore
                         ^^^^^^^^^^^^^^^^^^^^^^^^^^^^^^^^^^^
  File "/home/airflow/.local/lib/python3.12/site-packages/jinja2/loaders.py", line 204, in get_source
    raise TemplateNotFound(template)
jinja2.exceptions.TemplateNotFound: ./ejecutar.sh
[2025-12-07T19:25:50.314+0000] {processor.py:840} INFO - DAG(s) 'flujo_etl_completo' retrieved from /opt/airflow/dags/pipeline_completo.py
[2025-12-07T19:25:50.336+0000] {logging_mixin.py:188} INFO - [2025-12-07T19:25:50.335+0000] {dag.py:3096} INFO - Sync 1 DAGs
[2025-12-07T19:25:50.353+0000] {logging_mixin.py:188} INFO - [2025-12-07T19:25:50.353+0000] {dag.py:3954} INFO - Setting next_dagrun for flujo_etl_completo to 2025-12-07 19:00:00+00:00, run_after=2025-12-07 20:00:00+00:00
[2025-12-07T19:25:50.370+0000] {processor.py:183} INFO - Processing /opt/airflow/dags/pipeline_completo.py took 0.095 seconds
[2025-12-07T19:26:20.626+0000] {processor.py:161} INFO - Started process (PID=226) to work on /opt/airflow/dags/pipeline_completo.py
[2025-12-07T19:26:20.628+0000] {processor.py:830} INFO - Processing file /opt/airflow/dags/pipeline_completo.py for tasks to queue
[2025-12-07T19:26:20.631+0000] {logging_mixin.py:188} INFO - [2025-12-07T19:26:20.631+0000] {dagbag.py:545} INFO - Filling up the DagBag from /opt/airflow/dags/pipeline_completo.py
[2025-12-07T19:26:20.667+0000] {logging_mixin.py:188} INFO - [2025-12-07T19:26:20.666+0000] {templater.py:93} ERROR - Failed to resolve template field 'command'
Traceback (most recent call last):
  File "/home/airflow/.local/lib/python3.12/site-packages/airflow/template/templater.py", line 91, in resolve_template_files
    setattr(self, field, env.loader.get_source(env, content)[0])  # type: ignore
                         ^^^^^^^^^^^^^^^^^^^^^^^^^^^^^^^^^^^
  File "/home/airflow/.local/lib/python3.12/site-packages/jinja2/loaders.py", line 204, in get_source
    raise TemplateNotFound(template)
jinja2.exceptions.TemplateNotFound: ./ejecutar.sh
[2025-12-07T19:26:20.671+0000] {processor.py:840} INFO - DAG(s) 'flujo_etl_completo' retrieved from /opt/airflow/dags/pipeline_completo.py
[2025-12-07T19:26:20.691+0000] {logging_mixin.py:188} INFO - [2025-12-07T19:26:20.691+0000] {dag.py:3096} INFO - Sync 1 DAGs
[2025-12-07T19:26:20.708+0000] {logging_mixin.py:188} INFO - [2025-12-07T19:26:20.708+0000] {dag.py:3954} INFO - Setting next_dagrun for flujo_etl_completo to 2025-12-07 19:00:00+00:00, run_after=2025-12-07 20:00:00+00:00
[2025-12-07T19:26:20.726+0000] {processor.py:183} INFO - Processing /opt/airflow/dags/pipeline_completo.py took 0.107 seconds
[2025-12-07T19:26:50.930+0000] {processor.py:161} INFO - Started process (PID=231) to work on /opt/airflow/dags/pipeline_completo.py
[2025-12-07T19:26:50.932+0000] {processor.py:830} INFO - Processing file /opt/airflow/dags/pipeline_completo.py for tasks to queue
[2025-12-07T19:26:50.934+0000] {logging_mixin.py:188} INFO - [2025-12-07T19:26:50.933+0000] {dagbag.py:545} INFO - Filling up the DagBag from /opt/airflow/dags/pipeline_completo.py
[2025-12-07T19:26:50.964+0000] {logging_mixin.py:188} INFO - [2025-12-07T19:26:50.963+0000] {templater.py:93} ERROR - Failed to resolve template field 'command'
Traceback (most recent call last):
  File "/home/airflow/.local/lib/python3.12/site-packages/airflow/template/templater.py", line 91, in resolve_template_files
    setattr(self, field, env.loader.get_source(env, content)[0])  # type: ignore
                         ^^^^^^^^^^^^^^^^^^^^^^^^^^^^^^^^^^^
  File "/home/airflow/.local/lib/python3.12/site-packages/jinja2/loaders.py", line 204, in get_source
    raise TemplateNotFound(template)
jinja2.exceptions.TemplateNotFound: ./ejecutar.sh
[2025-12-07T19:26:50.967+0000] {processor.py:840} INFO - DAG(s) 'flujo_etl_completo' retrieved from /opt/airflow/dags/pipeline_completo.py
[2025-12-07T19:26:50.987+0000] {logging_mixin.py:188} INFO - [2025-12-07T19:26:50.987+0000] {dag.py:3096} INFO - Sync 1 DAGs
[2025-12-07T19:26:51.003+0000] {logging_mixin.py:188} INFO - [2025-12-07T19:26:51.003+0000] {dag.py:3954} INFO - Setting next_dagrun for flujo_etl_completo to 2025-12-07 19:00:00+00:00, run_after=2025-12-07 20:00:00+00:00
[2025-12-07T19:26:51.025+0000] {processor.py:183} INFO - Processing /opt/airflow/dags/pipeline_completo.py took 0.099 seconds
[2025-12-07T19:27:21.348+0000] {processor.py:161} INFO - Started process (PID=236) to work on /opt/airflow/dags/pipeline_completo.py
[2025-12-07T19:27:21.350+0000] {processor.py:830} INFO - Processing file /opt/airflow/dags/pipeline_completo.py for tasks to queue
[2025-12-07T19:27:21.352+0000] {logging_mixin.py:188} INFO - [2025-12-07T19:27:21.351+0000] {dagbag.py:545} INFO - Filling up the DagBag from /opt/airflow/dags/pipeline_completo.py
[2025-12-07T19:27:21.379+0000] {logging_mixin.py:188} INFO - [2025-12-07T19:27:21.378+0000] {templater.py:93} ERROR - Failed to resolve template field 'command'
Traceback (most recent call last):
  File "/home/airflow/.local/lib/python3.12/site-packages/airflow/template/templater.py", line 91, in resolve_template_files
    setattr(self, field, env.loader.get_source(env, content)[0])  # type: ignore
                         ^^^^^^^^^^^^^^^^^^^^^^^^^^^^^^^^^^^
  File "/home/airflow/.local/lib/python3.12/site-packages/jinja2/loaders.py", line 204, in get_source
    raise TemplateNotFound(template)
jinja2.exceptions.TemplateNotFound: ./ejecutar.sh
[2025-12-07T19:27:21.383+0000] {processor.py:840} INFO - DAG(s) 'flujo_etl_completo' retrieved from /opt/airflow/dags/pipeline_completo.py
[2025-12-07T19:27:21.404+0000] {logging_mixin.py:188} INFO - [2025-12-07T19:27:21.403+0000] {dag.py:3096} INFO - Sync 1 DAGs
[2025-12-07T19:27:21.422+0000] {logging_mixin.py:188} INFO - [2025-12-07T19:27:21.422+0000] {dag.py:3954} INFO - Setting next_dagrun for flujo_etl_completo to 2025-12-07 19:00:00+00:00, run_after=2025-12-07 20:00:00+00:00
[2025-12-07T19:27:21.439+0000] {processor.py:183} INFO - Processing /opt/airflow/dags/pipeline_completo.py took 0.096 seconds
[2025-12-07T19:27:51.661+0000] {processor.py:161} INFO - Started process (PID=241) to work on /opt/airflow/dags/pipeline_completo.py
[2025-12-07T19:27:51.662+0000] {processor.py:830} INFO - Processing file /opt/airflow/dags/pipeline_completo.py for tasks to queue
[2025-12-07T19:27:51.664+0000] {logging_mixin.py:188} INFO - [2025-12-07T19:27:51.664+0000] {dagbag.py:545} INFO - Filling up the DagBag from /opt/airflow/dags/pipeline_completo.py
[2025-12-07T19:27:51.689+0000] {logging_mixin.py:188} INFO - [2025-12-07T19:27:51.688+0000] {templater.py:93} ERROR - Failed to resolve template field 'command'
Traceback (most recent call last):
  File "/home/airflow/.local/lib/python3.12/site-packages/airflow/template/templater.py", line 91, in resolve_template_files
    setattr(self, field, env.loader.get_source(env, content)[0])  # type: ignore
                         ^^^^^^^^^^^^^^^^^^^^^^^^^^^^^^^^^^^
  File "/home/airflow/.local/lib/python3.12/site-packages/jinja2/loaders.py", line 204, in get_source
    raise TemplateNotFound(template)
jinja2.exceptions.TemplateNotFound: ./ejecutar.sh
[2025-12-07T19:27:51.693+0000] {processor.py:840} INFO - DAG(s) 'flujo_etl_completo' retrieved from /opt/airflow/dags/pipeline_completo.py
[2025-12-07T19:27:51.712+0000] {logging_mixin.py:188} INFO - [2025-12-07T19:27:51.712+0000] {dag.py:3096} INFO - Sync 1 DAGs
[2025-12-07T19:27:51.730+0000] {logging_mixin.py:188} INFO - [2025-12-07T19:27:51.730+0000] {dag.py:3954} INFO - Setting next_dagrun for flujo_etl_completo to 2025-12-07 19:00:00+00:00, run_after=2025-12-07 20:00:00+00:00
[2025-12-07T19:27:51.748+0000] {processor.py:183} INFO - Processing /opt/airflow/dags/pipeline_completo.py took 0.092 seconds
[2025-12-07T19:28:22.063+0000] {processor.py:161} INFO - Started process (PID=246) to work on /opt/airflow/dags/pipeline_completo.py
[2025-12-07T19:28:22.064+0000] {processor.py:830} INFO - Processing file /opt/airflow/dags/pipeline_completo.py for tasks to queue
[2025-12-07T19:28:22.066+0000] {logging_mixin.py:188} INFO - [2025-12-07T19:28:22.066+0000] {dagbag.py:545} INFO - Filling up the DagBag from /opt/airflow/dags/pipeline_completo.py
[2025-12-07T19:28:22.093+0000] {logging_mixin.py:188} INFO - [2025-12-07T19:28:22.092+0000] {templater.py:93} ERROR - Failed to resolve template field 'command'
Traceback (most recent call last):
  File "/home/airflow/.local/lib/python3.12/site-packages/airflow/template/templater.py", line 91, in resolve_template_files
    setattr(self, field, env.loader.get_source(env, content)[0])  # type: ignore
                         ^^^^^^^^^^^^^^^^^^^^^^^^^^^^^^^^^^^
  File "/home/airflow/.local/lib/python3.12/site-packages/jinja2/loaders.py", line 204, in get_source
    raise TemplateNotFound(template)
jinja2.exceptions.TemplateNotFound: ./ejecutar.sh
[2025-12-07T19:28:22.096+0000] {processor.py:840} INFO - DAG(s) 'flujo_etl_completo' retrieved from /opt/airflow/dags/pipeline_completo.py
[2025-12-07T19:28:22.115+0000] {logging_mixin.py:188} INFO - [2025-12-07T19:28:22.115+0000] {dag.py:3096} INFO - Sync 1 DAGs
[2025-12-07T19:28:22.133+0000] {logging_mixin.py:188} INFO - [2025-12-07T19:28:22.132+0000] {dag.py:3954} INFO - Setting next_dagrun for flujo_etl_completo to 2025-12-07 19:00:00+00:00, run_after=2025-12-07 20:00:00+00:00
[2025-12-07T19:28:22.148+0000] {processor.py:183} INFO - Processing /opt/airflow/dags/pipeline_completo.py took 0.090 seconds
[2025-12-07T19:28:52.313+0000] {processor.py:161} INFO - Started process (PID=251) to work on /opt/airflow/dags/pipeline_completo.py
[2025-12-07T19:28:52.315+0000] {processor.py:830} INFO - Processing file /opt/airflow/dags/pipeline_completo.py for tasks to queue
[2025-12-07T19:28:52.316+0000] {logging_mixin.py:188} INFO - [2025-12-07T19:28:52.316+0000] {dagbag.py:545} INFO - Filling up the DagBag from /opt/airflow/dags/pipeline_completo.py
[2025-12-07T19:28:52.346+0000] {logging_mixin.py:188} INFO - [2025-12-07T19:28:52.345+0000] {templater.py:93} ERROR - Failed to resolve template field 'command'
Traceback (most recent call last):
  File "/home/airflow/.local/lib/python3.12/site-packages/airflow/template/templater.py", line 91, in resolve_template_files
    setattr(self, field, env.loader.get_source(env, content)[0])  # type: ignore
                         ^^^^^^^^^^^^^^^^^^^^^^^^^^^^^^^^^^^
  File "/home/airflow/.local/lib/python3.12/site-packages/jinja2/loaders.py", line 204, in get_source
    raise TemplateNotFound(template)
jinja2.exceptions.TemplateNotFound: ./ejecutar.sh
[2025-12-07T19:28:52.349+0000] {processor.py:840} INFO - DAG(s) 'flujo_etl_completo' retrieved from /opt/airflow/dags/pipeline_completo.py
[2025-12-07T19:28:52.372+0000] {logging_mixin.py:188} INFO - [2025-12-07T19:28:52.372+0000] {dag.py:3096} INFO - Sync 1 DAGs
[2025-12-07T19:28:52.390+0000] {logging_mixin.py:188} INFO - [2025-12-07T19:28:52.390+0000] {dag.py:3954} INFO - Setting next_dagrun for flujo_etl_completo to 2025-12-07 19:00:00+00:00, run_after=2025-12-07 20:00:00+00:00
[2025-12-07T19:28:52.407+0000] {processor.py:183} INFO - Processing /opt/airflow/dags/pipeline_completo.py took 0.099 seconds
[2025-12-07T19:29:22.833+0000] {processor.py:161} INFO - Started process (PID=256) to work on /opt/airflow/dags/pipeline_completo.py
[2025-12-07T19:29:22.835+0000] {processor.py:830} INFO - Processing file /opt/airflow/dags/pipeline_completo.py for tasks to queue
[2025-12-07T19:29:22.838+0000] {logging_mixin.py:188} INFO - [2025-12-07T19:29:22.837+0000] {dagbag.py:545} INFO - Filling up the DagBag from /opt/airflow/dags/pipeline_completo.py
[2025-12-07T19:29:22.876+0000] {logging_mixin.py:188} INFO - [2025-12-07T19:29:22.876+0000] {templater.py:93} ERROR - Failed to resolve template field 'command'
Traceback (most recent call last):
  File "/home/airflow/.local/lib/python3.12/site-packages/airflow/template/templater.py", line 91, in resolve_template_files
    setattr(self, field, env.loader.get_source(env, content)[0])  # type: ignore
                         ^^^^^^^^^^^^^^^^^^^^^^^^^^^^^^^^^^^
  File "/home/airflow/.local/lib/python3.12/site-packages/jinja2/loaders.py", line 204, in get_source
    raise TemplateNotFound(template)
jinja2.exceptions.TemplateNotFound: ./ejecutar.sh
[2025-12-07T19:29:22.880+0000] {processor.py:840} INFO - DAG(s) 'flujo_etl_completo' retrieved from /opt/airflow/dags/pipeline_completo.py
[2025-12-07T19:29:22.904+0000] {logging_mixin.py:188} INFO - [2025-12-07T19:29:22.904+0000] {dag.py:3096} INFO - Sync 1 DAGs
[2025-12-07T19:29:22.923+0000] {logging_mixin.py:188} INFO - [2025-12-07T19:29:22.922+0000] {dag.py:3954} INFO - Setting next_dagrun for flujo_etl_completo to 2025-12-07 19:00:00+00:00, run_after=2025-12-07 20:00:00+00:00
[2025-12-07T19:29:22.945+0000] {processor.py:183} INFO - Processing /opt/airflow/dags/pipeline_completo.py took 0.117 seconds
[2025-12-07T19:29:53.202+0000] {processor.py:161} INFO - Started process (PID=261) to work on /opt/airflow/dags/pipeline_completo.py
[2025-12-07T19:29:53.204+0000] {processor.py:830} INFO - Processing file /opt/airflow/dags/pipeline_completo.py for tasks to queue
[2025-12-07T19:29:53.206+0000] {logging_mixin.py:188} INFO - [2025-12-07T19:29:53.205+0000] {dagbag.py:545} INFO - Filling up the DagBag from /opt/airflow/dags/pipeline_completo.py
[2025-12-07T19:29:53.235+0000] {logging_mixin.py:188} INFO - [2025-12-07T19:29:53.234+0000] {templater.py:93} ERROR - Failed to resolve template field 'command'
Traceback (most recent call last):
  File "/home/airflow/.local/lib/python3.12/site-packages/airflow/template/templater.py", line 91, in resolve_template_files
    setattr(self, field, env.loader.get_source(env, content)[0])  # type: ignore
                         ^^^^^^^^^^^^^^^^^^^^^^^^^^^^^^^^^^^
  File "/home/airflow/.local/lib/python3.12/site-packages/jinja2/loaders.py", line 204, in get_source
    raise TemplateNotFound(template)
jinja2.exceptions.TemplateNotFound: ./ejecutar.sh
[2025-12-07T19:29:53.239+0000] {processor.py:840} INFO - DAG(s) 'flujo_etl_completo' retrieved from /opt/airflow/dags/pipeline_completo.py
[2025-12-07T19:29:53.261+0000] {logging_mixin.py:188} INFO - [2025-12-07T19:29:53.261+0000] {dag.py:3096} INFO - Sync 1 DAGs
[2025-12-07T19:29:53.280+0000] {logging_mixin.py:188} INFO - [2025-12-07T19:29:53.280+0000] {dag.py:3954} INFO - Setting next_dagrun for flujo_etl_completo to 2025-12-07 19:00:00+00:00, run_after=2025-12-07 20:00:00+00:00
[2025-12-07T19:29:53.300+0000] {processor.py:183} INFO - Processing /opt/airflow/dags/pipeline_completo.py took 0.103 seconds
[2025-12-07T19:30:23.575+0000] {processor.py:161} INFO - Started process (PID=266) to work on /opt/airflow/dags/pipeline_completo.py
[2025-12-07T19:30:23.577+0000] {processor.py:830} INFO - Processing file /opt/airflow/dags/pipeline_completo.py for tasks to queue
[2025-12-07T19:30:23.580+0000] {logging_mixin.py:188} INFO - [2025-12-07T19:30:23.580+0000] {dagbag.py:545} INFO - Filling up the DagBag from /opt/airflow/dags/pipeline_completo.py
[2025-12-07T19:30:23.631+0000] {logging_mixin.py:188} INFO - [2025-12-07T19:30:23.629+0000] {templater.py:93} ERROR - Failed to resolve template field 'command'
Traceback (most recent call last):
  File "/home/airflow/.local/lib/python3.12/site-packages/airflow/template/templater.py", line 91, in resolve_template_files
    setattr(self, field, env.loader.get_source(env, content)[0])  # type: ignore
                         ^^^^^^^^^^^^^^^^^^^^^^^^^^^^^^^^^^^
  File "/home/airflow/.local/lib/python3.12/site-packages/jinja2/loaders.py", line 204, in get_source
    raise TemplateNotFound(template)
jinja2.exceptions.TemplateNotFound: ./ejecutar.sh
[2025-12-07T19:30:23.635+0000] {processor.py:840} INFO - DAG(s) 'flujo_etl_completo' retrieved from /opt/airflow/dags/pipeline_completo.py
[2025-12-07T19:30:23.666+0000] {logging_mixin.py:188} INFO - [2025-12-07T19:30:23.665+0000] {dag.py:3096} INFO - Sync 1 DAGs
[2025-12-07T19:30:23.689+0000] {logging_mixin.py:188} INFO - [2025-12-07T19:30:23.689+0000] {dag.py:3954} INFO - Setting next_dagrun for flujo_etl_completo to 2025-12-07 19:00:00+00:00, run_after=2025-12-07 20:00:00+00:00
[2025-12-07T19:30:23.713+0000] {processor.py:183} INFO - Processing /opt/airflow/dags/pipeline_completo.py took 0.144 seconds
[2025-12-07T19:40:18.687+0000] {processor.py:161} INFO - Started process (PID=168) to work on /opt/airflow/dags/pipeline_completo.py
[2025-12-07T19:40:18.689+0000] {processor.py:830} INFO - Processing file /opt/airflow/dags/pipeline_completo.py for tasks to queue
[2025-12-07T19:40:18.693+0000] {logging_mixin.py:188} INFO - [2025-12-07T19:40:18.693+0000] {dagbag.py:545} INFO - Filling up the DagBag from /opt/airflow/dags/pipeline_completo.py
[2025-12-07T19:40:18.740+0000] {logging_mixin.py:188} INFO - [2025-12-07T19:40:18.739+0000] {templater.py:93} ERROR - Failed to resolve template field 'command'
Traceback (most recent call last):
  File "/home/airflow/.local/lib/python3.12/site-packages/airflow/template/templater.py", line 91, in resolve_template_files
    setattr(self, field, env.loader.get_source(env, content)[0])  # type: ignore
                         ^^^^^^^^^^^^^^^^^^^^^^^^^^^^^^^^^^^
  File "/home/airflow/.local/lib/python3.12/site-packages/jinja2/loaders.py", line 204, in get_source
    raise TemplateNotFound(template)
jinja2.exceptions.TemplateNotFound: ./ejecutar.sh
[2025-12-07T19:40:18.753+0000] {processor.py:840} INFO - DAG(s) 'flujo_etl_completo' retrieved from /opt/airflow/dags/pipeline_completo.py
[2025-12-07T19:40:19.012+0000] {logging_mixin.py:188} INFO - [2025-12-07T19:40:19.003+0000] {override.py:1829} INFO - Created Permission View: can edit on DAG:flujo_etl_completo
[2025-12-07T19:40:19.061+0000] {logging_mixin.py:188} INFO - [2025-12-07T19:40:19.060+0000] {override.py:1829} INFO - Created Permission View: can delete on DAG:flujo_etl_completo
[2025-12-07T19:40:19.074+0000] {logging_mixin.py:188} INFO - [2025-12-07T19:40:19.074+0000] {override.py:1829} INFO - Created Permission View: can read on DAG:flujo_etl_completo
[2025-12-07T19:40:19.076+0000] {logging_mixin.py:188} INFO - [2025-12-07T19:40:19.075+0000] {dag.py:3096} INFO - Sync 1 DAGs
[2025-12-07T19:40:19.095+0000] {logging_mixin.py:188} INFO - [2025-12-07T19:40:19.094+0000] {dag.py:3118} INFO - Creating ORM DAG for flujo_etl_completo
[2025-12-07T19:40:19.110+0000] {logging_mixin.py:188} INFO - [2025-12-07T19:40:19.109+0000] {dag.py:3954} INFO - Setting next_dagrun for flujo_etl_completo to 2025-12-07 18:00:00+00:00, run_after=2025-12-07 19:00:00+00:00
[2025-12-07T19:40:19.136+0000] {processor.py:183} INFO - Processing /opt/airflow/dags/pipeline_completo.py took 0.455 seconds
[2025-12-07T19:40:49.510+0000] {processor.py:161} INFO - Started process (PID=181) to work on /opt/airflow/dags/pipeline_completo.py
[2025-12-07T19:40:49.512+0000] {processor.py:830} INFO - Processing file /opt/airflow/dags/pipeline_completo.py for tasks to queue
[2025-12-07T19:40:49.515+0000] {logging_mixin.py:188} INFO - [2025-12-07T19:40:49.514+0000] {dagbag.py:545} INFO - Filling up the DagBag from /opt/airflow/dags/pipeline_completo.py
[2025-12-07T19:40:49.581+0000] {logging_mixin.py:188} INFO - [2025-12-07T19:40:49.576+0000] {templater.py:93} ERROR - Failed to resolve template field 'command'
Traceback (most recent call last):
  File "/home/airflow/.local/lib/python3.12/site-packages/airflow/template/templater.py", line 91, in resolve_template_files
    setattr(self, field, env.loader.get_source(env, content)[0])  # type: ignore
                         ^^^^^^^^^^^^^^^^^^^^^^^^^^^^^^^^^^^
  File "/home/airflow/.local/lib/python3.12/site-packages/jinja2/loaders.py", line 204, in get_source
    raise TemplateNotFound(template)
jinja2.exceptions.TemplateNotFound: ./ejecutar.sh
[2025-12-07T19:40:49.592+0000] {processor.py:840} INFO - DAG(s) 'flujo_etl_completo' retrieved from /opt/airflow/dags/pipeline_completo.py
[2025-12-07T19:40:49.645+0000] {logging_mixin.py:188} INFO - [2025-12-07T19:40:49.645+0000] {dag.py:3096} INFO - Sync 1 DAGs
[2025-12-07T19:40:49.715+0000] {logging_mixin.py:188} INFO - [2025-12-07T19:40:49.714+0000] {dag.py:3954} INFO - Setting next_dagrun for flujo_etl_completo to 2025-12-07 19:00:00+00:00, run_after=2025-12-07 20:00:00+00:00
[2025-12-07T19:40:49.759+0000] {processor.py:183} INFO - Processing /opt/airflow/dags/pipeline_completo.py took 0.271 seconds
[2025-12-07T19:41:20.026+0000] {processor.py:161} INFO - Started process (PID=186) to work on /opt/airflow/dags/pipeline_completo.py
[2025-12-07T19:41:20.027+0000] {processor.py:830} INFO - Processing file /opt/airflow/dags/pipeline_completo.py for tasks to queue
[2025-12-07T19:41:20.033+0000] {logging_mixin.py:188} INFO - [2025-12-07T19:41:20.032+0000] {dagbag.py:545} INFO - Filling up the DagBag from /opt/airflow/dags/pipeline_completo.py
[2025-12-07T19:41:20.102+0000] {logging_mixin.py:188} INFO - [2025-12-07T19:41:20.100+0000] {templater.py:93} ERROR - Failed to resolve template field 'command'
Traceback (most recent call last):
  File "/home/airflow/.local/lib/python3.12/site-packages/airflow/template/templater.py", line 91, in resolve_template_files
    setattr(self, field, env.loader.get_source(env, content)[0])  # type: ignore
                         ^^^^^^^^^^^^^^^^^^^^^^^^^^^^^^^^^^^
  File "/home/airflow/.local/lib/python3.12/site-packages/jinja2/loaders.py", line 204, in get_source
    raise TemplateNotFound(template)
jinja2.exceptions.TemplateNotFound: ./ejecutar.sh
[2025-12-07T19:41:20.112+0000] {processor.py:840} INFO - DAG(s) 'flujo_etl_completo' retrieved from /opt/airflow/dags/pipeline_completo.py
[2025-12-07T19:41:20.161+0000] {logging_mixin.py:188} INFO - [2025-12-07T19:41:20.161+0000] {dag.py:3096} INFO - Sync 1 DAGs
[2025-12-07T19:41:20.213+0000] {logging_mixin.py:188} INFO - [2025-12-07T19:41:20.212+0000] {dag.py:3954} INFO - Setting next_dagrun for flujo_etl_completo to 2025-12-07 19:00:00+00:00, run_after=2025-12-07 20:00:00+00:00
[2025-12-07T19:41:20.246+0000] {processor.py:183} INFO - Processing /opt/airflow/dags/pipeline_completo.py took 0.227 seconds
[2025-12-07T19:41:50.532+0000] {processor.py:161} INFO - Started process (PID=191) to work on /opt/airflow/dags/pipeline_completo.py
[2025-12-07T19:41:50.534+0000] {processor.py:830} INFO - Processing file /opt/airflow/dags/pipeline_completo.py for tasks to queue
[2025-12-07T19:41:50.539+0000] {logging_mixin.py:188} INFO - [2025-12-07T19:41:50.537+0000] {dagbag.py:545} INFO - Filling up the DagBag from /opt/airflow/dags/pipeline_completo.py
[2025-12-07T19:41:50.603+0000] {logging_mixin.py:188} INFO - [2025-12-07T19:41:50.601+0000] {templater.py:93} ERROR - Failed to resolve template field 'command'
Traceback (most recent call last):
  File "/home/airflow/.local/lib/python3.12/site-packages/airflow/template/templater.py", line 91, in resolve_template_files
    setattr(self, field, env.loader.get_source(env, content)[0])  # type: ignore
                         ^^^^^^^^^^^^^^^^^^^^^^^^^^^^^^^^^^^
  File "/home/airflow/.local/lib/python3.12/site-packages/jinja2/loaders.py", line 204, in get_source
    raise TemplateNotFound(template)
jinja2.exceptions.TemplateNotFound: ./ejecutar.sh
[2025-12-07T19:41:50.611+0000] {processor.py:840} INFO - DAG(s) 'flujo_etl_completo' retrieved from /opt/airflow/dags/pipeline_completo.py
[2025-12-07T19:41:50.680+0000] {logging_mixin.py:188} INFO - [2025-12-07T19:41:50.679+0000] {dag.py:3096} INFO - Sync 1 DAGs
[2025-12-07T19:41:50.735+0000] {logging_mixin.py:188} INFO - [2025-12-07T19:41:50.735+0000] {dag.py:3954} INFO - Setting next_dagrun for flujo_etl_completo to 2025-12-07 19:00:00+00:00, run_after=2025-12-07 20:00:00+00:00
[2025-12-07T19:41:50.770+0000] {processor.py:183} INFO - Processing /opt/airflow/dags/pipeline_completo.py took 0.250 seconds
[2025-12-07T19:42:21.033+0000] {processor.py:161} INFO - Started process (PID=198) to work on /opt/airflow/dags/pipeline_completo.py
[2025-12-07T19:42:21.034+0000] {processor.py:830} INFO - Processing file /opt/airflow/dags/pipeline_completo.py for tasks to queue
[2025-12-07T19:42:21.036+0000] {logging_mixin.py:188} INFO - [2025-12-07T19:42:21.035+0000] {dagbag.py:545} INFO - Filling up the DagBag from /opt/airflow/dags/pipeline_completo.py
[2025-12-07T19:42:21.061+0000] {logging_mixin.py:188} INFO - [2025-12-07T19:42:21.060+0000] {templater.py:93} ERROR - Failed to resolve template field 'command'
Traceback (most recent call last):
  File "/home/airflow/.local/lib/python3.12/site-packages/airflow/template/templater.py", line 91, in resolve_template_files
    setattr(self, field, env.loader.get_source(env, content)[0])  # type: ignore
                         ^^^^^^^^^^^^^^^^^^^^^^^^^^^^^^^^^^^
  File "/home/airflow/.local/lib/python3.12/site-packages/jinja2/loaders.py", line 204, in get_source
    raise TemplateNotFound(template)
jinja2.exceptions.TemplateNotFound: ./ejecutar.sh
[2025-12-07T19:42:21.065+0000] {processor.py:840} INFO - DAG(s) 'flujo_etl_completo' retrieved from /opt/airflow/dags/pipeline_completo.py
[2025-12-07T19:42:21.087+0000] {logging_mixin.py:188} INFO - [2025-12-07T19:42:21.086+0000] {dag.py:3096} INFO - Sync 1 DAGs
[2025-12-07T19:42:21.106+0000] {logging_mixin.py:188} INFO - [2025-12-07T19:42:21.106+0000] {dag.py:3954} INFO - Setting next_dagrun for flujo_etl_completo to 2025-12-07 19:00:00+00:00, run_after=2025-12-07 20:00:00+00:00
[2025-12-07T19:42:21.124+0000] {processor.py:183} INFO - Processing /opt/airflow/dags/pipeline_completo.py took 0.096 seconds
[2025-12-07T19:42:51.262+0000] {processor.py:161} INFO - Started process (PID=203) to work on /opt/airflow/dags/pipeline_completo.py
[2025-12-07T19:42:51.263+0000] {processor.py:830} INFO - Processing file /opt/airflow/dags/pipeline_completo.py for tasks to queue
[2025-12-07T19:42:51.265+0000] {logging_mixin.py:188} INFO - [2025-12-07T19:42:51.265+0000] {dagbag.py:545} INFO - Filling up the DagBag from /opt/airflow/dags/pipeline_completo.py
[2025-12-07T19:42:51.295+0000] {logging_mixin.py:188} INFO - [2025-12-07T19:42:51.295+0000] {templater.py:93} ERROR - Failed to resolve template field 'command'
Traceback (most recent call last):
  File "/home/airflow/.local/lib/python3.12/site-packages/airflow/template/templater.py", line 91, in resolve_template_files
    setattr(self, field, env.loader.get_source(env, content)[0])  # type: ignore
                         ^^^^^^^^^^^^^^^^^^^^^^^^^^^^^^^^^^^
  File "/home/airflow/.local/lib/python3.12/site-packages/jinja2/loaders.py", line 204, in get_source
    raise TemplateNotFound(template)
jinja2.exceptions.TemplateNotFound: ./ejecutar.sh
[2025-12-07T19:42:51.299+0000] {processor.py:840} INFO - DAG(s) 'flujo_etl_completo' retrieved from /opt/airflow/dags/pipeline_completo.py
[2025-12-07T19:42:51.319+0000] {logging_mixin.py:188} INFO - [2025-12-07T19:42:51.319+0000] {dag.py:3096} INFO - Sync 1 DAGs
[2025-12-07T19:42:51.336+0000] {logging_mixin.py:188} INFO - [2025-12-07T19:42:51.336+0000] {dag.py:3954} INFO - Setting next_dagrun for flujo_etl_completo to 2025-12-07 19:00:00+00:00, run_after=2025-12-07 20:00:00+00:00
[2025-12-07T19:42:51.364+0000] {processor.py:183} INFO - Processing /opt/airflow/dags/pipeline_completo.py took 0.107 seconds
[2025-12-07T19:51:08.636+0000] {processor.py:161} INFO - Started process (PID=168) to work on /opt/airflow/dags/pipeline_completo.py
[2025-12-07T19:51:08.638+0000] {processor.py:830} INFO - Processing file /opt/airflow/dags/pipeline_completo.py for tasks to queue
[2025-12-07T19:51:08.640+0000] {logging_mixin.py:188} INFO - [2025-12-07T19:51:08.640+0000] {dagbag.py:545} INFO - Filling up the DagBag from /opt/airflow/dags/pipeline_completo.py
[2025-12-07T19:51:08.680+0000] {logging_mixin.py:188} INFO - [2025-12-07T19:51:08.679+0000] {templater.py:93} ERROR - Failed to resolve template field 'command'
Traceback (most recent call last):
  File "/home/airflow/.local/lib/python3.12/site-packages/airflow/template/templater.py", line 91, in resolve_template_files
    setattr(self, field, env.loader.get_source(env, content)[0])  # type: ignore
                         ^^^^^^^^^^^^^^^^^^^^^^^^^^^^^^^^^^^
  File "/home/airflow/.local/lib/python3.12/site-packages/jinja2/loaders.py", line 204, in get_source
    raise TemplateNotFound(template)
jinja2.exceptions.TemplateNotFound: ./ejecutar.sh
[2025-12-07T19:51:08.692+0000] {processor.py:840} INFO - DAG(s) 'flujo_etl_completo' retrieved from /opt/airflow/dags/pipeline_completo.py
[2025-12-07T19:51:08.938+0000] {logging_mixin.py:188} INFO - [2025-12-07T19:51:08.937+0000] {override.py:1829} INFO - Created Permission View: can delete on DAG:flujo_etl_completo
[2025-12-07T19:51:08.949+0000] {logging_mixin.py:188} INFO - [2025-12-07T19:51:08.949+0000] {override.py:1829} INFO - Created Permission View: can read on DAG:flujo_etl_completo
[2025-12-07T19:51:08.958+0000] {logging_mixin.py:188} INFO - [2025-12-07T19:51:08.957+0000] {override.py:1829} INFO - Created Permission View: can edit on DAG:flujo_etl_completo
[2025-12-07T19:51:08.959+0000] {logging_mixin.py:188} INFO - [2025-12-07T19:51:08.959+0000] {dag.py:3096} INFO - Sync 1 DAGs
[2025-12-07T19:51:08.969+0000] {logging_mixin.py:188} INFO - [2025-12-07T19:51:08.969+0000] {dag.py:3118} INFO - Creating ORM DAG for flujo_etl_completo
[2025-12-07T19:51:08.981+0000] {logging_mixin.py:188} INFO - [2025-12-07T19:51:08.981+0000] {dag.py:3954} INFO - Setting next_dagrun for flujo_etl_completo to 2025-12-07 18:00:00+00:00, run_after=2025-12-07 19:00:00+00:00
[2025-12-07T19:51:09.004+0000] {processor.py:183} INFO - Processing /opt/airflow/dags/pipeline_completo.py took 0.375 seconds
[2025-12-07T19:51:39.375+0000] {processor.py:161} INFO - Started process (PID=181) to work on /opt/airflow/dags/pipeline_completo.py
[2025-12-07T19:51:39.377+0000] {processor.py:830} INFO - Processing file /opt/airflow/dags/pipeline_completo.py for tasks to queue
[2025-12-07T19:51:39.383+0000] {logging_mixin.py:188} INFO - [2025-12-07T19:51:39.382+0000] {dagbag.py:545} INFO - Filling up the DagBag from /opt/airflow/dags/pipeline_completo.py
[2025-12-07T19:51:39.542+0000] {logging_mixin.py:188} INFO - [2025-12-07T19:51:39.535+0000] {templater.py:93} ERROR - Failed to resolve template field 'command'
Traceback (most recent call last):
  File "/home/airflow/.local/lib/python3.12/site-packages/airflow/template/templater.py", line 91, in resolve_template_files
    setattr(self, field, env.loader.get_source(env, content)[0])  # type: ignore
                         ^^^^^^^^^^^^^^^^^^^^^^^^^^^^^^^^^^^
  File "/home/airflow/.local/lib/python3.12/site-packages/jinja2/loaders.py", line 204, in get_source
    raise TemplateNotFound(template)
jinja2.exceptions.TemplateNotFound: ./ejecutar.sh
[2025-12-07T19:51:39.565+0000] {processor.py:840} INFO - DAG(s) 'flujo_etl_completo' retrieved from /opt/airflow/dags/pipeline_completo.py
[2025-12-07T19:51:39.637+0000] {logging_mixin.py:188} INFO - [2025-12-07T19:51:39.636+0000] {dag.py:3096} INFO - Sync 1 DAGs
[2025-12-07T19:51:39.764+0000] {logging_mixin.py:188} INFO - [2025-12-07T19:51:39.763+0000] {dag.py:3954} INFO - Setting next_dagrun for flujo_etl_completo to 2025-12-07 19:00:00+00:00, run_after=2025-12-07 20:00:00+00:00
[2025-12-07T19:51:39.818+0000] {processor.py:183} INFO - Processing /opt/airflow/dags/pipeline_completo.py took 0.454 seconds
[2025-12-07T19:52:10.156+0000] {processor.py:161} INFO - Started process (PID=186) to work on /opt/airflow/dags/pipeline_completo.py
[2025-12-07T19:52:10.158+0000] {processor.py:830} INFO - Processing file /opt/airflow/dags/pipeline_completo.py for tasks to queue
[2025-12-07T19:52:10.164+0000] {logging_mixin.py:188} INFO - [2025-12-07T19:52:10.162+0000] {dagbag.py:545} INFO - Filling up the DagBag from /opt/airflow/dags/pipeline_completo.py
[2025-12-07T19:52:10.237+0000] {logging_mixin.py:188} INFO - [2025-12-07T19:52:10.235+0000] {templater.py:93} ERROR - Failed to resolve template field 'command'
Traceback (most recent call last):
  File "/home/airflow/.local/lib/python3.12/site-packages/airflow/template/templater.py", line 91, in resolve_template_files
    setattr(self, field, env.loader.get_source(env, content)[0])  # type: ignore
                         ^^^^^^^^^^^^^^^^^^^^^^^^^^^^^^^^^^^
  File "/home/airflow/.local/lib/python3.12/site-packages/jinja2/loaders.py", line 204, in get_source
    raise TemplateNotFound(template)
jinja2.exceptions.TemplateNotFound: ./ejecutar.sh
[2025-12-07T19:52:10.249+0000] {processor.py:840} INFO - DAG(s) 'flujo_etl_completo' retrieved from /opt/airflow/dags/pipeline_completo.py
[2025-12-07T19:52:10.362+0000] {logging_mixin.py:188} INFO - [2025-12-07T19:52:10.361+0000] {dag.py:3096} INFO - Sync 1 DAGs
[2025-12-07T19:52:10.420+0000] {logging_mixin.py:188} INFO - [2025-12-07T19:52:10.420+0000] {dag.py:3954} INFO - Setting next_dagrun for flujo_etl_completo to 2025-12-07 19:00:00+00:00, run_after=2025-12-07 20:00:00+00:00
[2025-12-07T19:52:10.460+0000] {processor.py:183} INFO - Processing /opt/airflow/dags/pipeline_completo.py took 0.315 seconds
[2025-12-07T19:52:40.758+0000] {processor.py:161} INFO - Started process (PID=191) to work on /opt/airflow/dags/pipeline_completo.py
[2025-12-07T19:52:40.760+0000] {processor.py:830} INFO - Processing file /opt/airflow/dags/pipeline_completo.py for tasks to queue
[2025-12-07T19:52:40.763+0000] {logging_mixin.py:188} INFO - [2025-12-07T19:52:40.763+0000] {dagbag.py:545} INFO - Filling up the DagBag from /opt/airflow/dags/pipeline_completo.py
[2025-12-07T19:52:40.819+0000] {logging_mixin.py:188} INFO - [2025-12-07T19:52:40.818+0000] {templater.py:93} ERROR - Failed to resolve template field 'command'
Traceback (most recent call last):
  File "/home/airflow/.local/lib/python3.12/site-packages/airflow/template/templater.py", line 91, in resolve_template_files
    setattr(self, field, env.loader.get_source(env, content)[0])  # type: ignore
                         ^^^^^^^^^^^^^^^^^^^^^^^^^^^^^^^^^^^
  File "/home/airflow/.local/lib/python3.12/site-packages/jinja2/loaders.py", line 204, in get_source
    raise TemplateNotFound(template)
jinja2.exceptions.TemplateNotFound: ./ejecutar.sh
[2025-12-07T19:52:40.838+0000] {processor.py:840} INFO - DAG(s) 'flujo_etl_completo' retrieved from /opt/airflow/dags/pipeline_completo.py
[2025-12-07T19:52:40.890+0000] {logging_mixin.py:188} INFO - [2025-12-07T19:52:40.890+0000] {dag.py:3096} INFO - Sync 1 DAGs
[2025-12-07T19:52:40.937+0000] {logging_mixin.py:188} INFO - [2025-12-07T19:52:40.937+0000] {dag.py:3954} INFO - Setting next_dagrun for flujo_etl_completo to 2025-12-07 19:00:00+00:00, run_after=2025-12-07 20:00:00+00:00
[2025-12-07T19:52:40.977+0000] {processor.py:183} INFO - Processing /opt/airflow/dags/pipeline_completo.py took 0.232 seconds
[2025-12-07T19:53:11.251+0000] {processor.py:161} INFO - Started process (PID=198) to work on /opt/airflow/dags/pipeline_completo.py
[2025-12-07T19:53:11.252+0000] {processor.py:830} INFO - Processing file /opt/airflow/dags/pipeline_completo.py for tasks to queue
[2025-12-07T19:53:11.254+0000] {logging_mixin.py:188} INFO - [2025-12-07T19:53:11.253+0000] {dagbag.py:545} INFO - Filling up the DagBag from /opt/airflow/dags/pipeline_completo.py
[2025-12-07T19:53:11.281+0000] {logging_mixin.py:188} INFO - [2025-12-07T19:53:11.280+0000] {templater.py:93} ERROR - Failed to resolve template field 'command'
Traceback (most recent call last):
  File "/home/airflow/.local/lib/python3.12/site-packages/airflow/template/templater.py", line 91, in resolve_template_files
    setattr(self, field, env.loader.get_source(env, content)[0])  # type: ignore
                         ^^^^^^^^^^^^^^^^^^^^^^^^^^^^^^^^^^^
  File "/home/airflow/.local/lib/python3.12/site-packages/jinja2/loaders.py", line 204, in get_source
    raise TemplateNotFound(template)
jinja2.exceptions.TemplateNotFound: ./ejecutar.sh
[2025-12-07T19:53:11.285+0000] {processor.py:840} INFO - DAG(s) 'flujo_etl_completo' retrieved from /opt/airflow/dags/pipeline_completo.py
[2025-12-07T19:53:11.308+0000] {logging_mixin.py:188} INFO - [2025-12-07T19:53:11.308+0000] {dag.py:3096} INFO - Sync 1 DAGs
[2025-12-07T19:53:11.326+0000] {logging_mixin.py:188} INFO - [2025-12-07T19:53:11.326+0000] {dag.py:3954} INFO - Setting next_dagrun for flujo_etl_completo to 2025-12-07 19:00:00+00:00, run_after=2025-12-07 20:00:00+00:00
[2025-12-07T19:53:11.343+0000] {processor.py:183} INFO - Processing /opt/airflow/dags/pipeline_completo.py took 0.098 seconds
[2025-12-07T19:53:41.519+0000] {processor.py:161} INFO - Started process (PID=203) to work on /opt/airflow/dags/pipeline_completo.py
[2025-12-07T19:53:41.520+0000] {processor.py:830} INFO - Processing file /opt/airflow/dags/pipeline_completo.py for tasks to queue
[2025-12-07T19:53:41.522+0000] {logging_mixin.py:188} INFO - [2025-12-07T19:53:41.522+0000] {dagbag.py:545} INFO - Filling up the DagBag from /opt/airflow/dags/pipeline_completo.py
[2025-12-07T19:53:41.551+0000] {logging_mixin.py:188} INFO - [2025-12-07T19:53:41.550+0000] {templater.py:93} ERROR - Failed to resolve template field 'command'
Traceback (most recent call last):
  File "/home/airflow/.local/lib/python3.12/site-packages/airflow/template/templater.py", line 91, in resolve_template_files
    setattr(self, field, env.loader.get_source(env, content)[0])  # type: ignore
                         ^^^^^^^^^^^^^^^^^^^^^^^^^^^^^^^^^^^
  File "/home/airflow/.local/lib/python3.12/site-packages/jinja2/loaders.py", line 204, in get_source
    raise TemplateNotFound(template)
jinja2.exceptions.TemplateNotFound: ./ejecutar.sh
[2025-12-07T19:53:41.555+0000] {processor.py:840} INFO - DAG(s) 'flujo_etl_completo' retrieved from /opt/airflow/dags/pipeline_completo.py
[2025-12-07T19:53:41.576+0000] {logging_mixin.py:188} INFO - [2025-12-07T19:53:41.576+0000] {dag.py:3096} INFO - Sync 1 DAGs
[2025-12-07T19:53:41.593+0000] {logging_mixin.py:188} INFO - [2025-12-07T19:53:41.593+0000] {dag.py:3954} INFO - Setting next_dagrun for flujo_etl_completo to 2025-12-07 19:00:00+00:00, run_after=2025-12-07 20:00:00+00:00
[2025-12-07T19:53:41.624+0000] {processor.py:183} INFO - Processing /opt/airflow/dags/pipeline_completo.py took 0.110 seconds
[2025-12-07T19:54:11.830+0000] {processor.py:161} INFO - Started process (PID=208) to work on /opt/airflow/dags/pipeline_completo.py
[2025-12-07T19:54:11.832+0000] {processor.py:830} INFO - Processing file /opt/airflow/dags/pipeline_completo.py for tasks to queue
[2025-12-07T19:54:11.833+0000] {logging_mixin.py:188} INFO - [2025-12-07T19:54:11.833+0000] {dagbag.py:545} INFO - Filling up the DagBag from /opt/airflow/dags/pipeline_completo.py
[2025-12-07T19:54:11.859+0000] {logging_mixin.py:188} INFO - [2025-12-07T19:54:11.858+0000] {templater.py:93} ERROR - Failed to resolve template field 'command'
Traceback (most recent call last):
  File "/home/airflow/.local/lib/python3.12/site-packages/airflow/template/templater.py", line 91, in resolve_template_files
    setattr(self, field, env.loader.get_source(env, content)[0])  # type: ignore
                         ^^^^^^^^^^^^^^^^^^^^^^^^^^^^^^^^^^^
  File "/home/airflow/.local/lib/python3.12/site-packages/jinja2/loaders.py", line 204, in get_source
    raise TemplateNotFound(template)
jinja2.exceptions.TemplateNotFound: ./ejecutar.sh
[2025-12-07T19:54:11.862+0000] {processor.py:840} INFO - DAG(s) 'flujo_etl_completo' retrieved from /opt/airflow/dags/pipeline_completo.py
[2025-12-07T19:54:11.883+0000] {logging_mixin.py:188} INFO - [2025-12-07T19:54:11.883+0000] {dag.py:3096} INFO - Sync 1 DAGs
[2025-12-07T19:54:11.901+0000] {logging_mixin.py:188} INFO - [2025-12-07T19:54:11.901+0000] {dag.py:3954} INFO - Setting next_dagrun for flujo_etl_completo to 2025-12-07 19:00:00+00:00, run_after=2025-12-07 20:00:00+00:00
[2025-12-07T19:54:11.919+0000] {processor.py:183} INFO - Processing /opt/airflow/dags/pipeline_completo.py took 0.094 seconds
[2025-12-07T19:54:42.085+0000] {processor.py:161} INFO - Started process (PID=213) to work on /opt/airflow/dags/pipeline_completo.py
[2025-12-07T19:54:42.086+0000] {processor.py:830} INFO - Processing file /opt/airflow/dags/pipeline_completo.py for tasks to queue
[2025-12-07T19:54:42.088+0000] {logging_mixin.py:188} INFO - [2025-12-07T19:54:42.087+0000] {dagbag.py:545} INFO - Filling up the DagBag from /opt/airflow/dags/pipeline_completo.py
[2025-12-07T19:54:42.115+0000] {logging_mixin.py:188} INFO - [2025-12-07T19:54:42.114+0000] {templater.py:93} ERROR - Failed to resolve template field 'command'
Traceback (most recent call last):
  File "/home/airflow/.local/lib/python3.12/site-packages/airflow/template/templater.py", line 91, in resolve_template_files
    setattr(self, field, env.loader.get_source(env, content)[0])  # type: ignore
                         ^^^^^^^^^^^^^^^^^^^^^^^^^^^^^^^^^^^
  File "/home/airflow/.local/lib/python3.12/site-packages/jinja2/loaders.py", line 204, in get_source
    raise TemplateNotFound(template)
jinja2.exceptions.TemplateNotFound: ./ejecutar.sh
[2025-12-07T19:54:42.118+0000] {processor.py:840} INFO - DAG(s) 'flujo_etl_completo' retrieved from /opt/airflow/dags/pipeline_completo.py
[2025-12-07T19:54:42.139+0000] {logging_mixin.py:188} INFO - [2025-12-07T19:54:42.139+0000] {dag.py:3096} INFO - Sync 1 DAGs
[2025-12-07T19:54:42.158+0000] {logging_mixin.py:188} INFO - [2025-12-07T19:54:42.158+0000] {dag.py:3954} INFO - Setting next_dagrun for flujo_etl_completo to 2025-12-07 19:00:00+00:00, run_after=2025-12-07 20:00:00+00:00
[2025-12-07T19:54:42.181+0000] {processor.py:183} INFO - Processing /opt/airflow/dags/pipeline_completo.py took 0.101 seconds
[2025-12-07T20:00:23.392+0000] {processor.py:161} INFO - Started process (PID=168) to work on /opt/airflow/dags/pipeline_completo.py
[2025-12-07T20:00:23.394+0000] {processor.py:830} INFO - Processing file /opt/airflow/dags/pipeline_completo.py for tasks to queue
[2025-12-07T20:00:23.397+0000] {logging_mixin.py:188} INFO - [2025-12-07T20:00:23.396+0000] {dagbag.py:545} INFO - Filling up the DagBag from /opt/airflow/dags/pipeline_completo.py
[2025-12-07T20:00:23.437+0000] {logging_mixin.py:188} INFO - [2025-12-07T20:00:23.435+0000] {templater.py:93} ERROR - Failed to resolve template field 'command'
Traceback (most recent call last):
  File "/home/airflow/.local/lib/python3.12/site-packages/airflow/template/templater.py", line 91, in resolve_template_files
    setattr(self, field, env.loader.get_source(env, content)[0])  # type: ignore
                         ^^^^^^^^^^^^^^^^^^^^^^^^^^^^^^^^^^^
  File "/home/airflow/.local/lib/python3.12/site-packages/jinja2/loaders.py", line 204, in get_source
    raise TemplateNotFound(template)
jinja2.exceptions.TemplateNotFound: ./ejecutar.sh
[2025-12-07T20:00:23.448+0000] {processor.py:840} INFO - DAG(s) 'flujo_etl_completo' retrieved from /opt/airflow/dags/pipeline_completo.py
[2025-12-07T20:00:23.746+0000] {logging_mixin.py:188} INFO - [2025-12-07T20:00:23.745+0000] {override.py:1829} INFO - Created Permission View: can edit on DAG:flujo_etl_completo
[2025-12-07T20:00:23.756+0000] {logging_mixin.py:188} INFO - [2025-12-07T20:00:23.756+0000] {override.py:1829} INFO - Created Permission View: can delete on DAG:flujo_etl_completo
[2025-12-07T20:00:23.764+0000] {logging_mixin.py:188} INFO - [2025-12-07T20:00:23.763+0000] {override.py:1829} INFO - Created Permission View: can read on DAG:flujo_etl_completo
[2025-12-07T20:00:23.765+0000] {logging_mixin.py:188} INFO - [2025-12-07T20:00:23.765+0000] {dag.py:3096} INFO - Sync 1 DAGs
[2025-12-07T20:00:23.776+0000] {logging_mixin.py:188} INFO - [2025-12-07T20:00:23.776+0000] {dag.py:3118} INFO - Creating ORM DAG for flujo_etl_completo
[2025-12-07T20:00:23.790+0000] {logging_mixin.py:188} INFO - [2025-12-07T20:00:23.790+0000] {dag.py:3954} INFO - Setting next_dagrun for flujo_etl_completo to 2025-12-07 19:00:00+00:00, run_after=2025-12-07 20:00:00+00:00
[2025-12-07T20:00:23.822+0000] {processor.py:183} INFO - Processing /opt/airflow/dags/pipeline_completo.py took 0.436 seconds
[2025-12-07T20:00:54.190+0000] {processor.py:161} INFO - Started process (PID=181) to work on /opt/airflow/dags/pipeline_completo.py
[2025-12-07T20:00:54.193+0000] {processor.py:830} INFO - Processing file /opt/airflow/dags/pipeline_completo.py for tasks to queue
[2025-12-07T20:00:54.202+0000] {logging_mixin.py:188} INFO - [2025-12-07T20:00:54.200+0000] {dagbag.py:545} INFO - Filling up the DagBag from /opt/airflow/dags/pipeline_completo.py
[2025-12-07T20:00:54.270+0000] {logging_mixin.py:188} INFO - [2025-12-07T20:00:54.268+0000] {templater.py:93} ERROR - Failed to resolve template field 'command'
Traceback (most recent call last):
  File "/home/airflow/.local/lib/python3.12/site-packages/airflow/template/templater.py", line 91, in resolve_template_files
    setattr(self, field, env.loader.get_source(env, content)[0])  # type: ignore
                         ^^^^^^^^^^^^^^^^^^^^^^^^^^^^^^^^^^^
  File "/home/airflow/.local/lib/python3.12/site-packages/jinja2/loaders.py", line 204, in get_source
    raise TemplateNotFound(template)
jinja2.exceptions.TemplateNotFound: ./ejecutar.sh
[2025-12-07T20:00:54.282+0000] {processor.py:840} INFO - DAG(s) 'flujo_etl_completo' retrieved from /opt/airflow/dags/pipeline_completo.py
[2025-12-07T20:00:54.355+0000] {logging_mixin.py:188} INFO - [2025-12-07T20:00:54.354+0000] {dag.py:3096} INFO - Sync 1 DAGs
[2025-12-07T20:00:54.419+0000] {logging_mixin.py:188} INFO - [2025-12-07T20:00:54.418+0000] {dag.py:3954} INFO - Setting next_dagrun for flujo_etl_completo to 2025-12-07 20:00:00+00:00, run_after=2025-12-07 21:00:00+00:00
[2025-12-07T20:00:54.480+0000] {processor.py:183} INFO - Processing /opt/airflow/dags/pipeline_completo.py took 0.301 seconds
[2025-12-07T20:01:24.821+0000] {processor.py:161} INFO - Started process (PID=186) to work on /opt/airflow/dags/pipeline_completo.py
[2025-12-07T20:01:24.824+0000] {processor.py:830} INFO - Processing file /opt/airflow/dags/pipeline_completo.py for tasks to queue
[2025-12-07T20:01:24.828+0000] {logging_mixin.py:188} INFO - [2025-12-07T20:01:24.827+0000] {dagbag.py:545} INFO - Filling up the DagBag from /opt/airflow/dags/pipeline_completo.py
[2025-12-07T20:01:24.909+0000] {logging_mixin.py:188} INFO - [2025-12-07T20:01:24.904+0000] {templater.py:93} ERROR - Failed to resolve template field 'command'
Traceback (most recent call last):
  File "/home/airflow/.local/lib/python3.12/site-packages/airflow/template/templater.py", line 91, in resolve_template_files
    setattr(self, field, env.loader.get_source(env, content)[0])  # type: ignore
                         ^^^^^^^^^^^^^^^^^^^^^^^^^^^^^^^^^^^
  File "/home/airflow/.local/lib/python3.12/site-packages/jinja2/loaders.py", line 204, in get_source
    raise TemplateNotFound(template)
jinja2.exceptions.TemplateNotFound: ./ejecutar.sh
[2025-12-07T20:01:24.925+0000] {processor.py:840} INFO - DAG(s) 'flujo_etl_completo' retrieved from /opt/airflow/dags/pipeline_completo.py
[2025-12-07T20:01:24.976+0000] {logging_mixin.py:188} INFO - [2025-12-07T20:01:24.976+0000] {dag.py:3096} INFO - Sync 1 DAGs
[2025-12-07T20:01:25.042+0000] {logging_mixin.py:188} INFO - [2025-12-07T20:01:25.042+0000] {dag.py:3954} INFO - Setting next_dagrun for flujo_etl_completo to 2025-12-07 20:00:00+00:00, run_after=2025-12-07 21:00:00+00:00
[2025-12-07T20:01:25.090+0000] {processor.py:183} INFO - Processing /opt/airflow/dags/pipeline_completo.py took 0.277 seconds
[2025-12-07T20:01:55.434+0000] {processor.py:161} INFO - Started process (PID=191) to work on /opt/airflow/dags/pipeline_completo.py
[2025-12-07T20:01:55.440+0000] {processor.py:830} INFO - Processing file /opt/airflow/dags/pipeline_completo.py for tasks to queue
[2025-12-07T20:01:55.447+0000] {logging_mixin.py:188} INFO - [2025-12-07T20:01:55.447+0000] {dagbag.py:545} INFO - Filling up the DagBag from /opt/airflow/dags/pipeline_completo.py
[2025-12-07T20:01:55.656+0000] {logging_mixin.py:188} INFO - [2025-12-07T20:01:55.653+0000] {templater.py:93} ERROR - Failed to resolve template field 'command'
Traceback (most recent call last):
  File "/home/airflow/.local/lib/python3.12/site-packages/airflow/template/templater.py", line 91, in resolve_template_files
    setattr(self, field, env.loader.get_source(env, content)[0])  # type: ignore
                         ^^^^^^^^^^^^^^^^^^^^^^^^^^^^^^^^^^^
  File "/home/airflow/.local/lib/python3.12/site-packages/jinja2/loaders.py", line 204, in get_source
    raise TemplateNotFound(template)
jinja2.exceptions.TemplateNotFound: ./ejecutar.sh
[2025-12-07T20:01:55.676+0000] {processor.py:840} INFO - DAG(s) 'flujo_etl_completo' retrieved from /opt/airflow/dags/pipeline_completo.py
[2025-12-07T20:01:55.747+0000] {logging_mixin.py:188} INFO - [2025-12-07T20:01:55.747+0000] {dag.py:3096} INFO - Sync 1 DAGs
[2025-12-07T20:01:55.797+0000] {logging_mixin.py:188} INFO - [2025-12-07T20:01:55.796+0000] {dag.py:3954} INFO - Setting next_dagrun for flujo_etl_completo to 2025-12-07 20:00:00+00:00, run_after=2025-12-07 21:00:00+00:00
[2025-12-07T20:01:55.846+0000] {processor.py:183} INFO - Processing /opt/airflow/dags/pipeline_completo.py took 0.425 seconds
[2025-12-07T20:02:26.111+0000] {processor.py:161} INFO - Started process (PID=198) to work on /opt/airflow/dags/pipeline_completo.py
[2025-12-07T20:02:26.112+0000] {processor.py:830} INFO - Processing file /opt/airflow/dags/pipeline_completo.py for tasks to queue
[2025-12-07T20:02:26.114+0000] {logging_mixin.py:188} INFO - [2025-12-07T20:02:26.114+0000] {dagbag.py:545} INFO - Filling up the DagBag from /opt/airflow/dags/pipeline_completo.py
[2025-12-07T20:02:26.151+0000] {logging_mixin.py:188} INFO - [2025-12-07T20:02:26.150+0000] {templater.py:93} ERROR - Failed to resolve template field 'command'
Traceback (most recent call last):
  File "/home/airflow/.local/lib/python3.12/site-packages/airflow/template/templater.py", line 91, in resolve_template_files
    setattr(self, field, env.loader.get_source(env, content)[0])  # type: ignore
                         ^^^^^^^^^^^^^^^^^^^^^^^^^^^^^^^^^^^
  File "/home/airflow/.local/lib/python3.12/site-packages/jinja2/loaders.py", line 204, in get_source
    raise TemplateNotFound(template)
jinja2.exceptions.TemplateNotFound: ./ejecutar.sh
[2025-12-07T20:02:26.155+0000] {processor.py:840} INFO - DAG(s) 'flujo_etl_completo' retrieved from /opt/airflow/dags/pipeline_completo.py
[2025-12-07T20:02:26.178+0000] {logging_mixin.py:188} INFO - [2025-12-07T20:02:26.177+0000] {dag.py:3096} INFO - Sync 1 DAGs
[2025-12-07T20:02:26.197+0000] {logging_mixin.py:188} INFO - [2025-12-07T20:02:26.197+0000] {dag.py:3954} INFO - Setting next_dagrun for flujo_etl_completo to 2025-12-07 20:00:00+00:00, run_after=2025-12-07 21:00:00+00:00
[2025-12-07T20:02:26.214+0000] {processor.py:183} INFO - Processing /opt/airflow/dags/pipeline_completo.py took 0.108 seconds
[2025-12-07T20:02:56.347+0000] {processor.py:161} INFO - Started process (PID=203) to work on /opt/airflow/dags/pipeline_completo.py
[2025-12-07T20:02:56.349+0000] {processor.py:830} INFO - Processing file /opt/airflow/dags/pipeline_completo.py for tasks to queue
[2025-12-07T20:02:56.351+0000] {logging_mixin.py:188} INFO - [2025-12-07T20:02:56.351+0000] {dagbag.py:545} INFO - Filling up the DagBag from /opt/airflow/dags/pipeline_completo.py
[2025-12-07T20:02:56.394+0000] {logging_mixin.py:188} INFO - [2025-12-07T20:02:56.393+0000] {templater.py:93} ERROR - Failed to resolve template field 'command'
Traceback (most recent call last):
  File "/home/airflow/.local/lib/python3.12/site-packages/airflow/template/templater.py", line 91, in resolve_template_files
    setattr(self, field, env.loader.get_source(env, content)[0])  # type: ignore
                         ^^^^^^^^^^^^^^^^^^^^^^^^^^^^^^^^^^^
  File "/home/airflow/.local/lib/python3.12/site-packages/jinja2/loaders.py", line 204, in get_source
    raise TemplateNotFound(template)
jinja2.exceptions.TemplateNotFound: ./ejecutar.sh
[2025-12-07T20:02:56.400+0000] {processor.py:840} INFO - DAG(s) 'flujo_etl_completo' retrieved from /opt/airflow/dags/pipeline_completo.py
[2025-12-07T20:02:56.424+0000] {logging_mixin.py:188} INFO - [2025-12-07T20:02:56.424+0000] {dag.py:3096} INFO - Sync 1 DAGs
[2025-12-07T20:02:56.445+0000] {logging_mixin.py:188} INFO - [2025-12-07T20:02:56.444+0000] {dag.py:3954} INFO - Setting next_dagrun for flujo_etl_completo to 2025-12-07 20:00:00+00:00, run_after=2025-12-07 21:00:00+00:00
[2025-12-07T20:02:56.462+0000] {processor.py:183} INFO - Processing /opt/airflow/dags/pipeline_completo.py took 0.121 seconds
[2025-12-07T20:03:26.648+0000] {processor.py:161} INFO - Started process (PID=208) to work on /opt/airflow/dags/pipeline_completo.py
[2025-12-07T20:03:26.649+0000] {processor.py:830} INFO - Processing file /opt/airflow/dags/pipeline_completo.py for tasks to queue
[2025-12-07T20:03:26.651+0000] {logging_mixin.py:188} INFO - [2025-12-07T20:03:26.651+0000] {dagbag.py:545} INFO - Filling up the DagBag from /opt/airflow/dags/pipeline_completo.py
[2025-12-07T20:03:26.682+0000] {logging_mixin.py:188} INFO - [2025-12-07T20:03:26.681+0000] {templater.py:93} ERROR - Failed to resolve template field 'command'
Traceback (most recent call last):
  File "/home/airflow/.local/lib/python3.12/site-packages/airflow/template/templater.py", line 91, in resolve_template_files
    setattr(self, field, env.loader.get_source(env, content)[0])  # type: ignore
                         ^^^^^^^^^^^^^^^^^^^^^^^^^^^^^^^^^^^
  File "/home/airflow/.local/lib/python3.12/site-packages/jinja2/loaders.py", line 204, in get_source
    raise TemplateNotFound(template)
jinja2.exceptions.TemplateNotFound: ./ejecutar.sh
[2025-12-07T20:03:26.685+0000] {processor.py:840} INFO - DAG(s) 'flujo_etl_completo' retrieved from /opt/airflow/dags/pipeline_completo.py
[2025-12-07T20:03:26.710+0000] {logging_mixin.py:188} INFO - [2025-12-07T20:03:26.710+0000] {dag.py:3096} INFO - Sync 1 DAGs
[2025-12-07T20:03:26.732+0000] {logging_mixin.py:188} INFO - [2025-12-07T20:03:26.732+0000] {dag.py:3954} INFO - Setting next_dagrun for flujo_etl_completo to 2025-12-07 20:00:00+00:00, run_after=2025-12-07 21:00:00+00:00
[2025-12-07T20:03:26.752+0000] {processor.py:183} INFO - Processing /opt/airflow/dags/pipeline_completo.py took 0.110 seconds
[2025-12-07T20:03:56.924+0000] {processor.py:161} INFO - Started process (PID=213) to work on /opt/airflow/dags/pipeline_completo.py
[2025-12-07T20:03:56.926+0000] {processor.py:830} INFO - Processing file /opt/airflow/dags/pipeline_completo.py for tasks to queue
[2025-12-07T20:03:56.928+0000] {logging_mixin.py:188} INFO - [2025-12-07T20:03:56.928+0000] {dagbag.py:545} INFO - Filling up the DagBag from /opt/airflow/dags/pipeline_completo.py
[2025-12-07T20:03:56.955+0000] {logging_mixin.py:188} INFO - [2025-12-07T20:03:56.954+0000] {templater.py:93} ERROR - Failed to resolve template field 'command'
Traceback (most recent call last):
  File "/home/airflow/.local/lib/python3.12/site-packages/airflow/template/templater.py", line 91, in resolve_template_files
    setattr(self, field, env.loader.get_source(env, content)[0])  # type: ignore
                         ^^^^^^^^^^^^^^^^^^^^^^^^^^^^^^^^^^^
  File "/home/airflow/.local/lib/python3.12/site-packages/jinja2/loaders.py", line 204, in get_source
    raise TemplateNotFound(template)
jinja2.exceptions.TemplateNotFound: ./ejecutar.sh
[2025-12-07T20:03:56.959+0000] {processor.py:840} INFO - DAG(s) 'flujo_etl_completo' retrieved from /opt/airflow/dags/pipeline_completo.py
[2025-12-07T20:03:56.983+0000] {logging_mixin.py:188} INFO - [2025-12-07T20:03:56.983+0000] {dag.py:3096} INFO - Sync 1 DAGs
[2025-12-07T20:03:57.003+0000] {logging_mixin.py:188} INFO - [2025-12-07T20:03:57.003+0000] {dag.py:3954} INFO - Setting next_dagrun for flujo_etl_completo to 2025-12-07 20:00:00+00:00, run_after=2025-12-07 21:00:00+00:00
[2025-12-07T20:03:57.024+0000] {processor.py:183} INFO - Processing /opt/airflow/dags/pipeline_completo.py took 0.104 seconds
[2025-12-07T20:04:27.193+0000] {processor.py:161} INFO - Started process (PID=218) to work on /opt/airflow/dags/pipeline_completo.py
[2025-12-07T20:04:27.195+0000] {processor.py:830} INFO - Processing file /opt/airflow/dags/pipeline_completo.py for tasks to queue
[2025-12-07T20:04:27.197+0000] {logging_mixin.py:188} INFO - [2025-12-07T20:04:27.197+0000] {dagbag.py:545} INFO - Filling up the DagBag from /opt/airflow/dags/pipeline_completo.py
[2025-12-07T20:04:27.219+0000] {logging_mixin.py:188} INFO - [2025-12-07T20:04:27.218+0000] {templater.py:93} ERROR - Failed to resolve template field 'command'
Traceback (most recent call last):
  File "/home/airflow/.local/lib/python3.12/site-packages/airflow/template/templater.py", line 91, in resolve_template_files
    setattr(self, field, env.loader.get_source(env, content)[0])  # type: ignore
                         ^^^^^^^^^^^^^^^^^^^^^^^^^^^^^^^^^^^
  File "/home/airflow/.local/lib/python3.12/site-packages/jinja2/loaders.py", line 204, in get_source
    raise TemplateNotFound(template)
jinja2.exceptions.TemplateNotFound: ./ejecutar.sh
[2025-12-07T20:04:27.222+0000] {processor.py:840} INFO - DAG(s) 'flujo_etl_completo' retrieved from /opt/airflow/dags/pipeline_completo.py
[2025-12-07T20:04:27.245+0000] {logging_mixin.py:188} INFO - [2025-12-07T20:04:27.245+0000] {dag.py:3096} INFO - Sync 1 DAGs
[2025-12-07T20:04:27.265+0000] {logging_mixin.py:188} INFO - [2025-12-07T20:04:27.265+0000] {dag.py:3954} INFO - Setting next_dagrun for flujo_etl_completo to 2025-12-07 20:00:00+00:00, run_after=2025-12-07 21:00:00+00:00
[2025-12-07T20:04:27.281+0000] {processor.py:183} INFO - Processing /opt/airflow/dags/pipeline_completo.py took 0.092 seconds
[2025-12-07T20:04:57.554+0000] {processor.py:161} INFO - Started process (PID=223) to work on /opt/airflow/dags/pipeline_completo.py
[2025-12-07T20:04:57.555+0000] {processor.py:830} INFO - Processing file /opt/airflow/dags/pipeline_completo.py for tasks to queue
[2025-12-07T20:04:57.557+0000] {logging_mixin.py:188} INFO - [2025-12-07T20:04:57.557+0000] {dagbag.py:545} INFO - Filling up the DagBag from /opt/airflow/dags/pipeline_completo.py
[2025-12-07T20:04:57.596+0000] {logging_mixin.py:188} INFO - [2025-12-07T20:04:57.595+0000] {templater.py:93} ERROR - Failed to resolve template field 'command'
Traceback (most recent call last):
  File "/home/airflow/.local/lib/python3.12/site-packages/airflow/template/templater.py", line 91, in resolve_template_files
    setattr(self, field, env.loader.get_source(env, content)[0])  # type: ignore
                         ^^^^^^^^^^^^^^^^^^^^^^^^^^^^^^^^^^^
  File "/home/airflow/.local/lib/python3.12/site-packages/jinja2/loaders.py", line 204, in get_source
    raise TemplateNotFound(template)
jinja2.exceptions.TemplateNotFound: ./ejecutar.sh
[2025-12-07T20:04:57.600+0000] {processor.py:840} INFO - DAG(s) 'flujo_etl_completo' retrieved from /opt/airflow/dags/pipeline_completo.py
[2025-12-07T20:04:57.623+0000] {logging_mixin.py:188} INFO - [2025-12-07T20:04:57.623+0000] {dag.py:3096} INFO - Sync 1 DAGs
[2025-12-07T20:04:57.644+0000] {logging_mixin.py:188} INFO - [2025-12-07T20:04:57.644+0000] {dag.py:3954} INFO - Setting next_dagrun for flujo_etl_completo to 2025-12-07 20:00:00+00:00, run_after=2025-12-07 21:00:00+00:00
[2025-12-07T20:04:57.666+0000] {processor.py:183} INFO - Processing /opt/airflow/dags/pipeline_completo.py took 0.117 seconds
[2025-12-07T20:05:27.881+0000] {processor.py:161} INFO - Started process (PID=228) to work on /opt/airflow/dags/pipeline_completo.py
[2025-12-07T20:05:27.882+0000] {processor.py:830} INFO - Processing file /opt/airflow/dags/pipeline_completo.py for tasks to queue
[2025-12-07T20:05:27.884+0000] {logging_mixin.py:188} INFO - [2025-12-07T20:05:27.884+0000] {dagbag.py:545} INFO - Filling up the DagBag from /opt/airflow/dags/pipeline_completo.py
[2025-12-07T20:05:27.909+0000] {logging_mixin.py:188} INFO - [2025-12-07T20:05:27.908+0000] {templater.py:93} ERROR - Failed to resolve template field 'command'
Traceback (most recent call last):
  File "/home/airflow/.local/lib/python3.12/site-packages/airflow/template/templater.py", line 91, in resolve_template_files
    setattr(self, field, env.loader.get_source(env, content)[0])  # type: ignore
                         ^^^^^^^^^^^^^^^^^^^^^^^^^^^^^^^^^^^
  File "/home/airflow/.local/lib/python3.12/site-packages/jinja2/loaders.py", line 204, in get_source
    raise TemplateNotFound(template)
jinja2.exceptions.TemplateNotFound: ./ejecutar.sh
[2025-12-07T20:05:27.913+0000] {processor.py:840} INFO - DAG(s) 'flujo_etl_completo' retrieved from /opt/airflow/dags/pipeline_completo.py
[2025-12-07T20:05:27.933+0000] {logging_mixin.py:188} INFO - [2025-12-07T20:05:27.933+0000] {dag.py:3096} INFO - Sync 1 DAGs
[2025-12-07T20:05:27.952+0000] {logging_mixin.py:188} INFO - [2025-12-07T20:05:27.952+0000] {dag.py:3954} INFO - Setting next_dagrun for flujo_etl_completo to 2025-12-07 20:00:00+00:00, run_after=2025-12-07 21:00:00+00:00
[2025-12-07T20:05:27.970+0000] {processor.py:183} INFO - Processing /opt/airflow/dags/pipeline_completo.py took 0.094 seconds
[2025-12-07T20:05:58.195+0000] {processor.py:161} INFO - Started process (PID=233) to work on /opt/airflow/dags/pipeline_completo.py
[2025-12-07T20:05:58.196+0000] {processor.py:830} INFO - Processing file /opt/airflow/dags/pipeline_completo.py for tasks to queue
[2025-12-07T20:05:58.198+0000] {logging_mixin.py:188} INFO - [2025-12-07T20:05:58.198+0000] {dagbag.py:545} INFO - Filling up the DagBag from /opt/airflow/dags/pipeline_completo.py
[2025-12-07T20:05:58.225+0000] {logging_mixin.py:188} INFO - [2025-12-07T20:05:58.224+0000] {templater.py:93} ERROR - Failed to resolve template field 'command'
Traceback (most recent call last):
  File "/home/airflow/.local/lib/python3.12/site-packages/airflow/template/templater.py", line 91, in resolve_template_files
    setattr(self, field, env.loader.get_source(env, content)[0])  # type: ignore
                         ^^^^^^^^^^^^^^^^^^^^^^^^^^^^^^^^^^^
  File "/home/airflow/.local/lib/python3.12/site-packages/jinja2/loaders.py", line 204, in get_source
    raise TemplateNotFound(template)
jinja2.exceptions.TemplateNotFound: ./ejecutar.sh
[2025-12-07T20:05:58.229+0000] {processor.py:840} INFO - DAG(s) 'flujo_etl_completo' retrieved from /opt/airflow/dags/pipeline_completo.py
[2025-12-07T20:05:58.249+0000] {logging_mixin.py:188} INFO - [2025-12-07T20:05:58.248+0000] {dag.py:3096} INFO - Sync 1 DAGs
[2025-12-07T20:05:58.266+0000] {logging_mixin.py:188} INFO - [2025-12-07T20:05:58.266+0000] {dag.py:3954} INFO - Setting next_dagrun for flujo_etl_completo to 2025-12-07 20:00:00+00:00, run_after=2025-12-07 21:00:00+00:00
[2025-12-07T20:05:58.329+0000] {processor.py:183} INFO - Processing /opt/airflow/dags/pipeline_completo.py took 0.139 seconds
[2025-12-07T20:06:28.446+0000] {processor.py:161} INFO - Started process (PID=238) to work on /opt/airflow/dags/pipeline_completo.py
[2025-12-07T20:06:28.447+0000] {processor.py:830} INFO - Processing file /opt/airflow/dags/pipeline_completo.py for tasks to queue
[2025-12-07T20:06:28.449+0000] {logging_mixin.py:188} INFO - [2025-12-07T20:06:28.449+0000] {dagbag.py:545} INFO - Filling up the DagBag from /opt/airflow/dags/pipeline_completo.py
[2025-12-07T20:06:28.471+0000] {logging_mixin.py:188} INFO - [2025-12-07T20:06:28.471+0000] {templater.py:93} ERROR - Failed to resolve template field 'command'
Traceback (most recent call last):
  File "/home/airflow/.local/lib/python3.12/site-packages/airflow/template/templater.py", line 91, in resolve_template_files
    setattr(self, field, env.loader.get_source(env, content)[0])  # type: ignore
                         ^^^^^^^^^^^^^^^^^^^^^^^^^^^^^^^^^^^
  File "/home/airflow/.local/lib/python3.12/site-packages/jinja2/loaders.py", line 204, in get_source
    raise TemplateNotFound(template)
jinja2.exceptions.TemplateNotFound: ./ejecutar.sh
[2025-12-07T20:06:28.475+0000] {processor.py:840} INFO - DAG(s) 'flujo_etl_completo' retrieved from /opt/airflow/dags/pipeline_completo.py
[2025-12-07T20:06:28.497+0000] {logging_mixin.py:188} INFO - [2025-12-07T20:06:28.497+0000] {dag.py:3096} INFO - Sync 1 DAGs
[2025-12-07T20:06:28.517+0000] {logging_mixin.py:188} INFO - [2025-12-07T20:06:28.516+0000] {dag.py:3954} INFO - Setting next_dagrun for flujo_etl_completo to 2025-12-07 20:00:00+00:00, run_after=2025-12-07 21:00:00+00:00
[2025-12-07T20:06:28.551+0000] {processor.py:183} INFO - Processing /opt/airflow/dags/pipeline_completo.py took 0.110 seconds
[2025-12-07T20:06:58.824+0000] {processor.py:161} INFO - Started process (PID=243) to work on /opt/airflow/dags/pipeline_completo.py
[2025-12-07T20:06:58.825+0000] {processor.py:830} INFO - Processing file /opt/airflow/dags/pipeline_completo.py for tasks to queue
[2025-12-07T20:06:58.827+0000] {logging_mixin.py:188} INFO - [2025-12-07T20:06:58.827+0000] {dagbag.py:545} INFO - Filling up the DagBag from /opt/airflow/dags/pipeline_completo.py
[2025-12-07T20:06:58.856+0000] {logging_mixin.py:188} INFO - [2025-12-07T20:06:58.855+0000] {templater.py:93} ERROR - Failed to resolve template field 'command'
Traceback (most recent call last):
  File "/home/airflow/.local/lib/python3.12/site-packages/airflow/template/templater.py", line 91, in resolve_template_files
    setattr(self, field, env.loader.get_source(env, content)[0])  # type: ignore
                         ^^^^^^^^^^^^^^^^^^^^^^^^^^^^^^^^^^^
  File "/home/airflow/.local/lib/python3.12/site-packages/jinja2/loaders.py", line 204, in get_source
    raise TemplateNotFound(template)
jinja2.exceptions.TemplateNotFound: ./ejecutar.sh
[2025-12-07T20:06:58.860+0000] {processor.py:840} INFO - DAG(s) 'flujo_etl_completo' retrieved from /opt/airflow/dags/pipeline_completo.py
[2025-12-07T20:06:58.883+0000] {logging_mixin.py:188} INFO - [2025-12-07T20:06:58.883+0000] {dag.py:3096} INFO - Sync 1 DAGs
[2025-12-07T20:06:58.902+0000] {logging_mixin.py:188} INFO - [2025-12-07T20:06:58.902+0000] {dag.py:3954} INFO - Setting next_dagrun for flujo_etl_completo to 2025-12-07 20:00:00+00:00, run_after=2025-12-07 21:00:00+00:00
[2025-12-07T20:06:58.920+0000] {processor.py:183} INFO - Processing /opt/airflow/dags/pipeline_completo.py took 0.100 seconds
[2025-12-07T20:07:29.105+0000] {processor.py:161} INFO - Started process (PID=248) to work on /opt/airflow/dags/pipeline_completo.py
[2025-12-07T20:07:29.106+0000] {processor.py:830} INFO - Processing file /opt/airflow/dags/pipeline_completo.py for tasks to queue
[2025-12-07T20:07:29.107+0000] {logging_mixin.py:188} INFO - [2025-12-07T20:07:29.107+0000] {dagbag.py:545} INFO - Filling up the DagBag from /opt/airflow/dags/pipeline_completo.py
[2025-12-07T20:07:29.133+0000] {logging_mixin.py:188} INFO - [2025-12-07T20:07:29.132+0000] {templater.py:93} ERROR - Failed to resolve template field 'command'
Traceback (most recent call last):
  File "/home/airflow/.local/lib/python3.12/site-packages/airflow/template/templater.py", line 91, in resolve_template_files
    setattr(self, field, env.loader.get_source(env, content)[0])  # type: ignore
                         ^^^^^^^^^^^^^^^^^^^^^^^^^^^^^^^^^^^
  File "/home/airflow/.local/lib/python3.12/site-packages/jinja2/loaders.py", line 204, in get_source
    raise TemplateNotFound(template)
jinja2.exceptions.TemplateNotFound: ./ejecutar.sh
[2025-12-07T20:07:29.137+0000] {processor.py:840} INFO - DAG(s) 'flujo_etl_completo' retrieved from /opt/airflow/dags/pipeline_completo.py
[2025-12-07T20:07:29.157+0000] {logging_mixin.py:188} INFO - [2025-12-07T20:07:29.156+0000] {dag.py:3096} INFO - Sync 1 DAGs
[2025-12-07T20:07:29.175+0000] {logging_mixin.py:188} INFO - [2025-12-07T20:07:29.175+0000] {dag.py:3954} INFO - Setting next_dagrun for flujo_etl_completo to 2025-12-07 20:00:00+00:00, run_after=2025-12-07 21:00:00+00:00
[2025-12-07T20:07:29.198+0000] {processor.py:183} INFO - Processing /opt/airflow/dags/pipeline_completo.py took 0.098 seconds
[2025-12-07T20:07:59.412+0000] {processor.py:161} INFO - Started process (PID=253) to work on /opt/airflow/dags/pipeline_completo.py
[2025-12-07T20:07:59.414+0000] {processor.py:830} INFO - Processing file /opt/airflow/dags/pipeline_completo.py for tasks to queue
[2025-12-07T20:07:59.415+0000] {logging_mixin.py:188} INFO - [2025-12-07T20:07:59.415+0000] {dagbag.py:545} INFO - Filling up the DagBag from /opt/airflow/dags/pipeline_completo.py
[2025-12-07T20:07:59.444+0000] {logging_mixin.py:188} INFO - [2025-12-07T20:07:59.443+0000] {templater.py:93} ERROR - Failed to resolve template field 'command'
Traceback (most recent call last):
  File "/home/airflow/.local/lib/python3.12/site-packages/airflow/template/templater.py", line 91, in resolve_template_files
    setattr(self, field, env.loader.get_source(env, content)[0])  # type: ignore
                         ^^^^^^^^^^^^^^^^^^^^^^^^^^^^^^^^^^^
  File "/home/airflow/.local/lib/python3.12/site-packages/jinja2/loaders.py", line 204, in get_source
    raise TemplateNotFound(template)
jinja2.exceptions.TemplateNotFound: ./ejecutar.sh
[2025-12-07T20:07:59.447+0000] {processor.py:840} INFO - DAG(s) 'flujo_etl_completo' retrieved from /opt/airflow/dags/pipeline_completo.py
[2025-12-07T20:07:59.468+0000] {logging_mixin.py:188} INFO - [2025-12-07T20:07:59.468+0000] {dag.py:3096} INFO - Sync 1 DAGs
[2025-12-07T20:07:59.485+0000] {logging_mixin.py:188} INFO - [2025-12-07T20:07:59.485+0000] {dag.py:3954} INFO - Setting next_dagrun for flujo_etl_completo to 2025-12-07 20:00:00+00:00, run_after=2025-12-07 21:00:00+00:00
[2025-12-07T20:07:59.501+0000] {processor.py:183} INFO - Processing /opt/airflow/dags/pipeline_completo.py took 0.094 seconds
[2025-12-07T20:08:29.659+0000] {processor.py:161} INFO - Started process (PID=258) to work on /opt/airflow/dags/pipeline_completo.py
[2025-12-07T20:08:29.661+0000] {processor.py:830} INFO - Processing file /opt/airflow/dags/pipeline_completo.py for tasks to queue
[2025-12-07T20:08:29.663+0000] {logging_mixin.py:188} INFO - [2025-12-07T20:08:29.662+0000] {dagbag.py:545} INFO - Filling up the DagBag from /opt/airflow/dags/pipeline_completo.py
[2025-12-07T20:08:29.690+0000] {logging_mixin.py:188} INFO - [2025-12-07T20:08:29.689+0000] {templater.py:93} ERROR - Failed to resolve template field 'command'
Traceback (most recent call last):
  File "/home/airflow/.local/lib/python3.12/site-packages/airflow/template/templater.py", line 91, in resolve_template_files
    setattr(self, field, env.loader.get_source(env, content)[0])  # type: ignore
                         ^^^^^^^^^^^^^^^^^^^^^^^^^^^^^^^^^^^
  File "/home/airflow/.local/lib/python3.12/site-packages/jinja2/loaders.py", line 204, in get_source
    raise TemplateNotFound(template)
jinja2.exceptions.TemplateNotFound: ./ejecutar.sh
[2025-12-07T20:08:29.694+0000] {processor.py:840} INFO - DAG(s) 'flujo_etl_completo' retrieved from /opt/airflow/dags/pipeline_completo.py
[2025-12-07T20:08:29.715+0000] {logging_mixin.py:188} INFO - [2025-12-07T20:08:29.715+0000] {dag.py:3096} INFO - Sync 1 DAGs
[2025-12-07T20:08:29.734+0000] {logging_mixin.py:188} INFO - [2025-12-07T20:08:29.733+0000] {dag.py:3954} INFO - Setting next_dagrun for flujo_etl_completo to 2025-12-07 20:00:00+00:00, run_after=2025-12-07 21:00:00+00:00
[2025-12-07T20:08:29.765+0000] {processor.py:183} INFO - Processing /opt/airflow/dags/pipeline_completo.py took 0.110 seconds
[2025-12-07T20:09:00.021+0000] {processor.py:161} INFO - Started process (PID=263) to work on /opt/airflow/dags/pipeline_completo.py
[2025-12-07T20:09:00.023+0000] {processor.py:830} INFO - Processing file /opt/airflow/dags/pipeline_completo.py for tasks to queue
[2025-12-07T20:09:00.027+0000] {logging_mixin.py:188} INFO - [2025-12-07T20:09:00.026+0000] {dagbag.py:545} INFO - Filling up the DagBag from /opt/airflow/dags/pipeline_completo.py
[2025-12-07T20:09:00.063+0000] {logging_mixin.py:188} INFO - [2025-12-07T20:09:00.062+0000] {templater.py:93} ERROR - Failed to resolve template field 'command'
Traceback (most recent call last):
  File "/home/airflow/.local/lib/python3.12/site-packages/airflow/template/templater.py", line 91, in resolve_template_files
    setattr(self, field, env.loader.get_source(env, content)[0])  # type: ignore
                         ^^^^^^^^^^^^^^^^^^^^^^^^^^^^^^^^^^^
  File "/home/airflow/.local/lib/python3.12/site-packages/jinja2/loaders.py", line 204, in get_source
    raise TemplateNotFound(template)
jinja2.exceptions.TemplateNotFound: ./ejecutar.sh
[2025-12-07T20:09:00.067+0000] {processor.py:840} INFO - DAG(s) 'flujo_etl_completo' retrieved from /opt/airflow/dags/pipeline_completo.py
[2025-12-07T20:09:00.090+0000] {logging_mixin.py:188} INFO - [2025-12-07T20:09:00.090+0000] {dag.py:3096} INFO - Sync 1 DAGs
[2025-12-07T20:09:00.109+0000] {logging_mixin.py:188} INFO - [2025-12-07T20:09:00.109+0000] {dag.py:3954} INFO - Setting next_dagrun for flujo_etl_completo to 2025-12-07 20:00:00+00:00, run_after=2025-12-07 21:00:00+00:00
[2025-12-07T20:09:00.128+0000] {processor.py:183} INFO - Processing /opt/airflow/dags/pipeline_completo.py took 0.112 seconds
[2025-12-07T20:09:30.242+0000] {processor.py:161} INFO - Started process (PID=268) to work on /opt/airflow/dags/pipeline_completo.py
[2025-12-07T20:09:30.243+0000] {processor.py:830} INFO - Processing file /opt/airflow/dags/pipeline_completo.py for tasks to queue
[2025-12-07T20:09:30.245+0000] {logging_mixin.py:188} INFO - [2025-12-07T20:09:30.245+0000] {dagbag.py:545} INFO - Filling up the DagBag from /opt/airflow/dags/pipeline_completo.py
[2025-12-07T20:09:30.276+0000] {logging_mixin.py:188} INFO - [2025-12-07T20:09:30.275+0000] {templater.py:93} ERROR - Failed to resolve template field 'command'
Traceback (most recent call last):
  File "/home/airflow/.local/lib/python3.12/site-packages/airflow/template/templater.py", line 91, in resolve_template_files
    setattr(self, field, env.loader.get_source(env, content)[0])  # type: ignore
                         ^^^^^^^^^^^^^^^^^^^^^^^^^^^^^^^^^^^
  File "/home/airflow/.local/lib/python3.12/site-packages/jinja2/loaders.py", line 204, in get_source
    raise TemplateNotFound(template)
jinja2.exceptions.TemplateNotFound: ./ejecutar.sh
[2025-12-07T20:09:30.280+0000] {processor.py:840} INFO - DAG(s) 'flujo_etl_completo' retrieved from /opt/airflow/dags/pipeline_completo.py
[2025-12-07T20:09:30.300+0000] {logging_mixin.py:188} INFO - [2025-12-07T20:09:30.300+0000] {dag.py:3096} INFO - Sync 1 DAGs
[2025-12-07T20:09:30.317+0000] {logging_mixin.py:188} INFO - [2025-12-07T20:09:30.317+0000] {dag.py:3954} INFO - Setting next_dagrun for flujo_etl_completo to 2025-12-07 20:00:00+00:00, run_after=2025-12-07 21:00:00+00:00
[2025-12-07T20:09:30.334+0000] {processor.py:183} INFO - Processing /opt/airflow/dags/pipeline_completo.py took 0.096 seconds
[2025-12-07T20:14:03.940+0000] {processor.py:161} INFO - Started process (PID=167) to work on /opt/airflow/dags/pipeline_completo.py
[2025-12-07T20:14:03.944+0000] {processor.py:830} INFO - Processing file /opt/airflow/dags/pipeline_completo.py for tasks to queue
[2025-12-07T20:14:03.948+0000] {logging_mixin.py:188} INFO - [2025-12-07T20:14:03.948+0000] {dagbag.py:545} INFO - Filling up the DagBag from /opt/airflow/dags/pipeline_completo.py
[2025-12-07T20:14:04.001+0000] {logging_mixin.py:188} INFO - [2025-12-07T20:14:04.000+0000] {templater.py:93} ERROR - Failed to resolve template field 'command'
Traceback (most recent call last):
  File "/home/airflow/.local/lib/python3.12/site-packages/airflow/template/templater.py", line 91, in resolve_template_files
    setattr(self, field, env.loader.get_source(env, content)[0])  # type: ignore
                         ^^^^^^^^^^^^^^^^^^^^^^^^^^^^^^^^^^^
  File "/home/airflow/.local/lib/python3.12/site-packages/jinja2/loaders.py", line 204, in get_source
    raise TemplateNotFound(template)
jinja2.exceptions.TemplateNotFound: ./ejecutar.sh
[2025-12-07T20:14:04.015+0000] {processor.py:840} INFO - DAG(s) 'flujo_etl_completo' retrieved from /opt/airflow/dags/pipeline_completo.py
[2025-12-07T20:14:04.319+0000] {logging_mixin.py:188} INFO - [2025-12-07T20:14:04.318+0000] {override.py:1829} INFO - Created Permission View: can delete on DAG:flujo_etl_completo
[2025-12-07T20:14:04.337+0000] {logging_mixin.py:188} INFO - [2025-12-07T20:14:04.336+0000] {override.py:1829} INFO - Created Permission View: can read on DAG:flujo_etl_completo
[2025-12-07T20:14:04.358+0000] {logging_mixin.py:188} INFO - [2025-12-07T20:14:04.357+0000] {override.py:1829} INFO - Created Permission View: can edit on DAG:flujo_etl_completo
[2025-12-07T20:14:04.359+0000] {logging_mixin.py:188} INFO - [2025-12-07T20:14:04.359+0000] {dag.py:3096} INFO - Sync 1 DAGs
[2025-12-07T20:14:04.376+0000] {logging_mixin.py:188} INFO - [2025-12-07T20:14:04.375+0000] {dag.py:3118} INFO - Creating ORM DAG for flujo_etl_completo
[2025-12-07T20:14:04.395+0000] {logging_mixin.py:188} INFO - [2025-12-07T20:14:04.394+0000] {dag.py:3954} INFO - Setting next_dagrun for flujo_etl_completo to 2025-12-07 19:00:00+00:00, run_after=2025-12-07 20:00:00+00:00
[2025-12-07T20:14:04.438+0000] {processor.py:183} INFO - Processing /opt/airflow/dags/pipeline_completo.py took 0.507 seconds
[2025-12-07T20:14:34.838+0000] {processor.py:161} INFO - Started process (PID=180) to work on /opt/airflow/dags/pipeline_completo.py
[2025-12-07T20:14:34.841+0000] {processor.py:830} INFO - Processing file /opt/airflow/dags/pipeline_completo.py for tasks to queue
[2025-12-07T20:14:34.846+0000] {logging_mixin.py:188} INFO - [2025-12-07T20:14:34.845+0000] {dagbag.py:545} INFO - Filling up the DagBag from /opt/airflow/dags/pipeline_completo.py
[2025-12-07T20:14:34.971+0000] {logging_mixin.py:188} INFO - [2025-12-07T20:14:34.968+0000] {templater.py:93} ERROR - Failed to resolve template field 'command'
Traceback (most recent call last):
  File "/home/airflow/.local/lib/python3.12/site-packages/airflow/template/templater.py", line 91, in resolve_template_files
    setattr(self, field, env.loader.get_source(env, content)[0])  # type: ignore
                         ^^^^^^^^^^^^^^^^^^^^^^^^^^^^^^^^^^^
  File "/home/airflow/.local/lib/python3.12/site-packages/jinja2/loaders.py", line 204, in get_source
    raise TemplateNotFound(template)
jinja2.exceptions.TemplateNotFound: ./ejecutar.sh
[2025-12-07T20:14:34.987+0000] {processor.py:840} INFO - DAG(s) 'flujo_etl_completo' retrieved from /opt/airflow/dags/pipeline_completo.py
[2025-12-07T20:14:35.055+0000] {logging_mixin.py:188} INFO - [2025-12-07T20:14:35.054+0000] {dag.py:3096} INFO - Sync 1 DAGs
[2025-12-07T20:14:35.137+0000] {logging_mixin.py:188} INFO - [2025-12-07T20:14:35.137+0000] {dag.py:3954} INFO - Setting next_dagrun for flujo_etl_completo to 2025-12-07 20:00:00+00:00, run_after=2025-12-07 21:00:00+00:00
[2025-12-07T20:14:35.200+0000] {processor.py:183} INFO - Processing /opt/airflow/dags/pipeline_completo.py took 0.376 seconds
[2025-12-07T20:15:05.563+0000] {processor.py:161} INFO - Started process (PID=185) to work on /opt/airflow/dags/pipeline_completo.py
[2025-12-07T20:15:05.567+0000] {processor.py:830} INFO - Processing file /opt/airflow/dags/pipeline_completo.py for tasks to queue
[2025-12-07T20:15:05.575+0000] {logging_mixin.py:188} INFO - [2025-12-07T20:15:05.573+0000] {dagbag.py:545} INFO - Filling up the DagBag from /opt/airflow/dags/pipeline_completo.py
[2025-12-07T20:15:05.664+0000] {logging_mixin.py:188} INFO - [2025-12-07T20:15:05.655+0000] {templater.py:93} ERROR - Failed to resolve template field 'command'
Traceback (most recent call last):
  File "/home/airflow/.local/lib/python3.12/site-packages/airflow/template/templater.py", line 91, in resolve_template_files
    setattr(self, field, env.loader.get_source(env, content)[0])  # type: ignore
                         ^^^^^^^^^^^^^^^^^^^^^^^^^^^^^^^^^^^
  File "/home/airflow/.local/lib/python3.12/site-packages/jinja2/loaders.py", line 204, in get_source
    raise TemplateNotFound(template)
jinja2.exceptions.TemplateNotFound: ./ejecutar.sh
[2025-12-07T20:15:05.680+0000] {processor.py:840} INFO - DAG(s) 'flujo_etl_completo' retrieved from /opt/airflow/dags/pipeline_completo.py
[2025-12-07T20:15:05.777+0000] {logging_mixin.py:188} INFO - [2025-12-07T20:15:05.777+0000] {dag.py:3096} INFO - Sync 1 DAGs
[2025-12-07T20:15:05.866+0000] {logging_mixin.py:188} INFO - [2025-12-07T20:15:05.865+0000] {dag.py:3954} INFO - Setting next_dagrun for flujo_etl_completo to 2025-12-07 20:00:00+00:00, run_after=2025-12-07 21:00:00+00:00
[2025-12-07T20:15:05.920+0000] {processor.py:183} INFO - Processing /opt/airflow/dags/pipeline_completo.py took 0.367 seconds
[2025-12-07T20:15:36.195+0000] {processor.py:161} INFO - Started process (PID=190) to work on /opt/airflow/dags/pipeline_completo.py
[2025-12-07T20:15:36.196+0000] {processor.py:830} INFO - Processing file /opt/airflow/dags/pipeline_completo.py for tasks to queue
[2025-12-07T20:15:36.200+0000] {logging_mixin.py:188} INFO - [2025-12-07T20:15:36.199+0000] {dagbag.py:545} INFO - Filling up the DagBag from /opt/airflow/dags/pipeline_completo.py
[2025-12-07T20:15:36.264+0000] {logging_mixin.py:188} INFO - [2025-12-07T20:15:36.263+0000] {templater.py:93} ERROR - Failed to resolve template field 'command'
Traceback (most recent call last):
  File "/home/airflow/.local/lib/python3.12/site-packages/airflow/template/templater.py", line 91, in resolve_template_files
    setattr(self, field, env.loader.get_source(env, content)[0])  # type: ignore
                         ^^^^^^^^^^^^^^^^^^^^^^^^^^^^^^^^^^^
  File "/home/airflow/.local/lib/python3.12/site-packages/jinja2/loaders.py", line 204, in get_source
    raise TemplateNotFound(template)
jinja2.exceptions.TemplateNotFound: ./ejecutar.sh
[2025-12-07T20:15:36.278+0000] {processor.py:840} INFO - DAG(s) 'flujo_etl_completo' retrieved from /opt/airflow/dags/pipeline_completo.py
[2025-12-07T20:15:36.325+0000] {logging_mixin.py:188} INFO - [2025-12-07T20:15:36.325+0000] {dag.py:3096} INFO - Sync 1 DAGs
[2025-12-07T20:15:36.359+0000] {logging_mixin.py:188} INFO - [2025-12-07T20:15:36.359+0000] {dag.py:3954} INFO - Setting next_dagrun for flujo_etl_completo to 2025-12-07 20:00:00+00:00, run_after=2025-12-07 21:00:00+00:00
[2025-12-07T20:15:36.381+0000] {processor.py:183} INFO - Processing /opt/airflow/dags/pipeline_completo.py took 0.193 seconds
[2025-12-07T20:16:06.656+0000] {processor.py:161} INFO - Started process (PID=197) to work on /opt/airflow/dags/pipeline_completo.py
[2025-12-07T20:16:06.658+0000] {processor.py:830} INFO - Processing file /opt/airflow/dags/pipeline_completo.py for tasks to queue
[2025-12-07T20:16:06.661+0000] {logging_mixin.py:188} INFO - [2025-12-07T20:16:06.661+0000] {dagbag.py:545} INFO - Filling up the DagBag from /opt/airflow/dags/pipeline_completo.py
[2025-12-07T20:16:06.713+0000] {logging_mixin.py:188} INFO - [2025-12-07T20:16:06.713+0000] {templater.py:93} ERROR - Failed to resolve template field 'command'
Traceback (most recent call last):
  File "/home/airflow/.local/lib/python3.12/site-packages/airflow/template/templater.py", line 91, in resolve_template_files
    setattr(self, field, env.loader.get_source(env, content)[0])  # type: ignore
                         ^^^^^^^^^^^^^^^^^^^^^^^^^^^^^^^^^^^
  File "/home/airflow/.local/lib/python3.12/site-packages/jinja2/loaders.py", line 204, in get_source
    raise TemplateNotFound(template)
jinja2.exceptions.TemplateNotFound: ./ejecutar.sh
[2025-12-07T20:16:06.718+0000] {processor.py:840} INFO - DAG(s) 'flujo_etl_completo' retrieved from /opt/airflow/dags/pipeline_completo.py
[2025-12-07T20:16:06.743+0000] {logging_mixin.py:188} INFO - [2025-12-07T20:16:06.743+0000] {dag.py:3096} INFO - Sync 1 DAGs
[2025-12-07T20:16:06.763+0000] {logging_mixin.py:188} INFO - [2025-12-07T20:16:06.763+0000] {dag.py:3954} INFO - Setting next_dagrun for flujo_etl_completo to 2025-12-07 20:00:00+00:00, run_after=2025-12-07 21:00:00+00:00
[2025-12-07T20:16:06.786+0000] {processor.py:183} INFO - Processing /opt/airflow/dags/pipeline_completo.py took 0.135 seconds
[2025-12-07T20:16:36.912+0000] {processor.py:161} INFO - Started process (PID=202) to work on /opt/airflow/dags/pipeline_completo.py
[2025-12-07T20:16:36.914+0000] {processor.py:830} INFO - Processing file /opt/airflow/dags/pipeline_completo.py for tasks to queue
[2025-12-07T20:16:36.917+0000] {logging_mixin.py:188} INFO - [2025-12-07T20:16:36.916+0000] {dagbag.py:545} INFO - Filling up the DagBag from /opt/airflow/dags/pipeline_completo.py
[2025-12-07T20:16:36.958+0000] {logging_mixin.py:188} INFO - [2025-12-07T20:16:36.957+0000] {templater.py:93} ERROR - Failed to resolve template field 'command'
Traceback (most recent call last):
  File "/home/airflow/.local/lib/python3.12/site-packages/airflow/template/templater.py", line 91, in resolve_template_files
    setattr(self, field, env.loader.get_source(env, content)[0])  # type: ignore
                         ^^^^^^^^^^^^^^^^^^^^^^^^^^^^^^^^^^^
  File "/home/airflow/.local/lib/python3.12/site-packages/jinja2/loaders.py", line 204, in get_source
    raise TemplateNotFound(template)
jinja2.exceptions.TemplateNotFound: ./ejecutar.sh
[2025-12-07T20:16:36.962+0000] {processor.py:840} INFO - DAG(s) 'flujo_etl_completo' retrieved from /opt/airflow/dags/pipeline_completo.py
[2025-12-07T20:16:36.986+0000] {logging_mixin.py:188} INFO - [2025-12-07T20:16:36.985+0000] {dag.py:3096} INFO - Sync 1 DAGs
[2025-12-07T20:16:37.010+0000] {logging_mixin.py:188} INFO - [2025-12-07T20:16:37.009+0000] {dag.py:3954} INFO - Setting next_dagrun for flujo_etl_completo to 2025-12-07 20:00:00+00:00, run_after=2025-12-07 21:00:00+00:00
[2025-12-07T20:16:37.030+0000] {processor.py:183} INFO - Processing /opt/airflow/dags/pipeline_completo.py took 0.123 seconds
[2025-12-07T20:17:07.313+0000] {processor.py:161} INFO - Started process (PID=207) to work on /opt/airflow/dags/pipeline_completo.py
[2025-12-07T20:17:07.315+0000] {processor.py:830} INFO - Processing file /opt/airflow/dags/pipeline_completo.py for tasks to queue
[2025-12-07T20:17:07.317+0000] {logging_mixin.py:188} INFO - [2025-12-07T20:17:07.317+0000] {dagbag.py:545} INFO - Filling up the DagBag from /opt/airflow/dags/pipeline_completo.py
[2025-12-07T20:17:07.357+0000] {logging_mixin.py:188} INFO - [2025-12-07T20:17:07.356+0000] {templater.py:93} ERROR - Failed to resolve template field 'command'
Traceback (most recent call last):
  File "/home/airflow/.local/lib/python3.12/site-packages/airflow/template/templater.py", line 91, in resolve_template_files
    setattr(self, field, env.loader.get_source(env, content)[0])  # type: ignore
                         ^^^^^^^^^^^^^^^^^^^^^^^^^^^^^^^^^^^
  File "/home/airflow/.local/lib/python3.12/site-packages/jinja2/loaders.py", line 204, in get_source
    raise TemplateNotFound(template)
jinja2.exceptions.TemplateNotFound: ./ejecutar.sh
[2025-12-07T20:17:07.362+0000] {processor.py:840} INFO - DAG(s) 'flujo_etl_completo' retrieved from /opt/airflow/dags/pipeline_completo.py
[2025-12-07T20:17:07.388+0000] {logging_mixin.py:188} INFO - [2025-12-07T20:17:07.388+0000] {dag.py:3096} INFO - Sync 1 DAGs
[2025-12-07T20:17:07.412+0000] {logging_mixin.py:188} INFO - [2025-12-07T20:17:07.412+0000] {dag.py:3954} INFO - Setting next_dagrun for flujo_etl_completo to 2025-12-07 20:00:00+00:00, run_after=2025-12-07 21:00:00+00:00
[2025-12-07T20:17:07.434+0000] {processor.py:183} INFO - Processing /opt/airflow/dags/pipeline_completo.py took 0.126 seconds
[2025-12-07T20:17:37.577+0000] {processor.py:161} INFO - Started process (PID=212) to work on /opt/airflow/dags/pipeline_completo.py
[2025-12-07T20:17:37.578+0000] {processor.py:830} INFO - Processing file /opt/airflow/dags/pipeline_completo.py for tasks to queue
[2025-12-07T20:17:37.580+0000] {logging_mixin.py:188} INFO - [2025-12-07T20:17:37.580+0000] {dagbag.py:545} INFO - Filling up the DagBag from /opt/airflow/dags/pipeline_completo.py
[2025-12-07T20:17:37.616+0000] {logging_mixin.py:188} INFO - [2025-12-07T20:17:37.615+0000] {templater.py:93} ERROR - Failed to resolve template field 'command'
Traceback (most recent call last):
  File "/home/airflow/.local/lib/python3.12/site-packages/airflow/template/templater.py", line 91, in resolve_template_files
    setattr(self, field, env.loader.get_source(env, content)[0])  # type: ignore
                         ^^^^^^^^^^^^^^^^^^^^^^^^^^^^^^^^^^^
  File "/home/airflow/.local/lib/python3.12/site-packages/jinja2/loaders.py", line 204, in get_source
    raise TemplateNotFound(template)
jinja2.exceptions.TemplateNotFound: ./ejecutar.sh
[2025-12-07T20:17:37.619+0000] {processor.py:840} INFO - DAG(s) 'flujo_etl_completo' retrieved from /opt/airflow/dags/pipeline_completo.py
[2025-12-07T20:17:37.644+0000] {logging_mixin.py:188} INFO - [2025-12-07T20:17:37.644+0000] {dag.py:3096} INFO - Sync 1 DAGs
[2025-12-07T20:17:37.664+0000] {logging_mixin.py:188} INFO - [2025-12-07T20:17:37.664+0000] {dag.py:3954} INFO - Setting next_dagrun for flujo_etl_completo to 2025-12-07 20:00:00+00:00, run_after=2025-12-07 21:00:00+00:00
[2025-12-07T20:17:37.701+0000] {processor.py:183} INFO - Processing /opt/airflow/dags/pipeline_completo.py took 0.129 seconds
[2025-12-07T20:18:08.166+0000] {processor.py:161} INFO - Started process (PID=217) to work on /opt/airflow/dags/pipeline_completo.py
[2025-12-07T20:18:08.168+0000] {processor.py:830} INFO - Processing file /opt/airflow/dags/pipeline_completo.py for tasks to queue
[2025-12-07T20:18:08.171+0000] {logging_mixin.py:188} INFO - [2025-12-07T20:18:08.171+0000] {dagbag.py:545} INFO - Filling up the DagBag from /opt/airflow/dags/pipeline_completo.py
[2025-12-07T20:18:08.231+0000] {logging_mixin.py:188} INFO - [2025-12-07T20:18:08.229+0000] {templater.py:93} ERROR - Failed to resolve template field 'command'
Traceback (most recent call last):
  File "/home/airflow/.local/lib/python3.12/site-packages/airflow/template/templater.py", line 91, in resolve_template_files
    setattr(self, field, env.loader.get_source(env, content)[0])  # type: ignore
                         ^^^^^^^^^^^^^^^^^^^^^^^^^^^^^^^^^^^
  File "/home/airflow/.local/lib/python3.12/site-packages/jinja2/loaders.py", line 204, in get_source
    raise TemplateNotFound(template)
jinja2.exceptions.TemplateNotFound: ./ejecutar.sh
[2025-12-07T20:18:08.237+0000] {processor.py:840} INFO - DAG(s) 'flujo_etl_completo' retrieved from /opt/airflow/dags/pipeline_completo.py
[2025-12-07T20:18:08.266+0000] {logging_mixin.py:188} INFO - [2025-12-07T20:18:08.266+0000] {dag.py:3096} INFO - Sync 1 DAGs
[2025-12-07T20:18:08.292+0000] {logging_mixin.py:188} INFO - [2025-12-07T20:18:08.292+0000] {dag.py:3954} INFO - Setting next_dagrun for flujo_etl_completo to 2025-12-07 20:00:00+00:00, run_after=2025-12-07 21:00:00+00:00
[2025-12-07T20:18:08.323+0000] {processor.py:183} INFO - Processing /opt/airflow/dags/pipeline_completo.py took 0.162 seconds
[2025-12-07T20:18:38.686+0000] {processor.py:161} INFO - Started process (PID=222) to work on /opt/airflow/dags/pipeline_completo.py
[2025-12-07T20:18:38.691+0000] {processor.py:830} INFO - Processing file /opt/airflow/dags/pipeline_completo.py for tasks to queue
[2025-12-07T20:18:38.695+0000] {logging_mixin.py:188} INFO - [2025-12-07T20:18:38.694+0000] {dagbag.py:545} INFO - Filling up the DagBag from /opt/airflow/dags/pipeline_completo.py
[2025-12-07T20:18:38.833+0000] {logging_mixin.py:188} INFO - [2025-12-07T20:18:38.831+0000] {templater.py:93} ERROR - Failed to resolve template field 'command'
Traceback (most recent call last):
  File "/home/airflow/.local/lib/python3.12/site-packages/airflow/template/templater.py", line 91, in resolve_template_files
    setattr(self, field, env.loader.get_source(env, content)[0])  # type: ignore
                         ^^^^^^^^^^^^^^^^^^^^^^^^^^^^^^^^^^^
  File "/home/airflow/.local/lib/python3.12/site-packages/jinja2/loaders.py", line 204, in get_source
    raise TemplateNotFound(template)
jinja2.exceptions.TemplateNotFound: ./ejecutar.sh
[2025-12-07T20:18:38.847+0000] {processor.py:840} INFO - DAG(s) 'flujo_etl_completo' retrieved from /opt/airflow/dags/pipeline_completo.py
[2025-12-07T20:18:38.891+0000] {logging_mixin.py:188} INFO - [2025-12-07T20:18:38.891+0000] {dag.py:3096} INFO - Sync 1 DAGs
[2025-12-07T20:18:38.919+0000] {logging_mixin.py:188} INFO - [2025-12-07T20:18:38.918+0000] {dag.py:3954} INFO - Setting next_dagrun for flujo_etl_completo to 2025-12-07 20:00:00+00:00, run_after=2025-12-07 21:00:00+00:00
[2025-12-07T20:18:38.945+0000] {processor.py:183} INFO - Processing /opt/airflow/dags/pipeline_completo.py took 0.265 seconds
[2025-12-07T20:19:09.663+0000] {processor.py:161} INFO - Started process (PID=227) to work on /opt/airflow/dags/pipeline_completo.py
[2025-12-07T20:19:09.666+0000] {processor.py:830} INFO - Processing file /opt/airflow/dags/pipeline_completo.py for tasks to queue
[2025-12-07T20:19:09.671+0000] {logging_mixin.py:188} INFO - [2025-12-07T20:19:09.670+0000] {dagbag.py:545} INFO - Filling up the DagBag from /opt/airflow/dags/pipeline_completo.py
[2025-12-07T20:19:09.776+0000] {logging_mixin.py:188} INFO - [2025-12-07T20:19:09.775+0000] {templater.py:93} ERROR - Failed to resolve template field 'command'
Traceback (most recent call last):
  File "/home/airflow/.local/lib/python3.12/site-packages/airflow/template/templater.py", line 91, in resolve_template_files
    setattr(self, field, env.loader.get_source(env, content)[0])  # type: ignore
                         ^^^^^^^^^^^^^^^^^^^^^^^^^^^^^^^^^^^
  File "/home/airflow/.local/lib/python3.12/site-packages/jinja2/loaders.py", line 204, in get_source
    raise TemplateNotFound(template)
jinja2.exceptions.TemplateNotFound: ./ejecutar.sh
[2025-12-07T20:19:09.782+0000] {processor.py:840} INFO - DAG(s) 'flujo_etl_completo' retrieved from /opt/airflow/dags/pipeline_completo.py
[2025-12-07T20:19:09.812+0000] {logging_mixin.py:188} INFO - [2025-12-07T20:19:09.812+0000] {dag.py:3096} INFO - Sync 1 DAGs
[2025-12-07T20:19:09.834+0000] {logging_mixin.py:188} INFO - [2025-12-07T20:19:09.833+0000] {dag.py:3954} INFO - Setting next_dagrun for flujo_etl_completo to 2025-12-07 20:00:00+00:00, run_after=2025-12-07 21:00:00+00:00
[2025-12-07T20:19:09.863+0000] {processor.py:183} INFO - Processing /opt/airflow/dags/pipeline_completo.py took 0.209 seconds
[2025-12-07T20:19:40.241+0000] {processor.py:161} INFO - Started process (PID=232) to work on /opt/airflow/dags/pipeline_completo.py
[2025-12-07T20:19:40.246+0000] {processor.py:830} INFO - Processing file /opt/airflow/dags/pipeline_completo.py for tasks to queue
[2025-12-07T20:19:40.258+0000] {logging_mixin.py:188} INFO - [2025-12-07T20:19:40.258+0000] {dagbag.py:545} INFO - Filling up the DagBag from /opt/airflow/dags/pipeline_completo.py
[2025-12-07T20:19:40.366+0000] {logging_mixin.py:188} INFO - [2025-12-07T20:19:40.364+0000] {templater.py:93} ERROR - Failed to resolve template field 'command'
Traceback (most recent call last):
  File "/home/airflow/.local/lib/python3.12/site-packages/airflow/template/templater.py", line 91, in resolve_template_files
    setattr(self, field, env.loader.get_source(env, content)[0])  # type: ignore
                         ^^^^^^^^^^^^^^^^^^^^^^^^^^^^^^^^^^^
  File "/home/airflow/.local/lib/python3.12/site-packages/jinja2/loaders.py", line 204, in get_source
    raise TemplateNotFound(template)
jinja2.exceptions.TemplateNotFound: ./ejecutar.sh
[2025-12-07T20:19:40.373+0000] {processor.py:840} INFO - DAG(s) 'flujo_etl_completo' retrieved from /opt/airflow/dags/pipeline_completo.py
[2025-12-07T20:19:40.399+0000] {logging_mixin.py:188} INFO - [2025-12-07T20:19:40.399+0000] {dag.py:3096} INFO - Sync 1 DAGs
[2025-12-07T20:19:40.419+0000] {logging_mixin.py:188} INFO - [2025-12-07T20:19:40.419+0000] {dag.py:3954} INFO - Setting next_dagrun for flujo_etl_completo to 2025-12-07 20:00:00+00:00, run_after=2025-12-07 21:00:00+00:00
[2025-12-07T20:19:40.445+0000] {processor.py:183} INFO - Processing /opt/airflow/dags/pipeline_completo.py took 0.211 seconds
[2025-12-07T20:20:10.935+0000] {processor.py:161} INFO - Started process (PID=237) to work on /opt/airflow/dags/pipeline_completo.py
[2025-12-07T20:20:10.937+0000] {processor.py:830} INFO - Processing file /opt/airflow/dags/pipeline_completo.py for tasks to queue
[2025-12-07T20:20:10.943+0000] {logging_mixin.py:188} INFO - [2025-12-07T20:20:10.942+0000] {dagbag.py:545} INFO - Filling up the DagBag from /opt/airflow/dags/pipeline_completo.py
[2025-12-07T20:20:11.041+0000] {logging_mixin.py:188} INFO - [2025-12-07T20:20:11.040+0000] {templater.py:93} ERROR - Failed to resolve template field 'command'
Traceback (most recent call last):
  File "/home/airflow/.local/lib/python3.12/site-packages/airflow/template/templater.py", line 91, in resolve_template_files
    setattr(self, field, env.loader.get_source(env, content)[0])  # type: ignore
                         ^^^^^^^^^^^^^^^^^^^^^^^^^^^^^^^^^^^
  File "/home/airflow/.local/lib/python3.12/site-packages/jinja2/loaders.py", line 204, in get_source
    raise TemplateNotFound(template)
jinja2.exceptions.TemplateNotFound: ./ejecutar.sh
[2025-12-07T20:20:11.048+0000] {processor.py:840} INFO - DAG(s) 'flujo_etl_completo' retrieved from /opt/airflow/dags/pipeline_completo.py
[2025-12-07T20:20:11.085+0000] {logging_mixin.py:188} INFO - [2025-12-07T20:20:11.084+0000] {dag.py:3096} INFO - Sync 1 DAGs
[2025-12-07T20:20:11.130+0000] {logging_mixin.py:188} INFO - [2025-12-07T20:20:11.129+0000] {dag.py:3954} INFO - Setting next_dagrun for flujo_etl_completo to 2025-12-07 20:00:00+00:00, run_after=2025-12-07 21:00:00+00:00
[2025-12-07T20:20:11.165+0000] {processor.py:183} INFO - Processing /opt/airflow/dags/pipeline_completo.py took 0.235 seconds
[2025-12-07T20:20:41.456+0000] {processor.py:161} INFO - Started process (PID=242) to work on /opt/airflow/dags/pipeline_completo.py
[2025-12-07T20:20:41.461+0000] {processor.py:830} INFO - Processing file /opt/airflow/dags/pipeline_completo.py for tasks to queue
[2025-12-07T20:20:41.467+0000] {logging_mixin.py:188} INFO - [2025-12-07T20:20:41.466+0000] {dagbag.py:545} INFO - Filling up the DagBag from /opt/airflow/dags/pipeline_completo.py
[2025-12-07T20:20:41.591+0000] {logging_mixin.py:188} INFO - [2025-12-07T20:20:41.589+0000] {templater.py:93} ERROR - Failed to resolve template field 'command'
Traceback (most recent call last):
  File "/home/airflow/.local/lib/python3.12/site-packages/airflow/template/templater.py", line 91, in resolve_template_files
    setattr(self, field, env.loader.get_source(env, content)[0])  # type: ignore
                         ^^^^^^^^^^^^^^^^^^^^^^^^^^^^^^^^^^^
  File "/home/airflow/.local/lib/python3.12/site-packages/jinja2/loaders.py", line 204, in get_source
    raise TemplateNotFound(template)
jinja2.exceptions.TemplateNotFound: ./ejecutar.sh
[2025-12-07T20:20:41.602+0000] {processor.py:840} INFO - DAG(s) 'flujo_etl_completo' retrieved from /opt/airflow/dags/pipeline_completo.py
[2025-12-07T20:20:41.663+0000] {logging_mixin.py:188} INFO - [2025-12-07T20:20:41.663+0000] {dag.py:3096} INFO - Sync 1 DAGs
[2025-12-07T20:20:41.705+0000] {logging_mixin.py:188} INFO - [2025-12-07T20:20:41.704+0000] {dag.py:3954} INFO - Setting next_dagrun for flujo_etl_completo to 2025-12-07 20:00:00+00:00, run_after=2025-12-07 21:00:00+00:00
[2025-12-07T20:20:41.766+0000] {processor.py:183} INFO - Processing /opt/airflow/dags/pipeline_completo.py took 0.327 seconds
[2025-12-07T20:21:12.212+0000] {processor.py:161} INFO - Started process (PID=247) to work on /opt/airflow/dags/pipeline_completo.py
[2025-12-07T20:21:12.222+0000] {processor.py:830} INFO - Processing file /opt/airflow/dags/pipeline_completo.py for tasks to queue
[2025-12-07T20:21:12.228+0000] {logging_mixin.py:188} INFO - [2025-12-07T20:21:12.228+0000] {dagbag.py:545} INFO - Filling up the DagBag from /opt/airflow/dags/pipeline_completo.py
[2025-12-07T20:21:12.361+0000] {logging_mixin.py:188} INFO - [2025-12-07T20:21:12.360+0000] {templater.py:93} ERROR - Failed to resolve template field 'command'
Traceback (most recent call last):
  File "/home/airflow/.local/lib/python3.12/site-packages/airflow/template/templater.py", line 91, in resolve_template_files
    setattr(self, field, env.loader.get_source(env, content)[0])  # type: ignore
                         ^^^^^^^^^^^^^^^^^^^^^^^^^^^^^^^^^^^
  File "/home/airflow/.local/lib/python3.12/site-packages/jinja2/loaders.py", line 204, in get_source
    raise TemplateNotFound(template)
jinja2.exceptions.TemplateNotFound: ./ejecutar.sh
[2025-12-07T20:21:12.366+0000] {processor.py:840} INFO - DAG(s) 'flujo_etl_completo' retrieved from /opt/airflow/dags/pipeline_completo.py
[2025-12-07T20:21:12.393+0000] {logging_mixin.py:188} INFO - [2025-12-07T20:21:12.393+0000] {dag.py:3096} INFO - Sync 1 DAGs
[2025-12-07T20:21:12.414+0000] {logging_mixin.py:188} INFO - [2025-12-07T20:21:12.414+0000] {dag.py:3954} INFO - Setting next_dagrun for flujo_etl_completo to 2025-12-07 20:00:00+00:00, run_after=2025-12-07 21:00:00+00:00
[2025-12-07T20:21:12.439+0000] {processor.py:183} INFO - Processing /opt/airflow/dags/pipeline_completo.py took 0.233 seconds
[2025-12-07T20:21:42.610+0000] {processor.py:161} INFO - Started process (PID=252) to work on /opt/airflow/dags/pipeline_completo.py
[2025-12-07T20:21:42.611+0000] {processor.py:830} INFO - Processing file /opt/airflow/dags/pipeline_completo.py for tasks to queue
[2025-12-07T20:21:42.613+0000] {logging_mixin.py:188} INFO - [2025-12-07T20:21:42.613+0000] {dagbag.py:545} INFO - Filling up the DagBag from /opt/airflow/dags/pipeline_completo.py
[2025-12-07T20:21:42.649+0000] {logging_mixin.py:188} INFO - [2025-12-07T20:21:42.647+0000] {templater.py:93} ERROR - Failed to resolve template field 'command'
Traceback (most recent call last):
  File "/home/airflow/.local/lib/python3.12/site-packages/airflow/template/templater.py", line 91, in resolve_template_files
    setattr(self, field, env.loader.get_source(env, content)[0])  # type: ignore
                         ^^^^^^^^^^^^^^^^^^^^^^^^^^^^^^^^^^^
  File "/home/airflow/.local/lib/python3.12/site-packages/jinja2/loaders.py", line 204, in get_source
    raise TemplateNotFound(template)
jinja2.exceptions.TemplateNotFound: ./ejecutar.sh
[2025-12-07T20:21:42.654+0000] {processor.py:840} INFO - DAG(s) 'flujo_etl_completo' retrieved from /opt/airflow/dags/pipeline_completo.py
[2025-12-07T20:21:42.681+0000] {logging_mixin.py:188} INFO - [2025-12-07T20:21:42.681+0000] {dag.py:3096} INFO - Sync 1 DAGs
[2025-12-07T20:21:42.707+0000] {logging_mixin.py:188} INFO - [2025-12-07T20:21:42.707+0000] {dag.py:3954} INFO - Setting next_dagrun for flujo_etl_completo to 2025-12-07 20:00:00+00:00, run_after=2025-12-07 21:00:00+00:00
[2025-12-07T20:21:42.728+0000] {processor.py:183} INFO - Processing /opt/airflow/dags/pipeline_completo.py took 0.125 seconds
[2025-12-07T20:22:12.878+0000] {processor.py:161} INFO - Started process (PID=257) to work on /opt/airflow/dags/pipeline_completo.py
[2025-12-07T20:22:12.880+0000] {processor.py:830} INFO - Processing file /opt/airflow/dags/pipeline_completo.py for tasks to queue
[2025-12-07T20:22:12.882+0000] {logging_mixin.py:188} INFO - [2025-12-07T20:22:12.882+0000] {dagbag.py:545} INFO - Filling up the DagBag from /opt/airflow/dags/pipeline_completo.py
[2025-12-07T20:22:12.944+0000] {logging_mixin.py:188} INFO - [2025-12-07T20:22:12.943+0000] {templater.py:93} ERROR - Failed to resolve template field 'command'
Traceback (most recent call last):
  File "/home/airflow/.local/lib/python3.12/site-packages/airflow/template/templater.py", line 91, in resolve_template_files
    setattr(self, field, env.loader.get_source(env, content)[0])  # type: ignore
                         ^^^^^^^^^^^^^^^^^^^^^^^^^^^^^^^^^^^
  File "/home/airflow/.local/lib/python3.12/site-packages/jinja2/loaders.py", line 204, in get_source
    raise TemplateNotFound(template)
jinja2.exceptions.TemplateNotFound: ./ejecutar.sh
[2025-12-07T20:22:12.948+0000] {processor.py:840} INFO - DAG(s) 'flujo_etl_completo' retrieved from /opt/airflow/dags/pipeline_completo.py
[2025-12-07T20:22:12.972+0000] {logging_mixin.py:188} INFO - [2025-12-07T20:22:12.972+0000] {dag.py:3096} INFO - Sync 1 DAGs
[2025-12-07T20:22:12.992+0000] {logging_mixin.py:188} INFO - [2025-12-07T20:22:12.992+0000] {dag.py:3954} INFO - Setting next_dagrun for flujo_etl_completo to 2025-12-07 20:00:00+00:00, run_after=2025-12-07 21:00:00+00:00
[2025-12-07T20:22:13.019+0000] {processor.py:183} INFO - Processing /opt/airflow/dags/pipeline_completo.py took 0.146 seconds
[2025-12-07T20:22:43.239+0000] {processor.py:161} INFO - Started process (PID=262) to work on /opt/airflow/dags/pipeline_completo.py
[2025-12-07T20:22:43.241+0000] {processor.py:830} INFO - Processing file /opt/airflow/dags/pipeline_completo.py for tasks to queue
[2025-12-07T20:22:43.243+0000] {logging_mixin.py:188} INFO - [2025-12-07T20:22:43.243+0000] {dagbag.py:545} INFO - Filling up the DagBag from /opt/airflow/dags/pipeline_completo.py
[2025-12-07T20:22:43.283+0000] {logging_mixin.py:188} INFO - [2025-12-07T20:22:43.282+0000] {templater.py:93} ERROR - Failed to resolve template field 'command'
Traceback (most recent call last):
  File "/home/airflow/.local/lib/python3.12/site-packages/airflow/template/templater.py", line 91, in resolve_template_files
    setattr(self, field, env.loader.get_source(env, content)[0])  # type: ignore
                         ^^^^^^^^^^^^^^^^^^^^^^^^^^^^^^^^^^^
  File "/home/airflow/.local/lib/python3.12/site-packages/jinja2/loaders.py", line 204, in get_source
    raise TemplateNotFound(template)
jinja2.exceptions.TemplateNotFound: ./ejecutar.sh
[2025-12-07T20:22:43.286+0000] {processor.py:840} INFO - DAG(s) 'flujo_etl_completo' retrieved from /opt/airflow/dags/pipeline_completo.py
[2025-12-07T20:22:43.309+0000] {logging_mixin.py:188} INFO - [2025-12-07T20:22:43.309+0000] {dag.py:3096} INFO - Sync 1 DAGs
[2025-12-07T20:22:43.328+0000] {logging_mixin.py:188} INFO - [2025-12-07T20:22:43.328+0000] {dag.py:3954} INFO - Setting next_dagrun for flujo_etl_completo to 2025-12-07 20:00:00+00:00, run_after=2025-12-07 21:00:00+00:00
[2025-12-07T20:22:43.348+0000] {processor.py:183} INFO - Processing /opt/airflow/dags/pipeline_completo.py took 0.116 seconds
[2025-12-07T20:23:13.594+0000] {processor.py:161} INFO - Started process (PID=267) to work on /opt/airflow/dags/pipeline_completo.py
[2025-12-07T20:23:13.595+0000] {processor.py:830} INFO - Processing file /opt/airflow/dags/pipeline_completo.py for tasks to queue
[2025-12-07T20:23:13.596+0000] {logging_mixin.py:188} INFO - [2025-12-07T20:23:13.596+0000] {dagbag.py:545} INFO - Filling up the DagBag from /opt/airflow/dags/pipeline_completo.py
[2025-12-07T20:23:13.616+0000] {logging_mixin.py:188} INFO - [2025-12-07T20:23:13.615+0000] {templater.py:93} ERROR - Failed to resolve template field 'command'
Traceback (most recent call last):
  File "/home/airflow/.local/lib/python3.12/site-packages/airflow/template/templater.py", line 91, in resolve_template_files
    setattr(self, field, env.loader.get_source(env, content)[0])  # type: ignore
                         ^^^^^^^^^^^^^^^^^^^^^^^^^^^^^^^^^^^
  File "/home/airflow/.local/lib/python3.12/site-packages/jinja2/loaders.py", line 204, in get_source
    raise TemplateNotFound(template)
jinja2.exceptions.TemplateNotFound: ./ejecutar.sh
[2025-12-07T20:23:13.620+0000] {processor.py:840} INFO - DAG(s) 'flujo_etl_completo' retrieved from /opt/airflow/dags/pipeline_completo.py
[2025-12-07T20:23:13.642+0000] {logging_mixin.py:188} INFO - [2025-12-07T20:23:13.642+0000] {dag.py:3096} INFO - Sync 1 DAGs
[2025-12-07T20:23:13.660+0000] {logging_mixin.py:188} INFO - [2025-12-07T20:23:13.660+0000] {dag.py:3954} INFO - Setting next_dagrun for flujo_etl_completo to 2025-12-07 20:00:00+00:00, run_after=2025-12-07 21:00:00+00:00
[2025-12-07T20:23:13.685+0000] {processor.py:183} INFO - Processing /opt/airflow/dags/pipeline_completo.py took 0.095 seconds
[2025-12-07T20:23:43.905+0000] {processor.py:161} INFO - Started process (PID=272) to work on /opt/airflow/dags/pipeline_completo.py
[2025-12-07T20:23:43.907+0000] {processor.py:830} INFO - Processing file /opt/airflow/dags/pipeline_completo.py for tasks to queue
[2025-12-07T20:23:43.909+0000] {logging_mixin.py:188} INFO - [2025-12-07T20:23:43.909+0000] {dagbag.py:545} INFO - Filling up the DagBag from /opt/airflow/dags/pipeline_completo.py
[2025-12-07T20:23:43.966+0000] {logging_mixin.py:188} INFO - [2025-12-07T20:23:43.965+0000] {templater.py:93} ERROR - Failed to resolve template field 'command'
Traceback (most recent call last):
  File "/home/airflow/.local/lib/python3.12/site-packages/airflow/template/templater.py", line 91, in resolve_template_files
    setattr(self, field, env.loader.get_source(env, content)[0])  # type: ignore
                         ^^^^^^^^^^^^^^^^^^^^^^^^^^^^^^^^^^^
  File "/home/airflow/.local/lib/python3.12/site-packages/jinja2/loaders.py", line 204, in get_source
    raise TemplateNotFound(template)
jinja2.exceptions.TemplateNotFound: ./ejecutar.sh
[2025-12-07T20:23:43.970+0000] {processor.py:840} INFO - DAG(s) 'flujo_etl_completo' retrieved from /opt/airflow/dags/pipeline_completo.py
[2025-12-07T20:23:43.991+0000] {logging_mixin.py:188} INFO - [2025-12-07T20:23:43.991+0000] {dag.py:3096} INFO - Sync 1 DAGs
[2025-12-07T20:23:44.014+0000] {logging_mixin.py:188} INFO - [2025-12-07T20:23:44.014+0000] {dag.py:3954} INFO - Setting next_dagrun for flujo_etl_completo to 2025-12-07 20:00:00+00:00, run_after=2025-12-07 21:00:00+00:00
[2025-12-07T20:23:44.037+0000] {processor.py:183} INFO - Processing /opt/airflow/dags/pipeline_completo.py took 0.136 seconds
[2025-12-07T20:24:14.245+0000] {processor.py:161} INFO - Started process (PID=277) to work on /opt/airflow/dags/pipeline_completo.py
[2025-12-07T20:24:14.246+0000] {processor.py:830} INFO - Processing file /opt/airflow/dags/pipeline_completo.py for tasks to queue
[2025-12-07T20:24:14.249+0000] {logging_mixin.py:188} INFO - [2025-12-07T20:24:14.248+0000] {dagbag.py:545} INFO - Filling up the DagBag from /opt/airflow/dags/pipeline_completo.py
[2025-12-07T20:24:14.312+0000] {logging_mixin.py:188} INFO - [2025-12-07T20:24:14.311+0000] {templater.py:93} ERROR - Failed to resolve template field 'command'
Traceback (most recent call last):
  File "/home/airflow/.local/lib/python3.12/site-packages/airflow/template/templater.py", line 91, in resolve_template_files
    setattr(self, field, env.loader.get_source(env, content)[0])  # type: ignore
                         ^^^^^^^^^^^^^^^^^^^^^^^^^^^^^^^^^^^
  File "/home/airflow/.local/lib/python3.12/site-packages/jinja2/loaders.py", line 204, in get_source
    raise TemplateNotFound(template)
jinja2.exceptions.TemplateNotFound: ./ejecutar.sh
[2025-12-07T20:24:14.316+0000] {processor.py:840} INFO - DAG(s) 'flujo_etl_completo' retrieved from /opt/airflow/dags/pipeline_completo.py
[2025-12-07T20:24:14.341+0000] {logging_mixin.py:188} INFO - [2025-12-07T20:24:14.341+0000] {dag.py:3096} INFO - Sync 1 DAGs
[2025-12-07T20:24:14.361+0000] {logging_mixin.py:188} INFO - [2025-12-07T20:24:14.361+0000] {dag.py:3954} INFO - Setting next_dagrun for flujo_etl_completo to 2025-12-07 20:00:00+00:00, run_after=2025-12-07 21:00:00+00:00
[2025-12-07T20:24:14.389+0000] {processor.py:183} INFO - Processing /opt/airflow/dags/pipeline_completo.py took 0.149 seconds
[2025-12-07T20:24:44.535+0000] {processor.py:161} INFO - Started process (PID=282) to work on /opt/airflow/dags/pipeline_completo.py
[2025-12-07T20:24:44.537+0000] {processor.py:830} INFO - Processing file /opt/airflow/dags/pipeline_completo.py for tasks to queue
[2025-12-07T20:24:44.540+0000] {logging_mixin.py:188} INFO - [2025-12-07T20:24:44.539+0000] {dagbag.py:545} INFO - Filling up the DagBag from /opt/airflow/dags/pipeline_completo.py
[2025-12-07T20:24:44.588+0000] {logging_mixin.py:188} INFO - [2025-12-07T20:24:44.587+0000] {templater.py:93} ERROR - Failed to resolve template field 'command'
Traceback (most recent call last):
  File "/home/airflow/.local/lib/python3.12/site-packages/airflow/template/templater.py", line 91, in resolve_template_files
    setattr(self, field, env.loader.get_source(env, content)[0])  # type: ignore
                         ^^^^^^^^^^^^^^^^^^^^^^^^^^^^^^^^^^^
  File "/home/airflow/.local/lib/python3.12/site-packages/jinja2/loaders.py", line 204, in get_source
    raise TemplateNotFound(template)
jinja2.exceptions.TemplateNotFound: ./ejecutar.sh
[2025-12-07T20:24:44.592+0000] {processor.py:840} INFO - DAG(s) 'flujo_etl_completo' retrieved from /opt/airflow/dags/pipeline_completo.py
[2025-12-07T20:24:44.617+0000] {logging_mixin.py:188} INFO - [2025-12-07T20:24:44.616+0000] {dag.py:3096} INFO - Sync 1 DAGs
[2025-12-07T20:24:44.637+0000] {logging_mixin.py:188} INFO - [2025-12-07T20:24:44.636+0000] {dag.py:3954} INFO - Setting next_dagrun for flujo_etl_completo to 2025-12-07 20:00:00+00:00, run_after=2025-12-07 21:00:00+00:00
[2025-12-07T20:24:44.663+0000] {processor.py:183} INFO - Processing /opt/airflow/dags/pipeline_completo.py took 0.133 seconds
[2025-12-07T20:25:15.088+0000] {processor.py:161} INFO - Started process (PID=287) to work on /opt/airflow/dags/pipeline_completo.py
[2025-12-07T20:25:15.092+0000] {processor.py:830} INFO - Processing file /opt/airflow/dags/pipeline_completo.py for tasks to queue
[2025-12-07T20:25:15.095+0000] {logging_mixin.py:188} INFO - [2025-12-07T20:25:15.095+0000] {dagbag.py:545} INFO - Filling up the DagBag from /opt/airflow/dags/pipeline_completo.py
[2025-12-07T20:25:15.253+0000] {logging_mixin.py:188} INFO - [2025-12-07T20:25:15.252+0000] {templater.py:93} ERROR - Failed to resolve template field 'command'
Traceback (most recent call last):
  File "/home/airflow/.local/lib/python3.12/site-packages/airflow/template/templater.py", line 91, in resolve_template_files
    setattr(self, field, env.loader.get_source(env, content)[0])  # type: ignore
                         ^^^^^^^^^^^^^^^^^^^^^^^^^^^^^^^^^^^
  File "/home/airflow/.local/lib/python3.12/site-packages/jinja2/loaders.py", line 204, in get_source
    raise TemplateNotFound(template)
jinja2.exceptions.TemplateNotFound: ./ejecutar.sh
[2025-12-07T20:25:15.261+0000] {processor.py:840} INFO - DAG(s) 'flujo_etl_completo' retrieved from /opt/airflow/dags/pipeline_completo.py
[2025-12-07T20:25:15.285+0000] {logging_mixin.py:188} INFO - [2025-12-07T20:25:15.285+0000] {dag.py:3096} INFO - Sync 1 DAGs
[2025-12-07T20:25:15.312+0000] {logging_mixin.py:188} INFO - [2025-12-07T20:25:15.311+0000] {dag.py:3954} INFO - Setting next_dagrun for flujo_etl_completo to 2025-12-07 20:00:00+00:00, run_after=2025-12-07 21:00:00+00:00
[2025-12-07T20:25:15.348+0000] {processor.py:183} INFO - Processing /opt/airflow/dags/pipeline_completo.py took 0.266 seconds
[2025-12-07T20:25:45.729+0000] {processor.py:161} INFO - Started process (PID=292) to work on /opt/airflow/dags/pipeline_completo.py
[2025-12-07T20:25:45.737+0000] {processor.py:830} INFO - Processing file /opt/airflow/dags/pipeline_completo.py for tasks to queue
[2025-12-07T20:25:45.745+0000] {logging_mixin.py:188} INFO - [2025-12-07T20:25:45.744+0000] {dagbag.py:545} INFO - Filling up the DagBag from /opt/airflow/dags/pipeline_completo.py
[2025-12-07T20:25:45.866+0000] {logging_mixin.py:188} INFO - [2025-12-07T20:25:45.864+0000] {templater.py:93} ERROR - Failed to resolve template field 'command'
Traceback (most recent call last):
  File "/home/airflow/.local/lib/python3.12/site-packages/airflow/template/templater.py", line 91, in resolve_template_files
    setattr(self, field, env.loader.get_source(env, content)[0])  # type: ignore
                         ^^^^^^^^^^^^^^^^^^^^^^^^^^^^^^^^^^^
  File "/home/airflow/.local/lib/python3.12/site-packages/jinja2/loaders.py", line 204, in get_source
    raise TemplateNotFound(template)
jinja2.exceptions.TemplateNotFound: ./ejecutar.sh
[2025-12-07T20:25:45.876+0000] {processor.py:840} INFO - DAG(s) 'flujo_etl_completo' retrieved from /opt/airflow/dags/pipeline_completo.py
[2025-12-07T20:25:45.929+0000] {logging_mixin.py:188} INFO - [2025-12-07T20:25:45.928+0000] {dag.py:3096} INFO - Sync 1 DAGs
[2025-12-07T20:25:46.006+0000] {logging_mixin.py:188} INFO - [2025-12-07T20:25:46.006+0000] {dag.py:3954} INFO - Setting next_dagrun for flujo_etl_completo to 2025-12-07 20:00:00+00:00, run_after=2025-12-07 21:00:00+00:00
[2025-12-07T20:25:46.069+0000] {processor.py:183} INFO - Processing /opt/airflow/dags/pipeline_completo.py took 0.347 seconds
[2025-12-07T20:26:16.377+0000] {processor.py:161} INFO - Started process (PID=297) to work on /opt/airflow/dags/pipeline_completo.py
[2025-12-07T20:26:16.379+0000] {processor.py:830} INFO - Processing file /opt/airflow/dags/pipeline_completo.py for tasks to queue
[2025-12-07T20:26:16.381+0000] {logging_mixin.py:188} INFO - [2025-12-07T20:26:16.381+0000] {dagbag.py:545} INFO - Filling up the DagBag from /opt/airflow/dags/pipeline_completo.py
[2025-12-07T20:26:16.420+0000] {logging_mixin.py:188} INFO - [2025-12-07T20:26:16.419+0000] {templater.py:93} ERROR - Failed to resolve template field 'command'
Traceback (most recent call last):
  File "/home/airflow/.local/lib/python3.12/site-packages/airflow/template/templater.py", line 91, in resolve_template_files
    setattr(self, field, env.loader.get_source(env, content)[0])  # type: ignore
                         ^^^^^^^^^^^^^^^^^^^^^^^^^^^^^^^^^^^
  File "/home/airflow/.local/lib/python3.12/site-packages/jinja2/loaders.py", line 204, in get_source
    raise TemplateNotFound(template)
jinja2.exceptions.TemplateNotFound: ./ejecutar.sh
[2025-12-07T20:26:16.425+0000] {processor.py:840} INFO - DAG(s) 'flujo_etl_completo' retrieved from /opt/airflow/dags/pipeline_completo.py
[2025-12-07T20:26:16.452+0000] {logging_mixin.py:188} INFO - [2025-12-07T20:26:16.452+0000] {dag.py:3096} INFO - Sync 1 DAGs
[2025-12-07T20:26:16.486+0000] {logging_mixin.py:188} INFO - [2025-12-07T20:26:16.486+0000] {dag.py:3954} INFO - Setting next_dagrun for flujo_etl_completo to 2025-12-07 20:00:00+00:00, run_after=2025-12-07 21:00:00+00:00
[2025-12-07T20:26:16.523+0000] {processor.py:183} INFO - Processing /opt/airflow/dags/pipeline_completo.py took 0.151 seconds
[2025-12-07T20:26:46.634+0000] {processor.py:161} INFO - Started process (PID=302) to work on /opt/airflow/dags/pipeline_completo.py
[2025-12-07T20:26:46.636+0000] {processor.py:830} INFO - Processing file /opt/airflow/dags/pipeline_completo.py for tasks to queue
[2025-12-07T20:26:46.638+0000] {logging_mixin.py:188} INFO - [2025-12-07T20:26:46.637+0000] {dagbag.py:545} INFO - Filling up the DagBag from /opt/airflow/dags/pipeline_completo.py
[2025-12-07T20:26:46.667+0000] {logging_mixin.py:188} INFO - [2025-12-07T20:26:46.666+0000] {templater.py:93} ERROR - Failed to resolve template field 'command'
Traceback (most recent call last):
  File "/home/airflow/.local/lib/python3.12/site-packages/airflow/template/templater.py", line 91, in resolve_template_files
    setattr(self, field, env.loader.get_source(env, content)[0])  # type: ignore
                         ^^^^^^^^^^^^^^^^^^^^^^^^^^^^^^^^^^^
  File "/home/airflow/.local/lib/python3.12/site-packages/jinja2/loaders.py", line 204, in get_source
    raise TemplateNotFound(template)
jinja2.exceptions.TemplateNotFound: ./ejecutar.sh
[2025-12-07T20:26:46.671+0000] {processor.py:840} INFO - DAG(s) 'flujo_etl_completo' retrieved from /opt/airflow/dags/pipeline_completo.py
[2025-12-07T20:26:46.696+0000] {logging_mixin.py:188} INFO - [2025-12-07T20:26:46.695+0000] {dag.py:3096} INFO - Sync 1 DAGs
[2025-12-07T20:26:46.716+0000] {logging_mixin.py:188} INFO - [2025-12-07T20:26:46.715+0000] {dag.py:3954} INFO - Setting next_dagrun for flujo_etl_completo to 2025-12-07 20:00:00+00:00, run_after=2025-12-07 21:00:00+00:00
[2025-12-07T20:26:46.739+0000] {processor.py:183} INFO - Processing /opt/airflow/dags/pipeline_completo.py took 0.110 seconds
[2025-12-07T20:27:16.893+0000] {processor.py:161} INFO - Started process (PID=307) to work on /opt/airflow/dags/pipeline_completo.py
[2025-12-07T20:27:16.894+0000] {processor.py:830} INFO - Processing file /opt/airflow/dags/pipeline_completo.py for tasks to queue
[2025-12-07T20:27:16.896+0000] {logging_mixin.py:188} INFO - [2025-12-07T20:27:16.896+0000] {dagbag.py:545} INFO - Filling up the DagBag from /opt/airflow/dags/pipeline_completo.py
[2025-12-07T20:27:16.943+0000] {logging_mixin.py:188} INFO - [2025-12-07T20:27:16.942+0000] {templater.py:93} ERROR - Failed to resolve template field 'command'
Traceback (most recent call last):
  File "/home/airflow/.local/lib/python3.12/site-packages/airflow/template/templater.py", line 91, in resolve_template_files
    setattr(self, field, env.loader.get_source(env, content)[0])  # type: ignore
                         ^^^^^^^^^^^^^^^^^^^^^^^^^^^^^^^^^^^
  File "/home/airflow/.local/lib/python3.12/site-packages/jinja2/loaders.py", line 204, in get_source
    raise TemplateNotFound(template)
jinja2.exceptions.TemplateNotFound: ./ejecutar.sh
[2025-12-07T20:27:16.947+0000] {processor.py:840} INFO - DAG(s) 'flujo_etl_completo' retrieved from /opt/airflow/dags/pipeline_completo.py
[2025-12-07T20:27:16.970+0000] {logging_mixin.py:188} INFO - [2025-12-07T20:27:16.970+0000] {dag.py:3096} INFO - Sync 1 DAGs
[2025-12-07T20:27:16.990+0000] {logging_mixin.py:188} INFO - [2025-12-07T20:27:16.990+0000] {dag.py:3954} INFO - Setting next_dagrun for flujo_etl_completo to 2025-12-07 20:00:00+00:00, run_after=2025-12-07 21:00:00+00:00
[2025-12-07T20:27:17.019+0000] {processor.py:183} INFO - Processing /opt/airflow/dags/pipeline_completo.py took 0.132 seconds
[2025-12-07T20:27:47.276+0000] {processor.py:161} INFO - Started process (PID=312) to work on /opt/airflow/dags/pipeline_completo.py
[2025-12-07T20:27:47.278+0000] {processor.py:830} INFO - Processing file /opt/airflow/dags/pipeline_completo.py for tasks to queue
[2025-12-07T20:27:47.280+0000] {logging_mixin.py:188} INFO - [2025-12-07T20:27:47.279+0000] {dagbag.py:545} INFO - Filling up the DagBag from /opt/airflow/dags/pipeline_completo.py
[2025-12-07T20:27:47.325+0000] {logging_mixin.py:188} INFO - [2025-12-07T20:27:47.324+0000] {templater.py:93} ERROR - Failed to resolve template field 'command'
Traceback (most recent call last):
  File "/home/airflow/.local/lib/python3.12/site-packages/airflow/template/templater.py", line 91, in resolve_template_files
    setattr(self, field, env.loader.get_source(env, content)[0])  # type: ignore
                         ^^^^^^^^^^^^^^^^^^^^^^^^^^^^^^^^^^^
  File "/home/airflow/.local/lib/python3.12/site-packages/jinja2/loaders.py", line 204, in get_source
    raise TemplateNotFound(template)
jinja2.exceptions.TemplateNotFound: ./ejecutar.sh
[2025-12-07T20:27:47.329+0000] {processor.py:840} INFO - DAG(s) 'flujo_etl_completo' retrieved from /opt/airflow/dags/pipeline_completo.py
[2025-12-07T20:27:47.352+0000] {logging_mixin.py:188} INFO - [2025-12-07T20:27:47.351+0000] {dag.py:3096} INFO - Sync 1 DAGs
[2025-12-07T20:27:47.370+0000] {logging_mixin.py:188} INFO - [2025-12-07T20:27:47.370+0000] {dag.py:3954} INFO - Setting next_dagrun for flujo_etl_completo to 2025-12-07 20:00:00+00:00, run_after=2025-12-07 21:00:00+00:00
[2025-12-07T20:27:47.393+0000] {processor.py:183} INFO - Processing /opt/airflow/dags/pipeline_completo.py took 0.123 seconds
[2025-12-07T20:28:17.574+0000] {processor.py:161} INFO - Started process (PID=317) to work on /opt/airflow/dags/pipeline_completo.py
[2025-12-07T20:28:17.575+0000] {processor.py:830} INFO - Processing file /opt/airflow/dags/pipeline_completo.py for tasks to queue
[2025-12-07T20:28:17.577+0000] {logging_mixin.py:188} INFO - [2025-12-07T20:28:17.577+0000] {dagbag.py:545} INFO - Filling up the DagBag from /opt/airflow/dags/pipeline_completo.py
[2025-12-07T20:28:17.605+0000] {logging_mixin.py:188} INFO - [2025-12-07T20:28:17.604+0000] {templater.py:93} ERROR - Failed to resolve template field 'command'
Traceback (most recent call last):
  File "/home/airflow/.local/lib/python3.12/site-packages/airflow/template/templater.py", line 91, in resolve_template_files
    setattr(self, field, env.loader.get_source(env, content)[0])  # type: ignore
                         ^^^^^^^^^^^^^^^^^^^^^^^^^^^^^^^^^^^
  File "/home/airflow/.local/lib/python3.12/site-packages/jinja2/loaders.py", line 204, in get_source
    raise TemplateNotFound(template)
jinja2.exceptions.TemplateNotFound: ./ejecutar.sh
[2025-12-07T20:28:17.609+0000] {processor.py:840} INFO - DAG(s) 'flujo_etl_completo' retrieved from /opt/airflow/dags/pipeline_completo.py
[2025-12-07T20:28:17.637+0000] {logging_mixin.py:188} INFO - [2025-12-07T20:28:17.637+0000] {dag.py:3096} INFO - Sync 1 DAGs
[2025-12-07T20:28:17.668+0000] {logging_mixin.py:188} INFO - [2025-12-07T20:28:17.668+0000] {dag.py:3954} INFO - Setting next_dagrun for flujo_etl_completo to 2025-12-07 20:00:00+00:00, run_after=2025-12-07 21:00:00+00:00
[2025-12-07T20:28:17.693+0000] {processor.py:183} INFO - Processing /opt/airflow/dags/pipeline_completo.py took 0.126 seconds
[2025-12-07T20:28:47.954+0000] {processor.py:161} INFO - Started process (PID=322) to work on /opt/airflow/dags/pipeline_completo.py
[2025-12-07T20:28:47.956+0000] {processor.py:830} INFO - Processing file /opt/airflow/dags/pipeline_completo.py for tasks to queue
[2025-12-07T20:28:47.958+0000] {logging_mixin.py:188} INFO - [2025-12-07T20:28:47.958+0000] {dagbag.py:545} INFO - Filling up the DagBag from /opt/airflow/dags/pipeline_completo.py
[2025-12-07T20:28:48.021+0000] {logging_mixin.py:188} INFO - [2025-12-07T20:28:48.020+0000] {templater.py:93} ERROR - Failed to resolve template field 'command'
Traceback (most recent call last):
  File "/home/airflow/.local/lib/python3.12/site-packages/airflow/template/templater.py", line 91, in resolve_template_files
    setattr(self, field, env.loader.get_source(env, content)[0])  # type: ignore
                         ^^^^^^^^^^^^^^^^^^^^^^^^^^^^^^^^^^^
  File "/home/airflow/.local/lib/python3.12/site-packages/jinja2/loaders.py", line 204, in get_source
    raise TemplateNotFound(template)
jinja2.exceptions.TemplateNotFound: ./ejecutar.sh
[2025-12-07T20:28:48.025+0000] {processor.py:840} INFO - DAG(s) 'flujo_etl_completo' retrieved from /opt/airflow/dags/pipeline_completo.py
[2025-12-07T20:28:48.050+0000] {logging_mixin.py:188} INFO - [2025-12-07T20:28:48.050+0000] {dag.py:3096} INFO - Sync 1 DAGs
[2025-12-07T20:28:48.070+0000] {logging_mixin.py:188} INFO - [2025-12-07T20:28:48.070+0000] {dag.py:3954} INFO - Setting next_dagrun for flujo_etl_completo to 2025-12-07 20:00:00+00:00, run_after=2025-12-07 21:00:00+00:00
[2025-12-07T20:28:48.095+0000] {processor.py:183} INFO - Processing /opt/airflow/dags/pipeline_completo.py took 0.145 seconds
[2025-12-07T20:29:18.276+0000] {processor.py:161} INFO - Started process (PID=327) to work on /opt/airflow/dags/pipeline_completo.py
[2025-12-07T20:29:18.278+0000] {processor.py:830} INFO - Processing file /opt/airflow/dags/pipeline_completo.py for tasks to queue
[2025-12-07T20:29:18.280+0000] {logging_mixin.py:188} INFO - [2025-12-07T20:29:18.279+0000] {dagbag.py:545} INFO - Filling up the DagBag from /opt/airflow/dags/pipeline_completo.py
[2025-12-07T20:29:18.324+0000] {logging_mixin.py:188} INFO - [2025-12-07T20:29:18.323+0000] {templater.py:93} ERROR - Failed to resolve template field 'command'
Traceback (most recent call last):
  File "/home/airflow/.local/lib/python3.12/site-packages/airflow/template/templater.py", line 91, in resolve_template_files
    setattr(self, field, env.loader.get_source(env, content)[0])  # type: ignore
                         ^^^^^^^^^^^^^^^^^^^^^^^^^^^^^^^^^^^
  File "/home/airflow/.local/lib/python3.12/site-packages/jinja2/loaders.py", line 204, in get_source
    raise TemplateNotFound(template)
jinja2.exceptions.TemplateNotFound: ./ejecutar.sh
[2025-12-07T20:29:18.329+0000] {processor.py:840} INFO - DAG(s) 'flujo_etl_completo' retrieved from /opt/airflow/dags/pipeline_completo.py
[2025-12-07T20:29:18.352+0000] {logging_mixin.py:188} INFO - [2025-12-07T20:29:18.352+0000] {dag.py:3096} INFO - Sync 1 DAGs
[2025-12-07T20:29:18.374+0000] {logging_mixin.py:188} INFO - [2025-12-07T20:29:18.374+0000] {dag.py:3954} INFO - Setting next_dagrun for flujo_etl_completo to 2025-12-07 20:00:00+00:00, run_after=2025-12-07 21:00:00+00:00
[2025-12-07T20:29:18.395+0000] {processor.py:183} INFO - Processing /opt/airflow/dags/pipeline_completo.py took 0.125 seconds
[2025-12-07T20:29:48.782+0000] {processor.py:161} INFO - Started process (PID=332) to work on /opt/airflow/dags/pipeline_completo.py
[2025-12-07T20:29:48.783+0000] {processor.py:830} INFO - Processing file /opt/airflow/dags/pipeline_completo.py for tasks to queue
[2025-12-07T20:29:48.786+0000] {logging_mixin.py:188} INFO - [2025-12-07T20:29:48.785+0000] {dagbag.py:545} INFO - Filling up the DagBag from /opt/airflow/dags/pipeline_completo.py
[2025-12-07T20:29:48.830+0000] {logging_mixin.py:188} INFO - [2025-12-07T20:29:48.829+0000] {templater.py:93} ERROR - Failed to resolve template field 'command'
Traceback (most recent call last):
  File "/home/airflow/.local/lib/python3.12/site-packages/airflow/template/templater.py", line 91, in resolve_template_files
    setattr(self, field, env.loader.get_source(env, content)[0])  # type: ignore
                         ^^^^^^^^^^^^^^^^^^^^^^^^^^^^^^^^^^^
  File "/home/airflow/.local/lib/python3.12/site-packages/jinja2/loaders.py", line 204, in get_source
    raise TemplateNotFound(template)
jinja2.exceptions.TemplateNotFound: ./ejecutar.sh
[2025-12-07T20:29:48.834+0000] {processor.py:840} INFO - DAG(s) 'flujo_etl_completo' retrieved from /opt/airflow/dags/pipeline_completo.py
[2025-12-07T20:29:48.856+0000] {logging_mixin.py:188} INFO - [2025-12-07T20:29:48.856+0000] {dag.py:3096} INFO - Sync 1 DAGs
[2025-12-07T20:29:48.876+0000] {logging_mixin.py:188} INFO - [2025-12-07T20:29:48.876+0000] {dag.py:3954} INFO - Setting next_dagrun for flujo_etl_completo to 2025-12-07 20:00:00+00:00, run_after=2025-12-07 21:00:00+00:00
[2025-12-07T20:29:48.898+0000] {processor.py:183} INFO - Processing /opt/airflow/dags/pipeline_completo.py took 0.121 seconds
[2025-12-07T20:30:19.069+0000] {processor.py:161} INFO - Started process (PID=337) to work on /opt/airflow/dags/pipeline_completo.py
[2025-12-07T20:30:19.071+0000] {processor.py:830} INFO - Processing file /opt/airflow/dags/pipeline_completo.py for tasks to queue
[2025-12-07T20:30:19.073+0000] {logging_mixin.py:188} INFO - [2025-12-07T20:30:19.072+0000] {dagbag.py:545} INFO - Filling up the DagBag from /opt/airflow/dags/pipeline_completo.py
[2025-12-07T20:30:19.112+0000] {logging_mixin.py:188} INFO - [2025-12-07T20:30:19.110+0000] {templater.py:93} ERROR - Failed to resolve template field 'command'
Traceback (most recent call last):
  File "/home/airflow/.local/lib/python3.12/site-packages/airflow/template/templater.py", line 91, in resolve_template_files
    setattr(self, field, env.loader.get_source(env, content)[0])  # type: ignore
                         ^^^^^^^^^^^^^^^^^^^^^^^^^^^^^^^^^^^
  File "/home/airflow/.local/lib/python3.12/site-packages/jinja2/loaders.py", line 204, in get_source
    raise TemplateNotFound(template)
jinja2.exceptions.TemplateNotFound: ./ejecutar.sh
[2025-12-07T20:30:19.115+0000] {processor.py:840} INFO - DAG(s) 'flujo_etl_completo' retrieved from /opt/airflow/dags/pipeline_completo.py
[2025-12-07T20:30:19.137+0000] {logging_mixin.py:188} INFO - [2025-12-07T20:30:19.137+0000] {dag.py:3096} INFO - Sync 1 DAGs
[2025-12-07T20:30:19.157+0000] {logging_mixin.py:188} INFO - [2025-12-07T20:30:19.156+0000] {dag.py:3954} INFO - Setting next_dagrun for flujo_etl_completo to 2025-12-07 20:00:00+00:00, run_after=2025-12-07 21:00:00+00:00
[2025-12-07T20:30:19.182+0000] {processor.py:183} INFO - Processing /opt/airflow/dags/pipeline_completo.py took 0.117 seconds
[2025-12-07T20:30:49.392+0000] {processor.py:161} INFO - Started process (PID=342) to work on /opt/airflow/dags/pipeline_completo.py
[2025-12-07T20:30:49.394+0000] {processor.py:830} INFO - Processing file /opt/airflow/dags/pipeline_completo.py for tasks to queue
[2025-12-07T20:30:49.396+0000] {logging_mixin.py:188} INFO - [2025-12-07T20:30:49.396+0000] {dagbag.py:545} INFO - Filling up the DagBag from /opt/airflow/dags/pipeline_completo.py
[2025-12-07T20:30:49.439+0000] {logging_mixin.py:188} INFO - [2025-12-07T20:30:49.438+0000] {templater.py:93} ERROR - Failed to resolve template field 'command'
Traceback (most recent call last):
  File "/home/airflow/.local/lib/python3.12/site-packages/airflow/template/templater.py", line 91, in resolve_template_files
    setattr(self, field, env.loader.get_source(env, content)[0])  # type: ignore
                         ^^^^^^^^^^^^^^^^^^^^^^^^^^^^^^^^^^^
  File "/home/airflow/.local/lib/python3.12/site-packages/jinja2/loaders.py", line 204, in get_source
    raise TemplateNotFound(template)
jinja2.exceptions.TemplateNotFound: ./ejecutar.sh
[2025-12-07T20:30:49.443+0000] {processor.py:840} INFO - DAG(s) 'flujo_etl_completo' retrieved from /opt/airflow/dags/pipeline_completo.py
[2025-12-07T20:30:49.469+0000] {logging_mixin.py:188} INFO - [2025-12-07T20:30:49.469+0000] {dag.py:3096} INFO - Sync 1 DAGs
[2025-12-07T20:30:49.490+0000] {logging_mixin.py:188} INFO - [2025-12-07T20:30:49.490+0000] {dag.py:3954} INFO - Setting next_dagrun for flujo_etl_completo to 2025-12-07 20:00:00+00:00, run_after=2025-12-07 21:00:00+00:00
[2025-12-07T20:30:49.519+0000] {processor.py:183} INFO - Processing /opt/airflow/dags/pipeline_completo.py took 0.133 seconds
[2025-12-07T20:31:19.731+0000] {processor.py:161} INFO - Started process (PID=347) to work on /opt/airflow/dags/pipeline_completo.py
[2025-12-07T20:31:19.732+0000] {processor.py:830} INFO - Processing file /opt/airflow/dags/pipeline_completo.py for tasks to queue
[2025-12-07T20:31:19.735+0000] {logging_mixin.py:188} INFO - [2025-12-07T20:31:19.734+0000] {dagbag.py:545} INFO - Filling up the DagBag from /opt/airflow/dags/pipeline_completo.py
[2025-12-07T20:31:19.779+0000] {logging_mixin.py:188} INFO - [2025-12-07T20:31:19.778+0000] {templater.py:93} ERROR - Failed to resolve template field 'command'
Traceback (most recent call last):
  File "/home/airflow/.local/lib/python3.12/site-packages/airflow/template/templater.py", line 91, in resolve_template_files
    setattr(self, field, env.loader.get_source(env, content)[0])  # type: ignore
                         ^^^^^^^^^^^^^^^^^^^^^^^^^^^^^^^^^^^
  File "/home/airflow/.local/lib/python3.12/site-packages/jinja2/loaders.py", line 204, in get_source
    raise TemplateNotFound(template)
jinja2.exceptions.TemplateNotFound: ./ejecutar.sh
[2025-12-07T20:31:19.783+0000] {processor.py:840} INFO - DAG(s) 'flujo_etl_completo' retrieved from /opt/airflow/dags/pipeline_completo.py
[2025-12-07T20:31:19.805+0000] {logging_mixin.py:188} INFO - [2025-12-07T20:31:19.805+0000] {dag.py:3096} INFO - Sync 1 DAGs
[2025-12-07T20:31:19.823+0000] {logging_mixin.py:188} INFO - [2025-12-07T20:31:19.823+0000] {dag.py:3954} INFO - Setting next_dagrun for flujo_etl_completo to 2025-12-07 20:00:00+00:00, run_after=2025-12-07 21:00:00+00:00
[2025-12-07T20:31:19.851+0000] {processor.py:183} INFO - Processing /opt/airflow/dags/pipeline_completo.py took 0.124 seconds
[2025-12-07T20:31:50.121+0000] {processor.py:161} INFO - Started process (PID=352) to work on /opt/airflow/dags/pipeline_completo.py
[2025-12-07T20:31:50.123+0000] {processor.py:830} INFO - Processing file /opt/airflow/dags/pipeline_completo.py for tasks to queue
[2025-12-07T20:31:50.125+0000] {logging_mixin.py:188} INFO - [2025-12-07T20:31:50.124+0000] {dagbag.py:545} INFO - Filling up the DagBag from /opt/airflow/dags/pipeline_completo.py
[2025-12-07T20:31:50.159+0000] {logging_mixin.py:188} INFO - [2025-12-07T20:31:50.158+0000] {templater.py:93} ERROR - Failed to resolve template field 'command'
Traceback (most recent call last):
  File "/home/airflow/.local/lib/python3.12/site-packages/airflow/template/templater.py", line 91, in resolve_template_files
    setattr(self, field, env.loader.get_source(env, content)[0])  # type: ignore
                         ^^^^^^^^^^^^^^^^^^^^^^^^^^^^^^^^^^^
  File "/home/airflow/.local/lib/python3.12/site-packages/jinja2/loaders.py", line 204, in get_source
    raise TemplateNotFound(template)
jinja2.exceptions.TemplateNotFound: ./ejecutar.sh
[2025-12-07T20:31:50.164+0000] {processor.py:840} INFO - DAG(s) 'flujo_etl_completo' retrieved from /opt/airflow/dags/pipeline_completo.py
[2025-12-07T20:31:50.189+0000] {logging_mixin.py:188} INFO - [2025-12-07T20:31:50.189+0000] {dag.py:3096} INFO - Sync 1 DAGs
[2025-12-07T20:31:50.211+0000] {logging_mixin.py:188} INFO - [2025-12-07T20:31:50.211+0000] {dag.py:3954} INFO - Setting next_dagrun for flujo_etl_completo to 2025-12-07 20:00:00+00:00, run_after=2025-12-07 21:00:00+00:00
[2025-12-07T20:31:50.241+0000] {processor.py:183} INFO - Processing /opt/airflow/dags/pipeline_completo.py took 0.124 seconds
[2025-12-07T20:32:20.405+0000] {processor.py:161} INFO - Started process (PID=357) to work on /opt/airflow/dags/pipeline_completo.py
[2025-12-07T20:32:20.406+0000] {processor.py:830} INFO - Processing file /opt/airflow/dags/pipeline_completo.py for tasks to queue
[2025-12-07T20:32:20.408+0000] {logging_mixin.py:188} INFO - [2025-12-07T20:32:20.408+0000] {dagbag.py:545} INFO - Filling up the DagBag from /opt/airflow/dags/pipeline_completo.py
[2025-12-07T20:32:20.450+0000] {logging_mixin.py:188} INFO - [2025-12-07T20:32:20.449+0000] {templater.py:93} ERROR - Failed to resolve template field 'command'
Traceback (most recent call last):
  File "/home/airflow/.local/lib/python3.12/site-packages/airflow/template/templater.py", line 91, in resolve_template_files
    setattr(self, field, env.loader.get_source(env, content)[0])  # type: ignore
                         ^^^^^^^^^^^^^^^^^^^^^^^^^^^^^^^^^^^
  File "/home/airflow/.local/lib/python3.12/site-packages/jinja2/loaders.py", line 204, in get_source
    raise TemplateNotFound(template)
jinja2.exceptions.TemplateNotFound: ./ejecutar.sh
[2025-12-07T20:32:20.454+0000] {processor.py:840} INFO - DAG(s) 'flujo_etl_completo' retrieved from /opt/airflow/dags/pipeline_completo.py
[2025-12-07T20:32:20.478+0000] {logging_mixin.py:188} INFO - [2025-12-07T20:32:20.478+0000] {dag.py:3096} INFO - Sync 1 DAGs
[2025-12-07T20:32:20.500+0000] {logging_mixin.py:188} INFO - [2025-12-07T20:32:20.500+0000] {dag.py:3954} INFO - Setting next_dagrun for flujo_etl_completo to 2025-12-07 20:00:00+00:00, run_after=2025-12-07 21:00:00+00:00
[2025-12-07T20:32:20.529+0000] {processor.py:183} INFO - Processing /opt/airflow/dags/pipeline_completo.py took 0.129 seconds
[2025-12-07T20:32:50.814+0000] {processor.py:161} INFO - Started process (PID=362) to work on /opt/airflow/dags/pipeline_completo.py
[2025-12-07T20:32:50.817+0000] {processor.py:830} INFO - Processing file /opt/airflow/dags/pipeline_completo.py for tasks to queue
[2025-12-07T20:32:50.819+0000] {logging_mixin.py:188} INFO - [2025-12-07T20:32:50.818+0000] {dagbag.py:545} INFO - Filling up the DagBag from /opt/airflow/dags/pipeline_completo.py
[2025-12-07T20:32:50.872+0000] {logging_mixin.py:188} INFO - [2025-12-07T20:32:50.871+0000] {templater.py:93} ERROR - Failed to resolve template field 'command'
Traceback (most recent call last):
  File "/home/airflow/.local/lib/python3.12/site-packages/airflow/template/templater.py", line 91, in resolve_template_files
    setattr(self, field, env.loader.get_source(env, content)[0])  # type: ignore
                         ^^^^^^^^^^^^^^^^^^^^^^^^^^^^^^^^^^^
  File "/home/airflow/.local/lib/python3.12/site-packages/jinja2/loaders.py", line 204, in get_source
    raise TemplateNotFound(template)
jinja2.exceptions.TemplateNotFound: ./ejecutar.sh
[2025-12-07T20:32:50.876+0000] {processor.py:840} INFO - DAG(s) 'flujo_etl_completo' retrieved from /opt/airflow/dags/pipeline_completo.py
[2025-12-07T20:32:50.899+0000] {logging_mixin.py:188} INFO - [2025-12-07T20:32:50.899+0000] {dag.py:3096} INFO - Sync 1 DAGs
[2025-12-07T20:32:50.922+0000] {logging_mixin.py:188} INFO - [2025-12-07T20:32:50.921+0000] {dag.py:3954} INFO - Setting next_dagrun for flujo_etl_completo to 2025-12-07 20:00:00+00:00, run_after=2025-12-07 21:00:00+00:00
[2025-12-07T20:32:50.946+0000] {processor.py:183} INFO - Processing /opt/airflow/dags/pipeline_completo.py took 0.136 seconds
[2025-12-07T20:33:21.087+0000] {processor.py:161} INFO - Started process (PID=367) to work on /opt/airflow/dags/pipeline_completo.py
[2025-12-07T20:33:21.089+0000] {processor.py:830} INFO - Processing file /opt/airflow/dags/pipeline_completo.py for tasks to queue
[2025-12-07T20:33:21.092+0000] {logging_mixin.py:188} INFO - [2025-12-07T20:33:21.092+0000] {dagbag.py:545} INFO - Filling up the DagBag from /opt/airflow/dags/pipeline_completo.py
[2025-12-07T20:33:21.129+0000] {logging_mixin.py:188} INFO - [2025-12-07T20:33:21.127+0000] {templater.py:93} ERROR - Failed to resolve template field 'command'
Traceback (most recent call last):
  File "/home/airflow/.local/lib/python3.12/site-packages/airflow/template/templater.py", line 91, in resolve_template_files
    setattr(self, field, env.loader.get_source(env, content)[0])  # type: ignore
                         ^^^^^^^^^^^^^^^^^^^^^^^^^^^^^^^^^^^
  File "/home/airflow/.local/lib/python3.12/site-packages/jinja2/loaders.py", line 204, in get_source
    raise TemplateNotFound(template)
jinja2.exceptions.TemplateNotFound: ./ejecutar.sh
[2025-12-07T20:33:21.133+0000] {processor.py:840} INFO - DAG(s) 'flujo_etl_completo' retrieved from /opt/airflow/dags/pipeline_completo.py
[2025-12-07T20:33:21.159+0000] {logging_mixin.py:188} INFO - [2025-12-07T20:33:21.159+0000] {dag.py:3096} INFO - Sync 1 DAGs
[2025-12-07T20:33:21.180+0000] {logging_mixin.py:188} INFO - [2025-12-07T20:33:21.180+0000] {dag.py:3954} INFO - Setting next_dagrun for flujo_etl_completo to 2025-12-07 20:00:00+00:00, run_after=2025-12-07 21:00:00+00:00
[2025-12-07T20:33:21.201+0000] {processor.py:183} INFO - Processing /opt/airflow/dags/pipeline_completo.py took 0.119 seconds
[2025-12-07T20:33:51.392+0000] {processor.py:161} INFO - Started process (PID=372) to work on /opt/airflow/dags/pipeline_completo.py
[2025-12-07T20:33:51.394+0000] {processor.py:830} INFO - Processing file /opt/airflow/dags/pipeline_completo.py for tasks to queue
[2025-12-07T20:33:51.399+0000] {logging_mixin.py:188} INFO - [2025-12-07T20:33:51.398+0000] {dagbag.py:545} INFO - Filling up the DagBag from /opt/airflow/dags/pipeline_completo.py
[2025-12-07T20:33:51.463+0000] {logging_mixin.py:188} INFO - [2025-12-07T20:33:51.461+0000] {templater.py:93} ERROR - Failed to resolve template field 'command'
Traceback (most recent call last):
  File "/home/airflow/.local/lib/python3.12/site-packages/airflow/template/templater.py", line 91, in resolve_template_files
    setattr(self, field, env.loader.get_source(env, content)[0])  # type: ignore
                         ^^^^^^^^^^^^^^^^^^^^^^^^^^^^^^^^^^^
  File "/home/airflow/.local/lib/python3.12/site-packages/jinja2/loaders.py", line 204, in get_source
    raise TemplateNotFound(template)
jinja2.exceptions.TemplateNotFound: ./ejecutar.sh
[2025-12-07T20:33:51.471+0000] {processor.py:840} INFO - DAG(s) 'flujo_etl_completo' retrieved from /opt/airflow/dags/pipeline_completo.py
[2025-12-07T20:33:51.518+0000] {logging_mixin.py:188} INFO - [2025-12-07T20:33:51.517+0000] {dag.py:3096} INFO - Sync 1 DAGs
[2025-12-07T20:33:51.548+0000] {logging_mixin.py:188} INFO - [2025-12-07T20:33:51.548+0000] {dag.py:3954} INFO - Setting next_dagrun for flujo_etl_completo to 2025-12-07 20:00:00+00:00, run_after=2025-12-07 21:00:00+00:00
[2025-12-07T20:33:51.569+0000] {processor.py:183} INFO - Processing /opt/airflow/dags/pipeline_completo.py took 0.185 seconds
[2025-12-07T20:34:21.859+0000] {processor.py:161} INFO - Started process (PID=377) to work on /opt/airflow/dags/pipeline_completo.py
[2025-12-07T20:34:21.861+0000] {processor.py:830} INFO - Processing file /opt/airflow/dags/pipeline_completo.py for tasks to queue
[2025-12-07T20:34:21.864+0000] {logging_mixin.py:188} INFO - [2025-12-07T20:34:21.863+0000] {dagbag.py:545} INFO - Filling up the DagBag from /opt/airflow/dags/pipeline_completo.py
[2025-12-07T20:34:21.907+0000] {logging_mixin.py:188} INFO - [2025-12-07T20:34:21.906+0000] {templater.py:93} ERROR - Failed to resolve template field 'command'
Traceback (most recent call last):
  File "/home/airflow/.local/lib/python3.12/site-packages/airflow/template/templater.py", line 91, in resolve_template_files
    setattr(self, field, env.loader.get_source(env, content)[0])  # type: ignore
                         ^^^^^^^^^^^^^^^^^^^^^^^^^^^^^^^^^^^
  File "/home/airflow/.local/lib/python3.12/site-packages/jinja2/loaders.py", line 204, in get_source
    raise TemplateNotFound(template)
jinja2.exceptions.TemplateNotFound: ./ejecutar.sh
[2025-12-07T20:34:21.911+0000] {processor.py:840} INFO - DAG(s) 'flujo_etl_completo' retrieved from /opt/airflow/dags/pipeline_completo.py
[2025-12-07T20:34:21.934+0000] {logging_mixin.py:188} INFO - [2025-12-07T20:34:21.934+0000] {dag.py:3096} INFO - Sync 1 DAGs
[2025-12-07T20:34:21.954+0000] {logging_mixin.py:188} INFO - [2025-12-07T20:34:21.953+0000] {dag.py:3954} INFO - Setting next_dagrun for flujo_etl_completo to 2025-12-07 20:00:00+00:00, run_after=2025-12-07 21:00:00+00:00
[2025-12-07T20:34:21.973+0000] {processor.py:183} INFO - Processing /opt/airflow/dags/pipeline_completo.py took 0.119 seconds
[2025-12-07T20:34:52.109+0000] {processor.py:161} INFO - Started process (PID=382) to work on /opt/airflow/dags/pipeline_completo.py
[2025-12-07T20:34:52.110+0000] {processor.py:830} INFO - Processing file /opt/airflow/dags/pipeline_completo.py for tasks to queue
[2025-12-07T20:34:52.112+0000] {logging_mixin.py:188} INFO - [2025-12-07T20:34:52.112+0000] {dagbag.py:545} INFO - Filling up the DagBag from /opt/airflow/dags/pipeline_completo.py
[2025-12-07T20:34:52.159+0000] {logging_mixin.py:188} INFO - [2025-12-07T20:34:52.158+0000] {templater.py:93} ERROR - Failed to resolve template field 'command'
Traceback (most recent call last):
  File "/home/airflow/.local/lib/python3.12/site-packages/airflow/template/templater.py", line 91, in resolve_template_files
    setattr(self, field, env.loader.get_source(env, content)[0])  # type: ignore
                         ^^^^^^^^^^^^^^^^^^^^^^^^^^^^^^^^^^^
  File "/home/airflow/.local/lib/python3.12/site-packages/jinja2/loaders.py", line 204, in get_source
    raise TemplateNotFound(template)
jinja2.exceptions.TemplateNotFound: ./ejecutar.sh
[2025-12-07T20:34:52.163+0000] {processor.py:840} INFO - DAG(s) 'flujo_etl_completo' retrieved from /opt/airflow/dags/pipeline_completo.py
[2025-12-07T20:34:52.185+0000] {logging_mixin.py:188} INFO - [2025-12-07T20:34:52.185+0000] {dag.py:3096} INFO - Sync 1 DAGs
[2025-12-07T20:34:52.204+0000] {logging_mixin.py:188} INFO - [2025-12-07T20:34:52.204+0000] {dag.py:3954} INFO - Setting next_dagrun for flujo_etl_completo to 2025-12-07 20:00:00+00:00, run_after=2025-12-07 21:00:00+00:00
[2025-12-07T20:34:52.233+0000] {processor.py:183} INFO - Processing /opt/airflow/dags/pipeline_completo.py took 0.129 seconds
[2025-12-07T20:35:22.670+0000] {processor.py:161} INFO - Started process (PID=387) to work on /opt/airflow/dags/pipeline_completo.py
[2025-12-07T20:35:22.674+0000] {processor.py:830} INFO - Processing file /opt/airflow/dags/pipeline_completo.py for tasks to queue
[2025-12-07T20:35:22.678+0000] {logging_mixin.py:188} INFO - [2025-12-07T20:35:22.677+0000] {dagbag.py:545} INFO - Filling up the DagBag from /opt/airflow/dags/pipeline_completo.py
[2025-12-07T20:35:22.774+0000] {logging_mixin.py:188} INFO - [2025-12-07T20:35:22.774+0000] {templater.py:93} ERROR - Failed to resolve template field 'command'
Traceback (most recent call last):
  File "/home/airflow/.local/lib/python3.12/site-packages/airflow/template/templater.py", line 91, in resolve_template_files
    setattr(self, field, env.loader.get_source(env, content)[0])  # type: ignore
                         ^^^^^^^^^^^^^^^^^^^^^^^^^^^^^^^^^^^
  File "/home/airflow/.local/lib/python3.12/site-packages/jinja2/loaders.py", line 204, in get_source
    raise TemplateNotFound(template)
jinja2.exceptions.TemplateNotFound: ./ejecutar.sh
[2025-12-07T20:35:22.778+0000] {processor.py:840} INFO - DAG(s) 'flujo_etl_completo' retrieved from /opt/airflow/dags/pipeline_completo.py
[2025-12-07T20:35:22.804+0000] {logging_mixin.py:188} INFO - [2025-12-07T20:35:22.804+0000] {dag.py:3096} INFO - Sync 1 DAGs
[2025-12-07T20:35:22.824+0000] {logging_mixin.py:188} INFO - [2025-12-07T20:35:22.824+0000] {dag.py:3954} INFO - Setting next_dagrun for flujo_etl_completo to 2025-12-07 20:00:00+00:00, run_after=2025-12-07 21:00:00+00:00
[2025-12-07T20:35:22.854+0000] {processor.py:183} INFO - Processing /opt/airflow/dags/pipeline_completo.py took 0.190 seconds
[2025-12-07T20:35:53.225+0000] {processor.py:161} INFO - Started process (PID=392) to work on /opt/airflow/dags/pipeline_completo.py
[2025-12-07T20:35:53.227+0000] {processor.py:830} INFO - Processing file /opt/airflow/dags/pipeline_completo.py for tasks to queue
[2025-12-07T20:35:53.230+0000] {logging_mixin.py:188} INFO - [2025-12-07T20:35:53.230+0000] {dagbag.py:545} INFO - Filling up the DagBag from /opt/airflow/dags/pipeline_completo.py
[2025-12-07T20:35:53.287+0000] {logging_mixin.py:188} INFO - [2025-12-07T20:35:53.286+0000] {templater.py:93} ERROR - Failed to resolve template field 'command'
Traceback (most recent call last):
  File "/home/airflow/.local/lib/python3.12/site-packages/airflow/template/templater.py", line 91, in resolve_template_files
    setattr(self, field, env.loader.get_source(env, content)[0])  # type: ignore
                         ^^^^^^^^^^^^^^^^^^^^^^^^^^^^^^^^^^^
  File "/home/airflow/.local/lib/python3.12/site-packages/jinja2/loaders.py", line 204, in get_source
    raise TemplateNotFound(template)
jinja2.exceptions.TemplateNotFound: ./ejecutar.sh
[2025-12-07T20:35:53.292+0000] {processor.py:840} INFO - DAG(s) 'flujo_etl_completo' retrieved from /opt/airflow/dags/pipeline_completo.py
[2025-12-07T20:35:53.313+0000] {logging_mixin.py:188} INFO - [2025-12-07T20:35:53.313+0000] {dag.py:3096} INFO - Sync 1 DAGs
[2025-12-07T20:35:53.333+0000] {logging_mixin.py:188} INFO - [2025-12-07T20:35:53.333+0000] {dag.py:3954} INFO - Setting next_dagrun for flujo_etl_completo to 2025-12-07 20:00:00+00:00, run_after=2025-12-07 21:00:00+00:00
[2025-12-07T20:35:53.357+0000] {processor.py:183} INFO - Processing /opt/airflow/dags/pipeline_completo.py took 0.138 seconds
[2025-12-07T20:36:23.479+0000] {processor.py:161} INFO - Started process (PID=397) to work on /opt/airflow/dags/pipeline_completo.py
[2025-12-07T20:36:23.480+0000] {processor.py:830} INFO - Processing file /opt/airflow/dags/pipeline_completo.py for tasks to queue
[2025-12-07T20:36:23.482+0000] {logging_mixin.py:188} INFO - [2025-12-07T20:36:23.482+0000] {dagbag.py:545} INFO - Filling up the DagBag from /opt/airflow/dags/pipeline_completo.py
[2025-12-07T20:36:23.530+0000] {logging_mixin.py:188} INFO - [2025-12-07T20:36:23.528+0000] {templater.py:93} ERROR - Failed to resolve template field 'command'
Traceback (most recent call last):
  File "/home/airflow/.local/lib/python3.12/site-packages/airflow/template/templater.py", line 91, in resolve_template_files
    setattr(self, field, env.loader.get_source(env, content)[0])  # type: ignore
                         ^^^^^^^^^^^^^^^^^^^^^^^^^^^^^^^^^^^
  File "/home/airflow/.local/lib/python3.12/site-packages/jinja2/loaders.py", line 204, in get_source
    raise TemplateNotFound(template)
jinja2.exceptions.TemplateNotFound: ./ejecutar.sh
[2025-12-07T20:36:23.534+0000] {processor.py:840} INFO - DAG(s) 'flujo_etl_completo' retrieved from /opt/airflow/dags/pipeline_completo.py
[2025-12-07T20:36:23.566+0000] {logging_mixin.py:188} INFO - [2025-12-07T20:36:23.566+0000] {dag.py:3096} INFO - Sync 1 DAGs
[2025-12-07T20:36:23.597+0000] {logging_mixin.py:188} INFO - [2025-12-07T20:36:23.597+0000] {dag.py:3954} INFO - Setting next_dagrun for flujo_etl_completo to 2025-12-07 20:00:00+00:00, run_after=2025-12-07 21:00:00+00:00
[2025-12-07T20:36:23.625+0000] {processor.py:183} INFO - Processing /opt/airflow/dags/pipeline_completo.py took 0.151 seconds
[2025-12-07T20:36:53.927+0000] {processor.py:161} INFO - Started process (PID=402) to work on /opt/airflow/dags/pipeline_completo.py
[2025-12-07T20:36:53.928+0000] {processor.py:830} INFO - Processing file /opt/airflow/dags/pipeline_completo.py for tasks to queue
[2025-12-07T20:36:53.931+0000] {logging_mixin.py:188} INFO - [2025-12-07T20:36:53.930+0000] {dagbag.py:545} INFO - Filling up the DagBag from /opt/airflow/dags/pipeline_completo.py
[2025-12-07T20:36:53.985+0000] {logging_mixin.py:188} INFO - [2025-12-07T20:36:53.984+0000] {templater.py:93} ERROR - Failed to resolve template field 'command'
Traceback (most recent call last):
  File "/home/airflow/.local/lib/python3.12/site-packages/airflow/template/templater.py", line 91, in resolve_template_files
    setattr(self, field, env.loader.get_source(env, content)[0])  # type: ignore
                         ^^^^^^^^^^^^^^^^^^^^^^^^^^^^^^^^^^^
  File "/home/airflow/.local/lib/python3.12/site-packages/jinja2/loaders.py", line 204, in get_source
    raise TemplateNotFound(template)
jinja2.exceptions.TemplateNotFound: ./ejecutar.sh
[2025-12-07T20:36:53.989+0000] {processor.py:840} INFO - DAG(s) 'flujo_etl_completo' retrieved from /opt/airflow/dags/pipeline_completo.py
[2025-12-07T20:36:54.012+0000] {logging_mixin.py:188} INFO - [2025-12-07T20:36:54.012+0000] {dag.py:3096} INFO - Sync 1 DAGs
[2025-12-07T20:36:54.032+0000] {logging_mixin.py:188} INFO - [2025-12-07T20:36:54.031+0000] {dag.py:3954} INFO - Setting next_dagrun for flujo_etl_completo to 2025-12-07 20:00:00+00:00, run_after=2025-12-07 21:00:00+00:00
[2025-12-07T20:36:54.056+0000] {processor.py:183} INFO - Processing /opt/airflow/dags/pipeline_completo.py took 0.134 seconds
[2025-12-07T20:37:24.201+0000] {processor.py:161} INFO - Started process (PID=407) to work on /opt/airflow/dags/pipeline_completo.py
[2025-12-07T20:37:24.202+0000] {processor.py:830} INFO - Processing file /opt/airflow/dags/pipeline_completo.py for tasks to queue
[2025-12-07T20:37:24.205+0000] {logging_mixin.py:188} INFO - [2025-12-07T20:37:24.204+0000] {dagbag.py:545} INFO - Filling up the DagBag from /opt/airflow/dags/pipeline_completo.py
[2025-12-07T20:37:24.251+0000] {logging_mixin.py:188} INFO - [2025-12-07T20:37:24.250+0000] {templater.py:93} ERROR - Failed to resolve template field 'command'
Traceback (most recent call last):
  File "/home/airflow/.local/lib/python3.12/site-packages/airflow/template/templater.py", line 91, in resolve_template_files
    setattr(self, field, env.loader.get_source(env, content)[0])  # type: ignore
                         ^^^^^^^^^^^^^^^^^^^^^^^^^^^^^^^^^^^
  File "/home/airflow/.local/lib/python3.12/site-packages/jinja2/loaders.py", line 204, in get_source
    raise TemplateNotFound(template)
jinja2.exceptions.TemplateNotFound: ./ejecutar.sh
[2025-12-07T20:37:24.255+0000] {processor.py:840} INFO - DAG(s) 'flujo_etl_completo' retrieved from /opt/airflow/dags/pipeline_completo.py
[2025-12-07T20:37:24.279+0000] {logging_mixin.py:188} INFO - [2025-12-07T20:37:24.278+0000] {dag.py:3096} INFO - Sync 1 DAGs
[2025-12-07T20:37:24.297+0000] {logging_mixin.py:188} INFO - [2025-12-07T20:37:24.296+0000] {dag.py:3954} INFO - Setting next_dagrun for flujo_etl_completo to 2025-12-07 20:00:00+00:00, run_after=2025-12-07 21:00:00+00:00
[2025-12-07T20:37:24.324+0000] {processor.py:183} INFO - Processing /opt/airflow/dags/pipeline_completo.py took 0.128 seconds
[2025-12-07T20:37:54.561+0000] {processor.py:161} INFO - Started process (PID=412) to work on /opt/airflow/dags/pipeline_completo.py
[2025-12-07T20:37:54.562+0000] {processor.py:830} INFO - Processing file /opt/airflow/dags/pipeline_completo.py for tasks to queue
[2025-12-07T20:37:54.564+0000] {logging_mixin.py:188} INFO - [2025-12-07T20:37:54.564+0000] {dagbag.py:545} INFO - Filling up the DagBag from /opt/airflow/dags/pipeline_completo.py
[2025-12-07T20:37:54.616+0000] {logging_mixin.py:188} INFO - [2025-12-07T20:37:54.615+0000] {templater.py:93} ERROR - Failed to resolve template field 'command'
Traceback (most recent call last):
  File "/home/airflow/.local/lib/python3.12/site-packages/airflow/template/templater.py", line 91, in resolve_template_files
    setattr(self, field, env.loader.get_source(env, content)[0])  # type: ignore
                         ^^^^^^^^^^^^^^^^^^^^^^^^^^^^^^^^^^^
  File "/home/airflow/.local/lib/python3.12/site-packages/jinja2/loaders.py", line 204, in get_source
    raise TemplateNotFound(template)
jinja2.exceptions.TemplateNotFound: ./ejecutar.sh
[2025-12-07T20:37:54.621+0000] {processor.py:840} INFO - DAG(s) 'flujo_etl_completo' retrieved from /opt/airflow/dags/pipeline_completo.py
[2025-12-07T20:37:54.644+0000] {logging_mixin.py:188} INFO - [2025-12-07T20:37:54.644+0000] {dag.py:3096} INFO - Sync 1 DAGs
[2025-12-07T20:37:54.662+0000] {logging_mixin.py:188} INFO - [2025-12-07T20:37:54.661+0000] {dag.py:3954} INFO - Setting next_dagrun for flujo_etl_completo to 2025-12-07 20:00:00+00:00, run_after=2025-12-07 21:00:00+00:00
[2025-12-07T20:37:54.693+0000] {processor.py:183} INFO - Processing /opt/airflow/dags/pipeline_completo.py took 0.135 seconds
[2025-12-07T20:38:38.998+0000] {processor.py:161} INFO - Started process (PID=417) to work on /opt/airflow/dags/pipeline_completo.py
[2025-12-07T20:38:39.000+0000] {processor.py:830} INFO - Processing file /opt/airflow/dags/pipeline_completo.py for tasks to queue
[2025-12-07T20:38:39.002+0000] {logging_mixin.py:188} INFO - [2025-12-07T20:38:39.001+0000] {dagbag.py:545} INFO - Filling up the DagBag from /opt/airflow/dags/pipeline_completo.py
[2025-12-07T20:38:39.031+0000] {logging_mixin.py:188} INFO - [2025-12-07T20:38:39.030+0000] {templater.py:93} ERROR - Failed to resolve template field 'command'
Traceback (most recent call last):
  File "/home/airflow/.local/lib/python3.12/site-packages/airflow/template/templater.py", line 91, in resolve_template_files
    setattr(self, field, env.loader.get_source(env, content)[0])  # type: ignore
                         ^^^^^^^^^^^^^^^^^^^^^^^^^^^^^^^^^^^
  File "/home/airflow/.local/lib/python3.12/site-packages/jinja2/loaders.py", line 204, in get_source
    raise TemplateNotFound(template)
jinja2.exceptions.TemplateNotFound: ./ejecutar.sh
[2025-12-07T20:38:39.037+0000] {processor.py:840} INFO - DAG(s) 'flujo_etl_completo' retrieved from /opt/airflow/dags/pipeline_completo.py
[2025-12-07T20:38:39.065+0000] {logging_mixin.py:188} INFO - [2025-12-07T20:38:39.065+0000] {dag.py:3096} INFO - Sync 1 DAGs
[2025-12-07T20:38:39.086+0000] {logging_mixin.py:188} INFO - [2025-12-07T20:38:39.086+0000] {dag.py:3954} INFO - Setting next_dagrun for flujo_etl_completo to 2025-12-07 20:00:00+00:00, run_after=2025-12-07 21:00:00+00:00
[2025-12-07T20:38:39.105+0000] {processor.py:183} INFO - Processing /opt/airflow/dags/pipeline_completo.py took 0.112 seconds
[2025-12-07T20:39:09.349+0000] {processor.py:161} INFO - Started process (PID=422) to work on /opt/airflow/dags/pipeline_completo.py
[2025-12-07T20:39:09.350+0000] {processor.py:830} INFO - Processing file /opt/airflow/dags/pipeline_completo.py for tasks to queue
[2025-12-07T20:39:09.352+0000] {logging_mixin.py:188} INFO - [2025-12-07T20:39:09.352+0000] {dagbag.py:545} INFO - Filling up the DagBag from /opt/airflow/dags/pipeline_completo.py
[2025-12-07T20:39:09.378+0000] {logging_mixin.py:188} INFO - [2025-12-07T20:39:09.377+0000] {templater.py:93} ERROR - Failed to resolve template field 'command'
Traceback (most recent call last):
  File "/home/airflow/.local/lib/python3.12/site-packages/airflow/template/templater.py", line 91, in resolve_template_files
    setattr(self, field, env.loader.get_source(env, content)[0])  # type: ignore
                         ^^^^^^^^^^^^^^^^^^^^^^^^^^^^^^^^^^^
  File "/home/airflow/.local/lib/python3.12/site-packages/jinja2/loaders.py", line 204, in get_source
    raise TemplateNotFound(template)
jinja2.exceptions.TemplateNotFound: ./ejecutar.sh
[2025-12-07T20:39:09.382+0000] {processor.py:840} INFO - DAG(s) 'flujo_etl_completo' retrieved from /opt/airflow/dags/pipeline_completo.py
[2025-12-07T20:39:09.403+0000] {logging_mixin.py:188} INFO - [2025-12-07T20:39:09.403+0000] {dag.py:3096} INFO - Sync 1 DAGs
[2025-12-07T20:39:09.424+0000] {logging_mixin.py:188} INFO - [2025-12-07T20:39:09.423+0000] {dag.py:3954} INFO - Setting next_dagrun for flujo_etl_completo to 2025-12-07 20:00:00+00:00, run_after=2025-12-07 21:00:00+00:00
[2025-12-07T20:39:09.442+0000] {processor.py:183} INFO - Processing /opt/airflow/dags/pipeline_completo.py took 0.098 seconds
[2025-12-07T20:39:39.584+0000] {processor.py:161} INFO - Started process (PID=427) to work on /opt/airflow/dags/pipeline_completo.py
[2025-12-07T20:39:39.585+0000] {processor.py:830} INFO - Processing file /opt/airflow/dags/pipeline_completo.py for tasks to queue
[2025-12-07T20:39:39.587+0000] {logging_mixin.py:188} INFO - [2025-12-07T20:39:39.587+0000] {dagbag.py:545} INFO - Filling up the DagBag from /opt/airflow/dags/pipeline_completo.py
[2025-12-07T20:39:39.617+0000] {logging_mixin.py:188} INFO - [2025-12-07T20:39:39.616+0000] {templater.py:93} ERROR - Failed to resolve template field 'command'
Traceback (most recent call last):
  File "/home/airflow/.local/lib/python3.12/site-packages/airflow/template/templater.py", line 91, in resolve_template_files
    setattr(self, field, env.loader.get_source(env, content)[0])  # type: ignore
                         ^^^^^^^^^^^^^^^^^^^^^^^^^^^^^^^^^^^
  File "/home/airflow/.local/lib/python3.12/site-packages/jinja2/loaders.py", line 204, in get_source
    raise TemplateNotFound(template)
jinja2.exceptions.TemplateNotFound: ./ejecutar.sh
[2025-12-07T20:39:39.621+0000] {processor.py:840} INFO - DAG(s) 'flujo_etl_completo' retrieved from /opt/airflow/dags/pipeline_completo.py
[2025-12-07T20:39:39.642+0000] {logging_mixin.py:188} INFO - [2025-12-07T20:39:39.642+0000] {dag.py:3096} INFO - Sync 1 DAGs
[2025-12-07T20:39:39.666+0000] {logging_mixin.py:188} INFO - [2025-12-07T20:39:39.666+0000] {dag.py:3954} INFO - Setting next_dagrun for flujo_etl_completo to 2025-12-07 20:00:00+00:00, run_after=2025-12-07 21:00:00+00:00
[2025-12-07T20:39:39.686+0000] {processor.py:183} INFO - Processing /opt/airflow/dags/pipeline_completo.py took 0.108 seconds
[2025-12-07T20:40:10.017+0000] {processor.py:161} INFO - Started process (PID=432) to work on /opt/airflow/dags/pipeline_completo.py
[2025-12-07T20:40:10.018+0000] {processor.py:830} INFO - Processing file /opt/airflow/dags/pipeline_completo.py for tasks to queue
[2025-12-07T20:40:10.020+0000] {logging_mixin.py:188} INFO - [2025-12-07T20:40:10.019+0000] {dagbag.py:545} INFO - Filling up the DagBag from /opt/airflow/dags/pipeline_completo.py
[2025-12-07T20:40:10.046+0000] {logging_mixin.py:188} INFO - [2025-12-07T20:40:10.045+0000] {templater.py:93} ERROR - Failed to resolve template field 'command'
Traceback (most recent call last):
  File "/home/airflow/.local/lib/python3.12/site-packages/airflow/template/templater.py", line 91, in resolve_template_files
    setattr(self, field, env.loader.get_source(env, content)[0])  # type: ignore
                         ^^^^^^^^^^^^^^^^^^^^^^^^^^^^^^^^^^^
  File "/home/airflow/.local/lib/python3.12/site-packages/jinja2/loaders.py", line 204, in get_source
    raise TemplateNotFound(template)
jinja2.exceptions.TemplateNotFound: ./ejecutar.sh
[2025-12-07T20:40:10.050+0000] {processor.py:840} INFO - DAG(s) 'flujo_etl_completo' retrieved from /opt/airflow/dags/pipeline_completo.py
[2025-12-07T20:40:10.069+0000] {logging_mixin.py:188} INFO - [2025-12-07T20:40:10.069+0000] {dag.py:3096} INFO - Sync 1 DAGs
[2025-12-07T20:40:10.086+0000] {logging_mixin.py:188} INFO - [2025-12-07T20:40:10.086+0000] {dag.py:3954} INFO - Setting next_dagrun for flujo_etl_completo to 2025-12-07 20:00:00+00:00, run_after=2025-12-07 21:00:00+00:00
[2025-12-07T20:40:10.104+0000] {processor.py:183} INFO - Processing /opt/airflow/dags/pipeline_completo.py took 0.092 seconds
[2025-12-07T20:40:40.332+0000] {processor.py:161} INFO - Started process (PID=437) to work on /opt/airflow/dags/pipeline_completo.py
[2025-12-07T20:40:40.333+0000] {processor.py:830} INFO - Processing file /opt/airflow/dags/pipeline_completo.py for tasks to queue
[2025-12-07T20:40:40.335+0000] {logging_mixin.py:188} INFO - [2025-12-07T20:40:40.335+0000] {dagbag.py:545} INFO - Filling up the DagBag from /opt/airflow/dags/pipeline_completo.py
[2025-12-07T20:40:40.363+0000] {logging_mixin.py:188} INFO - [2025-12-07T20:40:40.362+0000] {templater.py:93} ERROR - Failed to resolve template field 'command'
Traceback (most recent call last):
  File "/home/airflow/.local/lib/python3.12/site-packages/airflow/template/templater.py", line 91, in resolve_template_files
    setattr(self, field, env.loader.get_source(env, content)[0])  # type: ignore
                         ^^^^^^^^^^^^^^^^^^^^^^^^^^^^^^^^^^^
  File "/home/airflow/.local/lib/python3.12/site-packages/jinja2/loaders.py", line 204, in get_source
    raise TemplateNotFound(template)
jinja2.exceptions.TemplateNotFound: ./ejecutar.sh
[2025-12-07T20:40:40.367+0000] {processor.py:840} INFO - DAG(s) 'flujo_etl_completo' retrieved from /opt/airflow/dags/pipeline_completo.py
[2025-12-07T20:40:40.388+0000] {logging_mixin.py:188} INFO - [2025-12-07T20:40:40.388+0000] {dag.py:3096} INFO - Sync 1 DAGs
[2025-12-07T20:40:40.405+0000] {logging_mixin.py:188} INFO - [2025-12-07T20:40:40.405+0000] {dag.py:3954} INFO - Setting next_dagrun for flujo_etl_completo to 2025-12-07 20:00:00+00:00, run_after=2025-12-07 21:00:00+00:00
[2025-12-07T20:40:40.422+0000] {processor.py:183} INFO - Processing /opt/airflow/dags/pipeline_completo.py took 0.095 seconds
[2025-12-07T20:41:10.607+0000] {processor.py:161} INFO - Started process (PID=442) to work on /opt/airflow/dags/pipeline_completo.py
[2025-12-07T20:41:10.609+0000] {processor.py:830} INFO - Processing file /opt/airflow/dags/pipeline_completo.py for tasks to queue
[2025-12-07T20:41:10.611+0000] {logging_mixin.py:188} INFO - [2025-12-07T20:41:10.610+0000] {dagbag.py:545} INFO - Filling up the DagBag from /opt/airflow/dags/pipeline_completo.py
[2025-12-07T20:41:10.635+0000] {logging_mixin.py:188} INFO - [2025-12-07T20:41:10.634+0000] {templater.py:93} ERROR - Failed to resolve template field 'command'
Traceback (most recent call last):
  File "/home/airflow/.local/lib/python3.12/site-packages/airflow/template/templater.py", line 91, in resolve_template_files
    setattr(self, field, env.loader.get_source(env, content)[0])  # type: ignore
                         ^^^^^^^^^^^^^^^^^^^^^^^^^^^^^^^^^^^
  File "/home/airflow/.local/lib/python3.12/site-packages/jinja2/loaders.py", line 204, in get_source
    raise TemplateNotFound(template)
jinja2.exceptions.TemplateNotFound: ./ejecutar.sh
[2025-12-07T20:41:10.639+0000] {processor.py:840} INFO - DAG(s) 'flujo_etl_completo' retrieved from /opt/airflow/dags/pipeline_completo.py
[2025-12-07T20:41:10.660+0000] {logging_mixin.py:188} INFO - [2025-12-07T20:41:10.660+0000] {dag.py:3096} INFO - Sync 1 DAGs
[2025-12-07T20:41:10.678+0000] {logging_mixin.py:188} INFO - [2025-12-07T20:41:10.678+0000] {dag.py:3954} INFO - Setting next_dagrun for flujo_etl_completo to 2025-12-07 20:00:00+00:00, run_after=2025-12-07 21:00:00+00:00
[2025-12-07T20:41:10.697+0000] {processor.py:183} INFO - Processing /opt/airflow/dags/pipeline_completo.py took 0.094 seconds
[2025-12-07T20:41:40.955+0000] {processor.py:161} INFO - Started process (PID=447) to work on /opt/airflow/dags/pipeline_completo.py
[2025-12-07T20:41:40.957+0000] {processor.py:830} INFO - Processing file /opt/airflow/dags/pipeline_completo.py for tasks to queue
[2025-12-07T20:41:40.958+0000] {logging_mixin.py:188} INFO - [2025-12-07T20:41:40.958+0000] {dagbag.py:545} INFO - Filling up the DagBag from /opt/airflow/dags/pipeline_completo.py
[2025-12-07T20:41:41.019+0000] {logging_mixin.py:188} INFO - [2025-12-07T20:41:41.018+0000] {templater.py:93} ERROR - Failed to resolve template field 'command'
Traceback (most recent call last):
  File "/home/airflow/.local/lib/python3.12/site-packages/airflow/template/templater.py", line 91, in resolve_template_files
    setattr(self, field, env.loader.get_source(env, content)[0])  # type: ignore
                         ^^^^^^^^^^^^^^^^^^^^^^^^^^^^^^^^^^^
  File "/home/airflow/.local/lib/python3.12/site-packages/jinja2/loaders.py", line 204, in get_source
    raise TemplateNotFound(template)
jinja2.exceptions.TemplateNotFound: ./ejecutar.sh
[2025-12-07T20:41:41.023+0000] {processor.py:840} INFO - DAG(s) 'flujo_etl_completo' retrieved from /opt/airflow/dags/pipeline_completo.py
[2025-12-07T20:41:41.044+0000] {logging_mixin.py:188} INFO - [2025-12-07T20:41:41.044+0000] {dag.py:3096} INFO - Sync 1 DAGs
[2025-12-07T20:41:41.062+0000] {logging_mixin.py:188} INFO - [2025-12-07T20:41:41.062+0000] {dag.py:3954} INFO - Setting next_dagrun for flujo_etl_completo to 2025-12-07 20:00:00+00:00, run_after=2025-12-07 21:00:00+00:00
[2025-12-07T20:41:41.080+0000] {processor.py:183} INFO - Processing /opt/airflow/dags/pipeline_completo.py took 0.130 seconds
[2025-12-07T20:42:11.290+0000] {processor.py:161} INFO - Started process (PID=452) to work on /opt/airflow/dags/pipeline_completo.py
[2025-12-07T20:42:11.291+0000] {processor.py:830} INFO - Processing file /opt/airflow/dags/pipeline_completo.py for tasks to queue
[2025-12-07T20:42:11.293+0000] {logging_mixin.py:188} INFO - [2025-12-07T20:42:11.293+0000] {dagbag.py:545} INFO - Filling up the DagBag from /opt/airflow/dags/pipeline_completo.py
[2025-12-07T20:42:11.332+0000] {logging_mixin.py:188} INFO - [2025-12-07T20:42:11.331+0000] {templater.py:93} ERROR - Failed to resolve template field 'command'
Traceback (most recent call last):
  File "/home/airflow/.local/lib/python3.12/site-packages/airflow/template/templater.py", line 91, in resolve_template_files
    setattr(self, field, env.loader.get_source(env, content)[0])  # type: ignore
                         ^^^^^^^^^^^^^^^^^^^^^^^^^^^^^^^^^^^
  File "/home/airflow/.local/lib/python3.12/site-packages/jinja2/loaders.py", line 204, in get_source
    raise TemplateNotFound(template)
jinja2.exceptions.TemplateNotFound: ./ejecutar.sh
[2025-12-07T20:42:11.336+0000] {processor.py:840} INFO - DAG(s) 'flujo_etl_completo' retrieved from /opt/airflow/dags/pipeline_completo.py
[2025-12-07T20:42:11.359+0000] {logging_mixin.py:188} INFO - [2025-12-07T20:42:11.358+0000] {dag.py:3096} INFO - Sync 1 DAGs
[2025-12-07T20:42:11.380+0000] {logging_mixin.py:188} INFO - [2025-12-07T20:42:11.380+0000] {dag.py:3954} INFO - Setting next_dagrun for flujo_etl_completo to 2025-12-07 20:00:00+00:00, run_after=2025-12-07 21:00:00+00:00
[2025-12-07T20:42:11.406+0000] {processor.py:183} INFO - Processing /opt/airflow/dags/pipeline_completo.py took 0.121 seconds
[2025-12-07T20:42:41.577+0000] {processor.py:161} INFO - Started process (PID=457) to work on /opt/airflow/dags/pipeline_completo.py
[2025-12-07T20:42:41.578+0000] {processor.py:830} INFO - Processing file /opt/airflow/dags/pipeline_completo.py for tasks to queue
[2025-12-07T20:42:41.580+0000] {logging_mixin.py:188} INFO - [2025-12-07T20:42:41.580+0000] {dagbag.py:545} INFO - Filling up the DagBag from /opt/airflow/dags/pipeline_completo.py
[2025-12-07T20:42:41.608+0000] {logging_mixin.py:188} INFO - [2025-12-07T20:42:41.607+0000] {templater.py:93} ERROR - Failed to resolve template field 'command'
Traceback (most recent call last):
  File "/home/airflow/.local/lib/python3.12/site-packages/airflow/template/templater.py", line 91, in resolve_template_files
    setattr(self, field, env.loader.get_source(env, content)[0])  # type: ignore
                         ^^^^^^^^^^^^^^^^^^^^^^^^^^^^^^^^^^^
  File "/home/airflow/.local/lib/python3.12/site-packages/jinja2/loaders.py", line 204, in get_source
    raise TemplateNotFound(template)
jinja2.exceptions.TemplateNotFound: ./ejecutar.sh
[2025-12-07T20:42:41.611+0000] {processor.py:840} INFO - DAG(s) 'flujo_etl_completo' retrieved from /opt/airflow/dags/pipeline_completo.py
[2025-12-07T20:42:41.633+0000] {logging_mixin.py:188} INFO - [2025-12-07T20:42:41.633+0000] {dag.py:3096} INFO - Sync 1 DAGs
[2025-12-07T20:42:41.654+0000] {logging_mixin.py:188} INFO - [2025-12-07T20:42:41.654+0000] {dag.py:3954} INFO - Setting next_dagrun for flujo_etl_completo to 2025-12-07 20:00:00+00:00, run_after=2025-12-07 21:00:00+00:00
[2025-12-07T20:42:41.673+0000] {processor.py:183} INFO - Processing /opt/airflow/dags/pipeline_completo.py took 0.101 seconds
[2025-12-07T20:43:11.905+0000] {processor.py:161} INFO - Started process (PID=462) to work on /opt/airflow/dags/pipeline_completo.py
[2025-12-07T20:43:11.906+0000] {processor.py:830} INFO - Processing file /opt/airflow/dags/pipeline_completo.py for tasks to queue
[2025-12-07T20:43:11.908+0000] {logging_mixin.py:188} INFO - [2025-12-07T20:43:11.908+0000] {dagbag.py:545} INFO - Filling up the DagBag from /opt/airflow/dags/pipeline_completo.py
[2025-12-07T20:43:11.929+0000] {logging_mixin.py:188} INFO - [2025-12-07T20:43:11.928+0000] {templater.py:93} ERROR - Failed to resolve template field 'command'
Traceback (most recent call last):
  File "/home/airflow/.local/lib/python3.12/site-packages/airflow/template/templater.py", line 91, in resolve_template_files
    setattr(self, field, env.loader.get_source(env, content)[0])  # type: ignore
                         ^^^^^^^^^^^^^^^^^^^^^^^^^^^^^^^^^^^
  File "/home/airflow/.local/lib/python3.12/site-packages/jinja2/loaders.py", line 204, in get_source
    raise TemplateNotFound(template)
jinja2.exceptions.TemplateNotFound: ./ejecutar.sh
[2025-12-07T20:43:11.933+0000] {processor.py:840} INFO - DAG(s) 'flujo_etl_completo' retrieved from /opt/airflow/dags/pipeline_completo.py
[2025-12-07T20:43:11.952+0000] {logging_mixin.py:188} INFO - [2025-12-07T20:43:11.952+0000] {dag.py:3096} INFO - Sync 1 DAGs
[2025-12-07T20:43:11.970+0000] {logging_mixin.py:188} INFO - [2025-12-07T20:43:11.970+0000] {dag.py:3954} INFO - Setting next_dagrun for flujo_etl_completo to 2025-12-07 20:00:00+00:00, run_after=2025-12-07 21:00:00+00:00
[2025-12-07T20:43:11.987+0000] {processor.py:183} INFO - Processing /opt/airflow/dags/pipeline_completo.py took 0.087 seconds
[2025-12-07T20:43:42.226+0000] {processor.py:161} INFO - Started process (PID=467) to work on /opt/airflow/dags/pipeline_completo.py
[2025-12-07T20:43:42.227+0000] {processor.py:830} INFO - Processing file /opt/airflow/dags/pipeline_completo.py for tasks to queue
[2025-12-07T20:43:42.229+0000] {logging_mixin.py:188} INFO - [2025-12-07T20:43:42.229+0000] {dagbag.py:545} INFO - Filling up the DagBag from /opt/airflow/dags/pipeline_completo.py
[2025-12-07T20:43:42.254+0000] {logging_mixin.py:188} INFO - [2025-12-07T20:43:42.253+0000] {templater.py:93} ERROR - Failed to resolve template field 'command'
Traceback (most recent call last):
  File "/home/airflow/.local/lib/python3.12/site-packages/airflow/template/templater.py", line 91, in resolve_template_files
    setattr(self, field, env.loader.get_source(env, content)[0])  # type: ignore
                         ^^^^^^^^^^^^^^^^^^^^^^^^^^^^^^^^^^^
  File "/home/airflow/.local/lib/python3.12/site-packages/jinja2/loaders.py", line 204, in get_source
    raise TemplateNotFound(template)
jinja2.exceptions.TemplateNotFound: ./ejecutar.sh
[2025-12-07T20:43:42.258+0000] {processor.py:840} INFO - DAG(s) 'flujo_etl_completo' retrieved from /opt/airflow/dags/pipeline_completo.py
[2025-12-07T20:43:42.281+0000] {logging_mixin.py:188} INFO - [2025-12-07T20:43:42.280+0000] {dag.py:3096} INFO - Sync 1 DAGs
[2025-12-07T20:43:42.299+0000] {logging_mixin.py:188} INFO - [2025-12-07T20:43:42.299+0000] {dag.py:3954} INFO - Setting next_dagrun for flujo_etl_completo to 2025-12-07 20:00:00+00:00, run_after=2025-12-07 21:00:00+00:00
[2025-12-07T20:43:42.314+0000] {processor.py:183} INFO - Processing /opt/airflow/dags/pipeline_completo.py took 0.093 seconds
[2025-12-07T20:44:12.661+0000] {processor.py:161} INFO - Started process (PID=472) to work on /opt/airflow/dags/pipeline_completo.py
[2025-12-07T20:44:12.662+0000] {processor.py:830} INFO - Processing file /opt/airflow/dags/pipeline_completo.py for tasks to queue
[2025-12-07T20:44:12.664+0000] {logging_mixin.py:188} INFO - [2025-12-07T20:44:12.664+0000] {dagbag.py:545} INFO - Filling up the DagBag from /opt/airflow/dags/pipeline_completo.py
[2025-12-07T20:44:12.716+0000] {logging_mixin.py:188} INFO - [2025-12-07T20:44:12.715+0000] {templater.py:93} ERROR - Failed to resolve template field 'command'
Traceback (most recent call last):
  File "/home/airflow/.local/lib/python3.12/site-packages/airflow/template/templater.py", line 91, in resolve_template_files
    setattr(self, field, env.loader.get_source(env, content)[0])  # type: ignore
                         ^^^^^^^^^^^^^^^^^^^^^^^^^^^^^^^^^^^
  File "/home/airflow/.local/lib/python3.12/site-packages/jinja2/loaders.py", line 204, in get_source
    raise TemplateNotFound(template)
jinja2.exceptions.TemplateNotFound: ./ejecutar.sh
[2025-12-07T20:44:12.721+0000] {processor.py:840} INFO - DAG(s) 'flujo_etl_completo' retrieved from /opt/airflow/dags/pipeline_completo.py
[2025-12-07T20:44:12.746+0000] {logging_mixin.py:188} INFO - [2025-12-07T20:44:12.746+0000] {dag.py:3096} INFO - Sync 1 DAGs
[2025-12-07T20:44:12.769+0000] {logging_mixin.py:188} INFO - [2025-12-07T20:44:12.769+0000] {dag.py:3954} INFO - Setting next_dagrun for flujo_etl_completo to 2025-12-07 20:00:00+00:00, run_after=2025-12-07 21:00:00+00:00
[2025-12-07T20:44:12.792+0000] {processor.py:183} INFO - Processing /opt/airflow/dags/pipeline_completo.py took 0.136 seconds
[2025-12-07T20:44:42.969+0000] {processor.py:161} INFO - Started process (PID=477) to work on /opt/airflow/dags/pipeline_completo.py
[2025-12-07T20:44:42.970+0000] {processor.py:830} INFO - Processing file /opt/airflow/dags/pipeline_completo.py for tasks to queue
[2025-12-07T20:44:42.972+0000] {logging_mixin.py:188} INFO - [2025-12-07T20:44:42.972+0000] {dagbag.py:545} INFO - Filling up the DagBag from /opt/airflow/dags/pipeline_completo.py
[2025-12-07T20:44:43.027+0000] {logging_mixin.py:188} INFO - [2025-12-07T20:44:43.026+0000] {templater.py:93} ERROR - Failed to resolve template field 'command'
Traceback (most recent call last):
  File "/home/airflow/.local/lib/python3.12/site-packages/airflow/template/templater.py", line 91, in resolve_template_files
    setattr(self, field, env.loader.get_source(env, content)[0])  # type: ignore
                         ^^^^^^^^^^^^^^^^^^^^^^^^^^^^^^^^^^^
  File "/home/airflow/.local/lib/python3.12/site-packages/jinja2/loaders.py", line 204, in get_source
    raise TemplateNotFound(template)
jinja2.exceptions.TemplateNotFound: ./ejecutar.sh
[2025-12-07T20:44:43.031+0000] {processor.py:840} INFO - DAG(s) 'flujo_etl_completo' retrieved from /opt/airflow/dags/pipeline_completo.py
[2025-12-07T20:44:43.055+0000] {logging_mixin.py:188} INFO - [2025-12-07T20:44:43.055+0000] {dag.py:3096} INFO - Sync 1 DAGs
[2025-12-07T20:44:43.073+0000] {logging_mixin.py:188} INFO - [2025-12-07T20:44:43.073+0000] {dag.py:3954} INFO - Setting next_dagrun for flujo_etl_completo to 2025-12-07 20:00:00+00:00, run_after=2025-12-07 21:00:00+00:00
[2025-12-07T20:44:43.094+0000] {processor.py:183} INFO - Processing /opt/airflow/dags/pipeline_completo.py took 0.130 seconds
[2025-12-07T20:45:13.353+0000] {processor.py:161} INFO - Started process (PID=482) to work on /opt/airflow/dags/pipeline_completo.py
[2025-12-07T20:45:13.354+0000] {processor.py:830} INFO - Processing file /opt/airflow/dags/pipeline_completo.py for tasks to queue
[2025-12-07T20:45:13.356+0000] {logging_mixin.py:188} INFO - [2025-12-07T20:45:13.356+0000] {dagbag.py:545} INFO - Filling up the DagBag from /opt/airflow/dags/pipeline_completo.py
[2025-12-07T20:45:13.382+0000] {logging_mixin.py:188} INFO - [2025-12-07T20:45:13.381+0000] {templater.py:93} ERROR - Failed to resolve template field 'command'
Traceback (most recent call last):
  File "/home/airflow/.local/lib/python3.12/site-packages/airflow/template/templater.py", line 91, in resolve_template_files
    setattr(self, field, env.loader.get_source(env, content)[0])  # type: ignore
                         ^^^^^^^^^^^^^^^^^^^^^^^^^^^^^^^^^^^
  File "/home/airflow/.local/lib/python3.12/site-packages/jinja2/loaders.py", line 204, in get_source
    raise TemplateNotFound(template)
jinja2.exceptions.TemplateNotFound: ./ejecutar.sh
[2025-12-07T20:45:13.387+0000] {processor.py:840} INFO - DAG(s) 'flujo_etl_completo' retrieved from /opt/airflow/dags/pipeline_completo.py
[2025-12-07T20:45:13.407+0000] {logging_mixin.py:188} INFO - [2025-12-07T20:45:13.407+0000] {dag.py:3096} INFO - Sync 1 DAGs
[2025-12-07T20:45:13.425+0000] {logging_mixin.py:188} INFO - [2025-12-07T20:45:13.425+0000] {dag.py:3954} INFO - Setting next_dagrun for flujo_etl_completo to 2025-12-07 20:00:00+00:00, run_after=2025-12-07 21:00:00+00:00
[2025-12-07T20:45:13.444+0000] {processor.py:183} INFO - Processing /opt/airflow/dags/pipeline_completo.py took 0.096 seconds
[2025-12-07T20:45:43.657+0000] {processor.py:161} INFO - Started process (PID=487) to work on /opt/airflow/dags/pipeline_completo.py
[2025-12-07T20:45:43.658+0000] {processor.py:830} INFO - Processing file /opt/airflow/dags/pipeline_completo.py for tasks to queue
[2025-12-07T20:45:43.660+0000] {logging_mixin.py:188} INFO - [2025-12-07T20:45:43.659+0000] {dagbag.py:545} INFO - Filling up the DagBag from /opt/airflow/dags/pipeline_completo.py
[2025-12-07T20:45:43.686+0000] {logging_mixin.py:188} INFO - [2025-12-07T20:45:43.685+0000] {templater.py:93} ERROR - Failed to resolve template field 'command'
Traceback (most recent call last):
  File "/home/airflow/.local/lib/python3.12/site-packages/airflow/template/templater.py", line 91, in resolve_template_files
    setattr(self, field, env.loader.get_source(env, content)[0])  # type: ignore
                         ^^^^^^^^^^^^^^^^^^^^^^^^^^^^^^^^^^^
  File "/home/airflow/.local/lib/python3.12/site-packages/jinja2/loaders.py", line 204, in get_source
    raise TemplateNotFound(template)
jinja2.exceptions.TemplateNotFound: ./ejecutar.sh
[2025-12-07T20:45:43.690+0000] {processor.py:840} INFO - DAG(s) 'flujo_etl_completo' retrieved from /opt/airflow/dags/pipeline_completo.py
[2025-12-07T20:45:43.710+0000] {logging_mixin.py:188} INFO - [2025-12-07T20:45:43.710+0000] {dag.py:3096} INFO - Sync 1 DAGs
[2025-12-07T20:45:43.729+0000] {logging_mixin.py:188} INFO - [2025-12-07T20:45:43.728+0000] {dag.py:3954} INFO - Setting next_dagrun for flujo_etl_completo to 2025-12-07 20:00:00+00:00, run_after=2025-12-07 21:00:00+00:00
[2025-12-07T20:45:43.746+0000] {processor.py:183} INFO - Processing /opt/airflow/dags/pipeline_completo.py took 0.094 seconds
[2025-12-07T20:46:13.934+0000] {processor.py:161} INFO - Started process (PID=492) to work on /opt/airflow/dags/pipeline_completo.py
[2025-12-07T20:46:13.936+0000] {processor.py:830} INFO - Processing file /opt/airflow/dags/pipeline_completo.py for tasks to queue
[2025-12-07T20:46:13.937+0000] {logging_mixin.py:188} INFO - [2025-12-07T20:46:13.937+0000] {dagbag.py:545} INFO - Filling up the DagBag from /opt/airflow/dags/pipeline_completo.py
[2025-12-07T20:46:13.964+0000] {logging_mixin.py:188} INFO - [2025-12-07T20:46:13.963+0000] {templater.py:93} ERROR - Failed to resolve template field 'command'
Traceback (most recent call last):
  File "/home/airflow/.local/lib/python3.12/site-packages/airflow/template/templater.py", line 91, in resolve_template_files
    setattr(self, field, env.loader.get_source(env, content)[0])  # type: ignore
                         ^^^^^^^^^^^^^^^^^^^^^^^^^^^^^^^^^^^
  File "/home/airflow/.local/lib/python3.12/site-packages/jinja2/loaders.py", line 204, in get_source
    raise TemplateNotFound(template)
jinja2.exceptions.TemplateNotFound: ./ejecutar.sh
[2025-12-07T20:46:13.968+0000] {processor.py:840} INFO - DAG(s) 'flujo_etl_completo' retrieved from /opt/airflow/dags/pipeline_completo.py
[2025-12-07T20:46:13.988+0000] {logging_mixin.py:188} INFO - [2025-12-07T20:46:13.987+0000] {dag.py:3096} INFO - Sync 1 DAGs
[2025-12-07T20:46:14.006+0000] {logging_mixin.py:188} INFO - [2025-12-07T20:46:14.006+0000] {dag.py:3954} INFO - Setting next_dagrun for flujo_etl_completo to 2025-12-07 20:00:00+00:00, run_after=2025-12-07 21:00:00+00:00
[2025-12-07T20:46:14.023+0000] {processor.py:183} INFO - Processing /opt/airflow/dags/pipeline_completo.py took 0.093 seconds
[2025-12-07T20:46:44.234+0000] {processor.py:161} INFO - Started process (PID=497) to work on /opt/airflow/dags/pipeline_completo.py
[2025-12-07T20:46:44.235+0000] {processor.py:830} INFO - Processing file /opt/airflow/dags/pipeline_completo.py for tasks to queue
[2025-12-07T20:46:44.237+0000] {logging_mixin.py:188} INFO - [2025-12-07T20:46:44.236+0000] {dagbag.py:545} INFO - Filling up the DagBag from /opt/airflow/dags/pipeline_completo.py
[2025-12-07T20:46:44.262+0000] {logging_mixin.py:188} INFO - [2025-12-07T20:46:44.261+0000] {templater.py:93} ERROR - Failed to resolve template field 'command'
Traceback (most recent call last):
  File "/home/airflow/.local/lib/python3.12/site-packages/airflow/template/templater.py", line 91, in resolve_template_files
    setattr(self, field, env.loader.get_source(env, content)[0])  # type: ignore
                         ^^^^^^^^^^^^^^^^^^^^^^^^^^^^^^^^^^^
  File "/home/airflow/.local/lib/python3.12/site-packages/jinja2/loaders.py", line 204, in get_source
    raise TemplateNotFound(template)
jinja2.exceptions.TemplateNotFound: ./ejecutar.sh
[2025-12-07T20:46:44.266+0000] {processor.py:840} INFO - DAG(s) 'flujo_etl_completo' retrieved from /opt/airflow/dags/pipeline_completo.py
[2025-12-07T20:46:44.286+0000] {logging_mixin.py:188} INFO - [2025-12-07T20:46:44.285+0000] {dag.py:3096} INFO - Sync 1 DAGs
[2025-12-07T20:46:44.304+0000] {logging_mixin.py:188} INFO - [2025-12-07T20:46:44.304+0000] {dag.py:3954} INFO - Setting next_dagrun for flujo_etl_completo to 2025-12-07 20:00:00+00:00, run_after=2025-12-07 21:00:00+00:00
[2025-12-07T20:46:44.325+0000] {processor.py:183} INFO - Processing /opt/airflow/dags/pipeline_completo.py took 0.097 seconds
[2025-12-07T20:47:14.558+0000] {processor.py:161} INFO - Started process (PID=502) to work on /opt/airflow/dags/pipeline_completo.py
[2025-12-07T20:47:14.559+0000] {processor.py:830} INFO - Processing file /opt/airflow/dags/pipeline_completo.py for tasks to queue
[2025-12-07T20:47:14.561+0000] {logging_mixin.py:188} INFO - [2025-12-07T20:47:14.561+0000] {dagbag.py:545} INFO - Filling up the DagBag from /opt/airflow/dags/pipeline_completo.py
[2025-12-07T20:47:14.588+0000] {logging_mixin.py:188} INFO - [2025-12-07T20:47:14.587+0000] {templater.py:93} ERROR - Failed to resolve template field 'command'
Traceback (most recent call last):
  File "/home/airflow/.local/lib/python3.12/site-packages/airflow/template/templater.py", line 91, in resolve_template_files
    setattr(self, field, env.loader.get_source(env, content)[0])  # type: ignore
                         ^^^^^^^^^^^^^^^^^^^^^^^^^^^^^^^^^^^
  File "/home/airflow/.local/lib/python3.12/site-packages/jinja2/loaders.py", line 204, in get_source
    raise TemplateNotFound(template)
jinja2.exceptions.TemplateNotFound: ./ejecutar.sh
[2025-12-07T20:47:14.593+0000] {processor.py:840} INFO - DAG(s) 'flujo_etl_completo' retrieved from /opt/airflow/dags/pipeline_completo.py
[2025-12-07T20:47:14.613+0000] {logging_mixin.py:188} INFO - [2025-12-07T20:47:14.613+0000] {dag.py:3096} INFO - Sync 1 DAGs
[2025-12-07T20:47:14.631+0000] {logging_mixin.py:188} INFO - [2025-12-07T20:47:14.630+0000] {dag.py:3954} INFO - Setting next_dagrun for flujo_etl_completo to 2025-12-07 20:00:00+00:00, run_after=2025-12-07 21:00:00+00:00
[2025-12-07T20:47:14.646+0000] {processor.py:183} INFO - Processing /opt/airflow/dags/pipeline_completo.py took 0.092 seconds
[2025-12-07T20:47:44.828+0000] {processor.py:161} INFO - Started process (PID=507) to work on /opt/airflow/dags/pipeline_completo.py
[2025-12-07T20:47:44.829+0000] {processor.py:830} INFO - Processing file /opt/airflow/dags/pipeline_completo.py for tasks to queue
[2025-12-07T20:47:44.831+0000] {logging_mixin.py:188} INFO - [2025-12-07T20:47:44.831+0000] {dagbag.py:545} INFO - Filling up the DagBag from /opt/airflow/dags/pipeline_completo.py
[2025-12-07T20:47:44.869+0000] {logging_mixin.py:188} INFO - [2025-12-07T20:47:44.869+0000] {templater.py:93} ERROR - Failed to resolve template field 'command'
Traceback (most recent call last):
  File "/home/airflow/.local/lib/python3.12/site-packages/airflow/template/templater.py", line 91, in resolve_template_files
    setattr(self, field, env.loader.get_source(env, content)[0])  # type: ignore
                         ^^^^^^^^^^^^^^^^^^^^^^^^^^^^^^^^^^^
  File "/home/airflow/.local/lib/python3.12/site-packages/jinja2/loaders.py", line 204, in get_source
    raise TemplateNotFound(template)
jinja2.exceptions.TemplateNotFound: ./ejecutar.sh
[2025-12-07T20:47:44.873+0000] {processor.py:840} INFO - DAG(s) 'flujo_etl_completo' retrieved from /opt/airflow/dags/pipeline_completo.py
[2025-12-07T20:47:44.894+0000] {logging_mixin.py:188} INFO - [2025-12-07T20:47:44.894+0000] {dag.py:3096} INFO - Sync 1 DAGs
[2025-12-07T20:47:44.913+0000] {logging_mixin.py:188} INFO - [2025-12-07T20:47:44.913+0000] {dag.py:3954} INFO - Setting next_dagrun for flujo_etl_completo to 2025-12-07 20:00:00+00:00, run_after=2025-12-07 21:00:00+00:00
[2025-12-07T20:47:44.931+0000] {processor.py:183} INFO - Processing /opt/airflow/dags/pipeline_completo.py took 0.109 seconds
[2025-12-07T20:48:15.103+0000] {processor.py:161} INFO - Started process (PID=512) to work on /opt/airflow/dags/pipeline_completo.py
[2025-12-07T20:48:15.104+0000] {processor.py:830} INFO - Processing file /opt/airflow/dags/pipeline_completo.py for tasks to queue
[2025-12-07T20:48:15.106+0000] {logging_mixin.py:188} INFO - [2025-12-07T20:48:15.105+0000] {dagbag.py:545} INFO - Filling up the DagBag from /opt/airflow/dags/pipeline_completo.py
[2025-12-07T20:48:15.132+0000] {logging_mixin.py:188} INFO - [2025-12-07T20:48:15.131+0000] {templater.py:93} ERROR - Failed to resolve template field 'command'
Traceback (most recent call last):
  File "/home/airflow/.local/lib/python3.12/site-packages/airflow/template/templater.py", line 91, in resolve_template_files
    setattr(self, field, env.loader.get_source(env, content)[0])  # type: ignore
                         ^^^^^^^^^^^^^^^^^^^^^^^^^^^^^^^^^^^
  File "/home/airflow/.local/lib/python3.12/site-packages/jinja2/loaders.py", line 204, in get_source
    raise TemplateNotFound(template)
jinja2.exceptions.TemplateNotFound: ./ejecutar.sh
[2025-12-07T20:48:15.136+0000] {processor.py:840} INFO - DAG(s) 'flujo_etl_completo' retrieved from /opt/airflow/dags/pipeline_completo.py
[2025-12-07T20:48:15.160+0000] {logging_mixin.py:188} INFO - [2025-12-07T20:48:15.160+0000] {dag.py:3096} INFO - Sync 1 DAGs
[2025-12-07T20:48:15.179+0000] {logging_mixin.py:188} INFO - [2025-12-07T20:48:15.179+0000] {dag.py:3954} INFO - Setting next_dagrun for flujo_etl_completo to 2025-12-07 20:00:00+00:00, run_after=2025-12-07 21:00:00+00:00
[2025-12-07T20:48:15.196+0000] {processor.py:183} INFO - Processing /opt/airflow/dags/pipeline_completo.py took 0.099 seconds
[2025-12-07T20:48:45.415+0000] {processor.py:161} INFO - Started process (PID=517) to work on /opt/airflow/dags/pipeline_completo.py
[2025-12-07T20:48:45.416+0000] {processor.py:830} INFO - Processing file /opt/airflow/dags/pipeline_completo.py for tasks to queue
[2025-12-07T20:48:45.418+0000] {logging_mixin.py:188} INFO - [2025-12-07T20:48:45.418+0000] {dagbag.py:545} INFO - Filling up the DagBag from /opt/airflow/dags/pipeline_completo.py
[2025-12-07T20:48:45.450+0000] {logging_mixin.py:188} INFO - [2025-12-07T20:48:45.449+0000] {templater.py:93} ERROR - Failed to resolve template field 'command'
Traceback (most recent call last):
  File "/home/airflow/.local/lib/python3.12/site-packages/airflow/template/templater.py", line 91, in resolve_template_files
    setattr(self, field, env.loader.get_source(env, content)[0])  # type: ignore
                         ^^^^^^^^^^^^^^^^^^^^^^^^^^^^^^^^^^^
  File "/home/airflow/.local/lib/python3.12/site-packages/jinja2/loaders.py", line 204, in get_source
    raise TemplateNotFound(template)
jinja2.exceptions.TemplateNotFound: ./ejecutar.sh
[2025-12-07T20:48:45.454+0000] {processor.py:840} INFO - DAG(s) 'flujo_etl_completo' retrieved from /opt/airflow/dags/pipeline_completo.py
[2025-12-07T20:48:45.478+0000] {logging_mixin.py:188} INFO - [2025-12-07T20:48:45.478+0000] {dag.py:3096} INFO - Sync 1 DAGs
[2025-12-07T20:48:45.498+0000] {logging_mixin.py:188} INFO - [2025-12-07T20:48:45.498+0000] {dag.py:3954} INFO - Setting next_dagrun for flujo_etl_completo to 2025-12-07 20:00:00+00:00, run_after=2025-12-07 21:00:00+00:00
[2025-12-07T20:48:45.516+0000] {processor.py:183} INFO - Processing /opt/airflow/dags/pipeline_completo.py took 0.106 seconds
[2025-12-07T20:49:15.719+0000] {processor.py:161} INFO - Started process (PID=522) to work on /opt/airflow/dags/pipeline_completo.py
[2025-12-07T20:49:15.720+0000] {processor.py:830} INFO - Processing file /opt/airflow/dags/pipeline_completo.py for tasks to queue
[2025-12-07T20:49:15.722+0000] {logging_mixin.py:188} INFO - [2025-12-07T20:49:15.722+0000] {dagbag.py:545} INFO - Filling up the DagBag from /opt/airflow/dags/pipeline_completo.py
[2025-12-07T20:49:15.744+0000] {logging_mixin.py:188} INFO - [2025-12-07T20:49:15.743+0000] {templater.py:93} ERROR - Failed to resolve template field 'command'
Traceback (most recent call last):
  File "/home/airflow/.local/lib/python3.12/site-packages/airflow/template/templater.py", line 91, in resolve_template_files
    setattr(self, field, env.loader.get_source(env, content)[0])  # type: ignore
                         ^^^^^^^^^^^^^^^^^^^^^^^^^^^^^^^^^^^
  File "/home/airflow/.local/lib/python3.12/site-packages/jinja2/loaders.py", line 204, in get_source
    raise TemplateNotFound(template)
jinja2.exceptions.TemplateNotFound: ./ejecutar.sh
[2025-12-07T20:49:15.748+0000] {processor.py:840} INFO - DAG(s) 'flujo_etl_completo' retrieved from /opt/airflow/dags/pipeline_completo.py
[2025-12-07T20:49:15.769+0000] {logging_mixin.py:188} INFO - [2025-12-07T20:49:15.769+0000] {dag.py:3096} INFO - Sync 1 DAGs
[2025-12-07T20:49:15.786+0000] {logging_mixin.py:188} INFO - [2025-12-07T20:49:15.786+0000] {dag.py:3954} INFO - Setting next_dagrun for flujo_etl_completo to 2025-12-07 20:00:00+00:00, run_after=2025-12-07 21:00:00+00:00
[2025-12-07T20:49:15.803+0000] {processor.py:183} INFO - Processing /opt/airflow/dags/pipeline_completo.py took 0.088 seconds
[2025-12-07T20:49:46.034+0000] {processor.py:161} INFO - Started process (PID=527) to work on /opt/airflow/dags/pipeline_completo.py
[2025-12-07T20:49:46.036+0000] {processor.py:830} INFO - Processing file /opt/airflow/dags/pipeline_completo.py for tasks to queue
[2025-12-07T20:49:46.037+0000] {logging_mixin.py:188} INFO - [2025-12-07T20:49:46.037+0000] {dagbag.py:545} INFO - Filling up the DagBag from /opt/airflow/dags/pipeline_completo.py
[2025-12-07T20:49:46.065+0000] {logging_mixin.py:188} INFO - [2025-12-07T20:49:46.064+0000] {templater.py:93} ERROR - Failed to resolve template field 'command'
Traceback (most recent call last):
  File "/home/airflow/.local/lib/python3.12/site-packages/airflow/template/templater.py", line 91, in resolve_template_files
    setattr(self, field, env.loader.get_source(env, content)[0])  # type: ignore
                         ^^^^^^^^^^^^^^^^^^^^^^^^^^^^^^^^^^^
  File "/home/airflow/.local/lib/python3.12/site-packages/jinja2/loaders.py", line 204, in get_source
    raise TemplateNotFound(template)
jinja2.exceptions.TemplateNotFound: ./ejecutar.sh
[2025-12-07T20:49:46.069+0000] {processor.py:840} INFO - DAG(s) 'flujo_etl_completo' retrieved from /opt/airflow/dags/pipeline_completo.py
[2025-12-07T20:49:46.089+0000] {logging_mixin.py:188} INFO - [2025-12-07T20:49:46.089+0000] {dag.py:3096} INFO - Sync 1 DAGs
[2025-12-07T20:49:46.107+0000] {logging_mixin.py:188} INFO - [2025-12-07T20:49:46.106+0000] {dag.py:3954} INFO - Setting next_dagrun for flujo_etl_completo to 2025-12-07 20:00:00+00:00, run_after=2025-12-07 21:00:00+00:00
[2025-12-07T20:49:46.124+0000] {processor.py:183} INFO - Processing /opt/airflow/dags/pipeline_completo.py took 0.095 seconds
[2025-12-07T20:50:16.392+0000] {processor.py:161} INFO - Started process (PID=532) to work on /opt/airflow/dags/pipeline_completo.py
[2025-12-07T20:50:16.401+0000] {processor.py:830} INFO - Processing file /opt/airflow/dags/pipeline_completo.py for tasks to queue
[2025-12-07T20:50:16.408+0000] {logging_mixin.py:188} INFO - [2025-12-07T20:50:16.408+0000] {dagbag.py:545} INFO - Filling up the DagBag from /opt/airflow/dags/pipeline_completo.py
[2025-12-07T20:50:16.628+0000] {logging_mixin.py:188} INFO - [2025-12-07T20:50:16.627+0000] {templater.py:93} ERROR - Failed to resolve template field 'command'
Traceback (most recent call last):
  File "/home/airflow/.local/lib/python3.12/site-packages/airflow/template/templater.py", line 91, in resolve_template_files
    setattr(self, field, env.loader.get_source(env, content)[0])  # type: ignore
                         ^^^^^^^^^^^^^^^^^^^^^^^^^^^^^^^^^^^
  File "/home/airflow/.local/lib/python3.12/site-packages/jinja2/loaders.py", line 204, in get_source
    raise TemplateNotFound(template)
jinja2.exceptions.TemplateNotFound: ./ejecutar.sh
[2025-12-07T20:50:16.637+0000] {processor.py:840} INFO - DAG(s) 'flujo_etl_completo' retrieved from /opt/airflow/dags/pipeline_completo.py
[2025-12-07T20:50:16.671+0000] {logging_mixin.py:188} INFO - [2025-12-07T20:50:16.670+0000] {dag.py:3096} INFO - Sync 1 DAGs
[2025-12-07T20:50:16.698+0000] {logging_mixin.py:188} INFO - [2025-12-07T20:50:16.697+0000] {dag.py:3954} INFO - Setting next_dagrun for flujo_etl_completo to 2025-12-07 20:00:00+00:00, run_after=2025-12-07 21:00:00+00:00
[2025-12-07T20:50:16.725+0000] {processor.py:183} INFO - Processing /opt/airflow/dags/pipeline_completo.py took 0.338 seconds
[2025-12-07T20:50:47.075+0000] {processor.py:161} INFO - Started process (PID=537) to work on /opt/airflow/dags/pipeline_completo.py
[2025-12-07T20:50:47.077+0000] {processor.py:830} INFO - Processing file /opt/airflow/dags/pipeline_completo.py for tasks to queue
[2025-12-07T20:50:47.079+0000] {logging_mixin.py:188} INFO - [2025-12-07T20:50:47.078+0000] {dagbag.py:545} INFO - Filling up the DagBag from /opt/airflow/dags/pipeline_completo.py
[2025-12-07T20:50:47.117+0000] {logging_mixin.py:188} INFO - [2025-12-07T20:50:47.116+0000] {templater.py:93} ERROR - Failed to resolve template field 'command'
Traceback (most recent call last):
  File "/home/airflow/.local/lib/python3.12/site-packages/airflow/template/templater.py", line 91, in resolve_template_files
    setattr(self, field, env.loader.get_source(env, content)[0])  # type: ignore
                         ^^^^^^^^^^^^^^^^^^^^^^^^^^^^^^^^^^^
  File "/home/airflow/.local/lib/python3.12/site-packages/jinja2/loaders.py", line 204, in get_source
    raise TemplateNotFound(template)
jinja2.exceptions.TemplateNotFound: ./ejecutar.sh
[2025-12-07T20:50:47.122+0000] {processor.py:840} INFO - DAG(s) 'flujo_etl_completo' retrieved from /opt/airflow/dags/pipeline_completo.py
[2025-12-07T20:50:47.149+0000] {logging_mixin.py:188} INFO - [2025-12-07T20:50:47.148+0000] {dag.py:3096} INFO - Sync 1 DAGs
[2025-12-07T20:50:47.177+0000] {logging_mixin.py:188} INFO - [2025-12-07T20:50:47.177+0000] {dag.py:3954} INFO - Setting next_dagrun for flujo_etl_completo to 2025-12-07 20:00:00+00:00, run_after=2025-12-07 21:00:00+00:00
[2025-12-07T20:50:47.203+0000] {processor.py:183} INFO - Processing /opt/airflow/dags/pipeline_completo.py took 0.134 seconds
[2025-12-07T20:51:17.271+0000] {processor.py:161} INFO - Started process (PID=542) to work on /opt/airflow/dags/pipeline_completo.py
[2025-12-07T20:51:17.272+0000] {processor.py:830} INFO - Processing file /opt/airflow/dags/pipeline_completo.py for tasks to queue
[2025-12-07T20:51:17.274+0000] {logging_mixin.py:188} INFO - [2025-12-07T20:51:17.274+0000] {dagbag.py:545} INFO - Filling up the DagBag from /opt/airflow/dags/pipeline_completo.py
[2025-12-07T20:51:17.302+0000] {logging_mixin.py:188} INFO - [2025-12-07T20:51:17.301+0000] {templater.py:93} ERROR - Failed to resolve template field 'command'
Traceback (most recent call last):
  File "/home/airflow/.local/lib/python3.12/site-packages/airflow/template/templater.py", line 91, in resolve_template_files
    setattr(self, field, env.loader.get_source(env, content)[0])  # type: ignore
                         ^^^^^^^^^^^^^^^^^^^^^^^^^^^^^^^^^^^
  File "/home/airflow/.local/lib/python3.12/site-packages/jinja2/loaders.py", line 204, in get_source
    raise TemplateNotFound(template)
jinja2.exceptions.TemplateNotFound: ./ejecutar.sh
[2025-12-07T20:51:17.306+0000] {processor.py:840} INFO - DAG(s) 'flujo_etl_completo' retrieved from /opt/airflow/dags/pipeline_completo.py
[2025-12-07T20:51:17.326+0000] {logging_mixin.py:188} INFO - [2025-12-07T20:51:17.326+0000] {dag.py:3096} INFO - Sync 1 DAGs
[2025-12-07T20:51:17.344+0000] {logging_mixin.py:188} INFO - [2025-12-07T20:51:17.344+0000] {dag.py:3954} INFO - Setting next_dagrun for flujo_etl_completo to 2025-12-07 20:00:00+00:00, run_after=2025-12-07 21:00:00+00:00
[2025-12-07T20:51:17.363+0000] {processor.py:183} INFO - Processing /opt/airflow/dags/pipeline_completo.py took 0.097 seconds
[2025-12-07T20:51:47.530+0000] {processor.py:161} INFO - Started process (PID=547) to work on /opt/airflow/dags/pipeline_completo.py
[2025-12-07T20:51:47.531+0000] {processor.py:830} INFO - Processing file /opt/airflow/dags/pipeline_completo.py for tasks to queue
[2025-12-07T20:51:47.532+0000] {logging_mixin.py:188} INFO - [2025-12-07T20:51:47.532+0000] {dagbag.py:545} INFO - Filling up the DagBag from /opt/airflow/dags/pipeline_completo.py
[2025-12-07T20:51:47.565+0000] {logging_mixin.py:188} INFO - [2025-12-07T20:51:47.564+0000] {templater.py:93} ERROR - Failed to resolve template field 'command'
Traceback (most recent call last):
  File "/home/airflow/.local/lib/python3.12/site-packages/airflow/template/templater.py", line 91, in resolve_template_files
    setattr(self, field, env.loader.get_source(env, content)[0])  # type: ignore
                         ^^^^^^^^^^^^^^^^^^^^^^^^^^^^^^^^^^^
  File "/home/airflow/.local/lib/python3.12/site-packages/jinja2/loaders.py", line 204, in get_source
    raise TemplateNotFound(template)
jinja2.exceptions.TemplateNotFound: ./ejecutar.sh
[2025-12-07T20:51:47.569+0000] {processor.py:840} INFO - DAG(s) 'flujo_etl_completo' retrieved from /opt/airflow/dags/pipeline_completo.py
[2025-12-07T20:51:47.590+0000] {logging_mixin.py:188} INFO - [2025-12-07T20:51:47.590+0000] {dag.py:3096} INFO - Sync 1 DAGs
[2025-12-07T20:51:47.609+0000] {logging_mixin.py:188} INFO - [2025-12-07T20:51:47.608+0000] {dag.py:3954} INFO - Setting next_dagrun for flujo_etl_completo to 2025-12-07 20:00:00+00:00, run_after=2025-12-07 21:00:00+00:00
[2025-12-07T20:51:47.625+0000] {processor.py:183} INFO - Processing /opt/airflow/dags/pipeline_completo.py took 0.101 seconds
[2025-12-07T20:52:17.909+0000] {processor.py:161} INFO - Started process (PID=552) to work on /opt/airflow/dags/pipeline_completo.py
[2025-12-07T20:52:17.911+0000] {processor.py:830} INFO - Processing file /opt/airflow/dags/pipeline_completo.py for tasks to queue
[2025-12-07T20:52:17.912+0000] {logging_mixin.py:188} INFO - [2025-12-07T20:52:17.912+0000] {dagbag.py:545} INFO - Filling up the DagBag from /opt/airflow/dags/pipeline_completo.py
[2025-12-07T20:52:17.946+0000] {logging_mixin.py:188} INFO - [2025-12-07T20:52:17.945+0000] {templater.py:93} ERROR - Failed to resolve template field 'command'
Traceback (most recent call last):
  File "/home/airflow/.local/lib/python3.12/site-packages/airflow/template/templater.py", line 91, in resolve_template_files
    setattr(self, field, env.loader.get_source(env, content)[0])  # type: ignore
                         ^^^^^^^^^^^^^^^^^^^^^^^^^^^^^^^^^^^
  File "/home/airflow/.local/lib/python3.12/site-packages/jinja2/loaders.py", line 204, in get_source
    raise TemplateNotFound(template)
jinja2.exceptions.TemplateNotFound: ./ejecutar.sh
[2025-12-07T20:52:17.950+0000] {processor.py:840} INFO - DAG(s) 'flujo_etl_completo' retrieved from /opt/airflow/dags/pipeline_completo.py
[2025-12-07T20:52:17.972+0000] {logging_mixin.py:188} INFO - [2025-12-07T20:52:17.972+0000] {dag.py:3096} INFO - Sync 1 DAGs
[2025-12-07T20:52:17.991+0000] {logging_mixin.py:188} INFO - [2025-12-07T20:52:17.991+0000] {dag.py:3954} INFO - Setting next_dagrun for flujo_etl_completo to 2025-12-07 20:00:00+00:00, run_after=2025-12-07 21:00:00+00:00
[2025-12-07T20:52:18.007+0000] {processor.py:183} INFO - Processing /opt/airflow/dags/pipeline_completo.py took 0.103 seconds
[2025-12-07T20:52:48.131+0000] {processor.py:161} INFO - Started process (PID=557) to work on /opt/airflow/dags/pipeline_completo.py
[2025-12-07T20:52:48.133+0000] {processor.py:830} INFO - Processing file /opt/airflow/dags/pipeline_completo.py for tasks to queue
[2025-12-07T20:52:48.134+0000] {logging_mixin.py:188} INFO - [2025-12-07T20:52:48.134+0000] {dagbag.py:545} INFO - Filling up the DagBag from /opt/airflow/dags/pipeline_completo.py
[2025-12-07T20:52:48.161+0000] {logging_mixin.py:188} INFO - [2025-12-07T20:52:48.160+0000] {templater.py:93} ERROR - Failed to resolve template field 'command'
Traceback (most recent call last):
  File "/home/airflow/.local/lib/python3.12/site-packages/airflow/template/templater.py", line 91, in resolve_template_files
    setattr(self, field, env.loader.get_source(env, content)[0])  # type: ignore
                         ^^^^^^^^^^^^^^^^^^^^^^^^^^^^^^^^^^^
  File "/home/airflow/.local/lib/python3.12/site-packages/jinja2/loaders.py", line 204, in get_source
    raise TemplateNotFound(template)
jinja2.exceptions.TemplateNotFound: ./ejecutar.sh
[2025-12-07T20:52:48.165+0000] {processor.py:840} INFO - DAG(s) 'flujo_etl_completo' retrieved from /opt/airflow/dags/pipeline_completo.py
[2025-12-07T20:52:48.187+0000] {logging_mixin.py:188} INFO - [2025-12-07T20:52:48.187+0000] {dag.py:3096} INFO - Sync 1 DAGs
[2025-12-07T20:52:48.205+0000] {logging_mixin.py:188} INFO - [2025-12-07T20:52:48.204+0000] {dag.py:3954} INFO - Setting next_dagrun for flujo_etl_completo to 2025-12-07 20:00:00+00:00, run_after=2025-12-07 21:00:00+00:00
[2025-12-07T20:52:48.221+0000] {processor.py:183} INFO - Processing /opt/airflow/dags/pipeline_completo.py took 0.095 seconds
[2025-12-07T20:53:18.434+0000] {processor.py:161} INFO - Started process (PID=562) to work on /opt/airflow/dags/pipeline_completo.py
[2025-12-07T20:53:18.435+0000] {processor.py:830} INFO - Processing file /opt/airflow/dags/pipeline_completo.py for tasks to queue
[2025-12-07T20:53:18.437+0000] {logging_mixin.py:188} INFO - [2025-12-07T20:53:18.437+0000] {dagbag.py:545} INFO - Filling up the DagBag from /opt/airflow/dags/pipeline_completo.py
[2025-12-07T20:53:18.461+0000] {logging_mixin.py:188} INFO - [2025-12-07T20:53:18.461+0000] {templater.py:93} ERROR - Failed to resolve template field 'command'
Traceback (most recent call last):
  File "/home/airflow/.local/lib/python3.12/site-packages/airflow/template/templater.py", line 91, in resolve_template_files
    setattr(self, field, env.loader.get_source(env, content)[0])  # type: ignore
                         ^^^^^^^^^^^^^^^^^^^^^^^^^^^^^^^^^^^
  File "/home/airflow/.local/lib/python3.12/site-packages/jinja2/loaders.py", line 204, in get_source
    raise TemplateNotFound(template)
jinja2.exceptions.TemplateNotFound: ./ejecutar.sh
[2025-12-07T20:53:18.465+0000] {processor.py:840} INFO - DAG(s) 'flujo_etl_completo' retrieved from /opt/airflow/dags/pipeline_completo.py
[2025-12-07T20:53:18.484+0000] {logging_mixin.py:188} INFO - [2025-12-07T20:53:18.484+0000] {dag.py:3096} INFO - Sync 1 DAGs
[2025-12-07T20:53:18.501+0000] {logging_mixin.py:188} INFO - [2025-12-07T20:53:18.500+0000] {dag.py:3954} INFO - Setting next_dagrun for flujo_etl_completo to 2025-12-07 20:00:00+00:00, run_after=2025-12-07 21:00:00+00:00
[2025-12-07T20:53:18.519+0000] {processor.py:183} INFO - Processing /opt/airflow/dags/pipeline_completo.py took 0.090 seconds
[2025-12-07T20:53:48.750+0000] {processor.py:161} INFO - Started process (PID=567) to work on /opt/airflow/dags/pipeline_completo.py
[2025-12-07T20:53:48.751+0000] {processor.py:830} INFO - Processing file /opt/airflow/dags/pipeline_completo.py for tasks to queue
[2025-12-07T20:53:48.752+0000] {logging_mixin.py:188} INFO - [2025-12-07T20:53:48.752+0000] {dagbag.py:545} INFO - Filling up the DagBag from /opt/airflow/dags/pipeline_completo.py
[2025-12-07T20:53:48.778+0000] {logging_mixin.py:188} INFO - [2025-12-07T20:53:48.777+0000] {templater.py:93} ERROR - Failed to resolve template field 'command'
Traceback (most recent call last):
  File "/home/airflow/.local/lib/python3.12/site-packages/airflow/template/templater.py", line 91, in resolve_template_files
    setattr(self, field, env.loader.get_source(env, content)[0])  # type: ignore
                         ^^^^^^^^^^^^^^^^^^^^^^^^^^^^^^^^^^^
  File "/home/airflow/.local/lib/python3.12/site-packages/jinja2/loaders.py", line 204, in get_source
    raise TemplateNotFound(template)
jinja2.exceptions.TemplateNotFound: ./ejecutar.sh
[2025-12-07T20:53:48.782+0000] {processor.py:840} INFO - DAG(s) 'flujo_etl_completo' retrieved from /opt/airflow/dags/pipeline_completo.py
[2025-12-07T20:53:48.804+0000] {logging_mixin.py:188} INFO - [2025-12-07T20:53:48.804+0000] {dag.py:3096} INFO - Sync 1 DAGs
[2025-12-07T20:53:48.825+0000] {logging_mixin.py:188} INFO - [2025-12-07T20:53:48.825+0000] {dag.py:3954} INFO - Setting next_dagrun for flujo_etl_completo to 2025-12-07 20:00:00+00:00, run_after=2025-12-07 21:00:00+00:00
[2025-12-07T20:53:48.847+0000] {processor.py:183} INFO - Processing /opt/airflow/dags/pipeline_completo.py took 0.102 seconds
[2025-12-07T20:54:19.122+0000] {processor.py:161} INFO - Started process (PID=572) to work on /opt/airflow/dags/pipeline_completo.py
[2025-12-07T20:54:19.123+0000] {processor.py:830} INFO - Processing file /opt/airflow/dags/pipeline_completo.py for tasks to queue
[2025-12-07T20:54:19.125+0000] {logging_mixin.py:188} INFO - [2025-12-07T20:54:19.125+0000] {dagbag.py:545} INFO - Filling up the DagBag from /opt/airflow/dags/pipeline_completo.py
[2025-12-07T20:54:19.153+0000] {logging_mixin.py:188} INFO - [2025-12-07T20:54:19.152+0000] {templater.py:93} ERROR - Failed to resolve template field 'command'
Traceback (most recent call last):
  File "/home/airflow/.local/lib/python3.12/site-packages/airflow/template/templater.py", line 91, in resolve_template_files
    setattr(self, field, env.loader.get_source(env, content)[0])  # type: ignore
                         ^^^^^^^^^^^^^^^^^^^^^^^^^^^^^^^^^^^
  File "/home/airflow/.local/lib/python3.12/site-packages/jinja2/loaders.py", line 204, in get_source
    raise TemplateNotFound(template)
jinja2.exceptions.TemplateNotFound: ./ejecutar.sh
[2025-12-07T20:54:19.157+0000] {processor.py:840} INFO - DAG(s) 'flujo_etl_completo' retrieved from /opt/airflow/dags/pipeline_completo.py
[2025-12-07T20:54:19.178+0000] {logging_mixin.py:188} INFO - [2025-12-07T20:54:19.178+0000] {dag.py:3096} INFO - Sync 1 DAGs
[2025-12-07T20:54:19.196+0000] {logging_mixin.py:188} INFO - [2025-12-07T20:54:19.195+0000] {dag.py:3954} INFO - Setting next_dagrun for flujo_etl_completo to 2025-12-07 20:00:00+00:00, run_after=2025-12-07 21:00:00+00:00
[2025-12-07T20:54:19.214+0000] {processor.py:183} INFO - Processing /opt/airflow/dags/pipeline_completo.py took 0.096 seconds
[2025-12-07T20:54:49.384+0000] {processor.py:161} INFO - Started process (PID=577) to work on /opt/airflow/dags/pipeline_completo.py
[2025-12-07T20:54:49.386+0000] {processor.py:830} INFO - Processing file /opt/airflow/dags/pipeline_completo.py for tasks to queue
[2025-12-07T20:54:49.387+0000] {logging_mixin.py:188} INFO - [2025-12-07T20:54:49.387+0000] {dagbag.py:545} INFO - Filling up the DagBag from /opt/airflow/dags/pipeline_completo.py
[2025-12-07T20:54:49.414+0000] {logging_mixin.py:188} INFO - [2025-12-07T20:54:49.413+0000] {templater.py:93} ERROR - Failed to resolve template field 'command'
Traceback (most recent call last):
  File "/home/airflow/.local/lib/python3.12/site-packages/airflow/template/templater.py", line 91, in resolve_template_files
    setattr(self, field, env.loader.get_source(env, content)[0])  # type: ignore
                         ^^^^^^^^^^^^^^^^^^^^^^^^^^^^^^^^^^^
  File "/home/airflow/.local/lib/python3.12/site-packages/jinja2/loaders.py", line 204, in get_source
    raise TemplateNotFound(template)
jinja2.exceptions.TemplateNotFound: ./ejecutar.sh
[2025-12-07T20:54:49.418+0000] {processor.py:840} INFO - DAG(s) 'flujo_etl_completo' retrieved from /opt/airflow/dags/pipeline_completo.py
[2025-12-07T20:54:49.438+0000] {logging_mixin.py:188} INFO - [2025-12-07T20:54:49.437+0000] {dag.py:3096} INFO - Sync 1 DAGs
[2025-12-07T20:54:49.455+0000] {logging_mixin.py:188} INFO - [2025-12-07T20:54:49.455+0000] {dag.py:3954} INFO - Setting next_dagrun for flujo_etl_completo to 2025-12-07 20:00:00+00:00, run_after=2025-12-07 21:00:00+00:00
[2025-12-07T20:54:49.474+0000] {processor.py:183} INFO - Processing /opt/airflow/dags/pipeline_completo.py took 0.094 seconds
[2025-12-07T20:55:19.745+0000] {processor.py:161} INFO - Started process (PID=582) to work on /opt/airflow/dags/pipeline_completo.py
[2025-12-07T20:55:19.746+0000] {processor.py:830} INFO - Processing file /opt/airflow/dags/pipeline_completo.py for tasks to queue
[2025-12-07T20:55:19.748+0000] {logging_mixin.py:188} INFO - [2025-12-07T20:55:19.748+0000] {dagbag.py:545} INFO - Filling up the DagBag from /opt/airflow/dags/pipeline_completo.py
[2025-12-07T20:55:19.774+0000] {logging_mixin.py:188} INFO - [2025-12-07T20:55:19.773+0000] {templater.py:93} ERROR - Failed to resolve template field 'command'
Traceback (most recent call last):
  File "/home/airflow/.local/lib/python3.12/site-packages/airflow/template/templater.py", line 91, in resolve_template_files
    setattr(self, field, env.loader.get_source(env, content)[0])  # type: ignore
                         ^^^^^^^^^^^^^^^^^^^^^^^^^^^^^^^^^^^
  File "/home/airflow/.local/lib/python3.12/site-packages/jinja2/loaders.py", line 204, in get_source
    raise TemplateNotFound(template)
jinja2.exceptions.TemplateNotFound: ./ejecutar.sh
[2025-12-07T20:55:19.778+0000] {processor.py:840} INFO - DAG(s) 'flujo_etl_completo' retrieved from /opt/airflow/dags/pipeline_completo.py
[2025-12-07T20:55:19.798+0000] {logging_mixin.py:188} INFO - [2025-12-07T20:55:19.798+0000] {dag.py:3096} INFO - Sync 1 DAGs
[2025-12-07T20:55:19.817+0000] {logging_mixin.py:188} INFO - [2025-12-07T20:55:19.816+0000] {dag.py:3954} INFO - Setting next_dagrun for flujo_etl_completo to 2025-12-07 20:00:00+00:00, run_after=2025-12-07 21:00:00+00:00
[2025-12-07T20:55:19.833+0000] {processor.py:183} INFO - Processing /opt/airflow/dags/pipeline_completo.py took 0.093 seconds
[2025-12-07T20:55:50.057+0000] {processor.py:161} INFO - Started process (PID=587) to work on /opt/airflow/dags/pipeline_completo.py
[2025-12-07T20:55:50.059+0000] {processor.py:830} INFO - Processing file /opt/airflow/dags/pipeline_completo.py for tasks to queue
[2025-12-07T20:55:50.061+0000] {logging_mixin.py:188} INFO - [2025-12-07T20:55:50.060+0000] {dagbag.py:545} INFO - Filling up the DagBag from /opt/airflow/dags/pipeline_completo.py
[2025-12-07T20:55:50.094+0000] {logging_mixin.py:188} INFO - [2025-12-07T20:55:50.093+0000] {templater.py:93} ERROR - Failed to resolve template field 'command'
Traceback (most recent call last):
  File "/home/airflow/.local/lib/python3.12/site-packages/airflow/template/templater.py", line 91, in resolve_template_files
    setattr(self, field, env.loader.get_source(env, content)[0])  # type: ignore
                         ^^^^^^^^^^^^^^^^^^^^^^^^^^^^^^^^^^^
  File "/home/airflow/.local/lib/python3.12/site-packages/jinja2/loaders.py", line 204, in get_source
    raise TemplateNotFound(template)
jinja2.exceptions.TemplateNotFound: ./ejecutar.sh
[2025-12-07T20:55:50.098+0000] {processor.py:840} INFO - DAG(s) 'flujo_etl_completo' retrieved from /opt/airflow/dags/pipeline_completo.py
[2025-12-07T20:55:50.120+0000] {logging_mixin.py:188} INFO - [2025-12-07T20:55:50.120+0000] {dag.py:3096} INFO - Sync 1 DAGs
[2025-12-07T20:55:50.139+0000] {logging_mixin.py:188} INFO - [2025-12-07T20:55:50.138+0000] {dag.py:3954} INFO - Setting next_dagrun for flujo_etl_completo to 2025-12-07 20:00:00+00:00, run_after=2025-12-07 21:00:00+00:00
[2025-12-07T20:55:50.158+0000] {processor.py:183} INFO - Processing /opt/airflow/dags/pipeline_completo.py took 0.106 seconds
[2025-12-07T20:56:20.387+0000] {processor.py:161} INFO - Started process (PID=592) to work on /opt/airflow/dags/pipeline_completo.py
[2025-12-07T20:56:20.389+0000] {processor.py:830} INFO - Processing file /opt/airflow/dags/pipeline_completo.py for tasks to queue
[2025-12-07T20:56:20.390+0000] {logging_mixin.py:188} INFO - [2025-12-07T20:56:20.390+0000] {dagbag.py:545} INFO - Filling up the DagBag from /opt/airflow/dags/pipeline_completo.py
[2025-12-07T20:56:20.416+0000] {logging_mixin.py:188} INFO - [2025-12-07T20:56:20.415+0000] {templater.py:93} ERROR - Failed to resolve template field 'command'
Traceback (most recent call last):
  File "/home/airflow/.local/lib/python3.12/site-packages/airflow/template/templater.py", line 91, in resolve_template_files
    setattr(self, field, env.loader.get_source(env, content)[0])  # type: ignore
                         ^^^^^^^^^^^^^^^^^^^^^^^^^^^^^^^^^^^
  File "/home/airflow/.local/lib/python3.12/site-packages/jinja2/loaders.py", line 204, in get_source
    raise TemplateNotFound(template)
jinja2.exceptions.TemplateNotFound: ./ejecutar.sh
[2025-12-07T20:56:20.420+0000] {processor.py:840} INFO - DAG(s) 'flujo_etl_completo' retrieved from /opt/airflow/dags/pipeline_completo.py
[2025-12-07T20:56:20.440+0000] {logging_mixin.py:188} INFO - [2025-12-07T20:56:20.440+0000] {dag.py:3096} INFO - Sync 1 DAGs
[2025-12-07T20:56:20.457+0000] {logging_mixin.py:188} INFO - [2025-12-07T20:56:20.457+0000] {dag.py:3954} INFO - Setting next_dagrun for flujo_etl_completo to 2025-12-07 20:00:00+00:00, run_after=2025-12-07 21:00:00+00:00
[2025-12-07T20:56:20.475+0000] {processor.py:183} INFO - Processing /opt/airflow/dags/pipeline_completo.py took 0.092 seconds
[2025-12-07T20:56:50.666+0000] {processor.py:161} INFO - Started process (PID=597) to work on /opt/airflow/dags/pipeline_completo.py
[2025-12-07T20:56:50.667+0000] {processor.py:830} INFO - Processing file /opt/airflow/dags/pipeline_completo.py for tasks to queue
[2025-12-07T20:56:50.669+0000] {logging_mixin.py:188} INFO - [2025-12-07T20:56:50.668+0000] {dagbag.py:545} INFO - Filling up the DagBag from /opt/airflow/dags/pipeline_completo.py
[2025-12-07T20:56:50.694+0000] {logging_mixin.py:188} INFO - [2025-12-07T20:56:50.693+0000] {templater.py:93} ERROR - Failed to resolve template field 'command'
Traceback (most recent call last):
  File "/home/airflow/.local/lib/python3.12/site-packages/airflow/template/templater.py", line 91, in resolve_template_files
    setattr(self, field, env.loader.get_source(env, content)[0])  # type: ignore
                         ^^^^^^^^^^^^^^^^^^^^^^^^^^^^^^^^^^^
  File "/home/airflow/.local/lib/python3.12/site-packages/jinja2/loaders.py", line 204, in get_source
    raise TemplateNotFound(template)
jinja2.exceptions.TemplateNotFound: ./ejecutar.sh
[2025-12-07T20:56:50.698+0000] {processor.py:840} INFO - DAG(s) 'flujo_etl_completo' retrieved from /opt/airflow/dags/pipeline_completo.py
[2025-12-07T20:56:50.719+0000] {logging_mixin.py:188} INFO - [2025-12-07T20:56:50.719+0000] {dag.py:3096} INFO - Sync 1 DAGs
[2025-12-07T20:56:50.737+0000] {logging_mixin.py:188} INFO - [2025-12-07T20:56:50.737+0000] {dag.py:3954} INFO - Setting next_dagrun for flujo_etl_completo to 2025-12-07 20:00:00+00:00, run_after=2025-12-07 21:00:00+00:00
[2025-12-07T20:56:50.754+0000] {processor.py:183} INFO - Processing /opt/airflow/dags/pipeline_completo.py took 0.093 seconds
[2025-12-07T20:57:21.081+0000] {processor.py:161} INFO - Started process (PID=602) to work on /opt/airflow/dags/pipeline_completo.py
[2025-12-07T20:57:21.082+0000] {processor.py:830} INFO - Processing file /opt/airflow/dags/pipeline_completo.py for tasks to queue
[2025-12-07T20:57:21.084+0000] {logging_mixin.py:188} INFO - [2025-12-07T20:57:21.083+0000] {dagbag.py:545} INFO - Filling up the DagBag from /opt/airflow/dags/pipeline_completo.py
[2025-12-07T20:57:21.110+0000] {logging_mixin.py:188} INFO - [2025-12-07T20:57:21.109+0000] {templater.py:93} ERROR - Failed to resolve template field 'command'
Traceback (most recent call last):
  File "/home/airflow/.local/lib/python3.12/site-packages/airflow/template/templater.py", line 91, in resolve_template_files
    setattr(self, field, env.loader.get_source(env, content)[0])  # type: ignore
                         ^^^^^^^^^^^^^^^^^^^^^^^^^^^^^^^^^^^
  File "/home/airflow/.local/lib/python3.12/site-packages/jinja2/loaders.py", line 204, in get_source
    raise TemplateNotFound(template)
jinja2.exceptions.TemplateNotFound: ./ejecutar.sh
[2025-12-07T20:57:21.114+0000] {processor.py:840} INFO - DAG(s) 'flujo_etl_completo' retrieved from /opt/airflow/dags/pipeline_completo.py
[2025-12-07T20:57:21.135+0000] {logging_mixin.py:188} INFO - [2025-12-07T20:57:21.135+0000] {dag.py:3096} INFO - Sync 1 DAGs
[2025-12-07T20:57:21.154+0000] {logging_mixin.py:188} INFO - [2025-12-07T20:57:21.154+0000] {dag.py:3954} INFO - Setting next_dagrun for flujo_etl_completo to 2025-12-07 20:00:00+00:00, run_after=2025-12-07 21:00:00+00:00
[2025-12-07T20:57:21.177+0000] {processor.py:183} INFO - Processing /opt/airflow/dags/pipeline_completo.py took 0.101 seconds
[2025-12-07T21:04:32.245+0000] {processor.py:161} INFO - Started process (PID=168) to work on /opt/airflow/dags/pipeline_completo.py
[2025-12-07T21:04:32.248+0000] {processor.py:830} INFO - Processing file /opt/airflow/dags/pipeline_completo.py for tasks to queue
[2025-12-07T21:04:32.259+0000] {logging_mixin.py:188} INFO - [2025-12-07T21:04:32.258+0000] {dagbag.py:545} INFO - Filling up the DagBag from /opt/airflow/dags/pipeline_completo.py
[2025-12-07T21:04:32.325+0000] {logging_mixin.py:188} INFO - [2025-12-07T21:04:32.323+0000] {templater.py:93} ERROR - Failed to resolve template field 'command'
Traceback (most recent call last):
  File "/home/airflow/.local/lib/python3.12/site-packages/airflow/template/templater.py", line 91, in resolve_template_files
    setattr(self, field, env.loader.get_source(env, content)[0])  # type: ignore
                         ^^^^^^^^^^^^^^^^^^^^^^^^^^^^^^^^^^^
  File "/home/airflow/.local/lib/python3.12/site-packages/jinja2/loaders.py", line 204, in get_source
    raise TemplateNotFound(template)
jinja2.exceptions.TemplateNotFound: ./ejecutar.sh
[2025-12-07T21:04:32.344+0000] {processor.py:840} INFO - DAG(s) 'flujo_etl_completo' retrieved from /opt/airflow/dags/pipeline_completo.py
[2025-12-07T21:04:32.769+0000] {logging_mixin.py:188} INFO - [2025-12-07T21:04:32.768+0000] {override.py:1829} INFO - Created Permission View: can delete on DAG:flujo_etl_completo
[2025-12-07T21:04:32.784+0000] {logging_mixin.py:188} INFO - [2025-12-07T21:04:32.784+0000] {override.py:1829} INFO - Created Permission View: can read on DAG:flujo_etl_completo
[2025-12-07T21:04:32.796+0000] {logging_mixin.py:188} INFO - [2025-12-07T21:04:32.796+0000] {override.py:1829} INFO - Created Permission View: can edit on DAG:flujo_etl_completo
[2025-12-07T21:04:32.798+0000] {logging_mixin.py:188} INFO - [2025-12-07T21:04:32.797+0000] {dag.py:3096} INFO - Sync 1 DAGs
[2025-12-07T21:04:32.815+0000] {logging_mixin.py:188} INFO - [2025-12-07T21:04:32.814+0000] {dag.py:3118} INFO - Creating ORM DAG for flujo_etl_completo
[2025-12-07T21:04:32.837+0000] {logging_mixin.py:188} INFO - [2025-12-07T21:04:32.837+0000] {dag.py:3954} INFO - Setting next_dagrun for flujo_etl_completo to 2025-12-07 20:00:00+00:00, run_after=2025-12-07 21:00:00+00:00
[2025-12-07T21:04:32.883+0000] {processor.py:183} INFO - Processing /opt/airflow/dags/pipeline_completo.py took 0.654 seconds
[2025-12-07T21:05:03.927+0000] {processor.py:161} INFO - Started process (PID=181) to work on /opt/airflow/dags/pipeline_completo.py
[2025-12-07T21:05:03.953+0000] {processor.py:830} INFO - Processing file /opt/airflow/dags/pipeline_completo.py for tasks to queue
[2025-12-07T21:05:03.974+0000] {logging_mixin.py:188} INFO - [2025-12-07T21:05:03.972+0000] {dagbag.py:545} INFO - Filling up the DagBag from /opt/airflow/dags/pipeline_completo.py
[2025-12-07T21:05:04.610+0000] {logging_mixin.py:188} INFO - [2025-12-07T21:05:04.606+0000] {templater.py:93} ERROR - Failed to resolve template field 'command'
Traceback (most recent call last):
  File "/home/airflow/.local/lib/python3.12/site-packages/airflow/template/templater.py", line 91, in resolve_template_files
    setattr(self, field, env.loader.get_source(env, content)[0])  # type: ignore
                         ^^^^^^^^^^^^^^^^^^^^^^^^^^^^^^^^^^^
  File "/home/airflow/.local/lib/python3.12/site-packages/jinja2/loaders.py", line 204, in get_source
    raise TemplateNotFound(template)
jinja2.exceptions.TemplateNotFound: ./ejecutar.sh
[2025-12-07T21:05:04.637+0000] {processor.py:840} INFO - DAG(s) 'flujo_etl_completo' retrieved from /opt/airflow/dags/pipeline_completo.py
[2025-12-07T21:05:04.842+0000] {logging_mixin.py:188} INFO - [2025-12-07T21:05:04.841+0000] {dag.py:3096} INFO - Sync 1 DAGs
[2025-12-07T21:05:05.017+0000] {logging_mixin.py:188} INFO - [2025-12-07T21:05:05.016+0000] {dag.py:3954} INFO - Setting next_dagrun for flujo_etl_completo to 2025-12-07 21:00:00+00:00, run_after=2025-12-07 22:00:00+00:00
[2025-12-07T21:05:05.202+0000] {processor.py:183} INFO - Processing /opt/airflow/dags/pipeline_completo.py took 1.408 seconds
[2025-12-07T21:05:35.907+0000] {processor.py:161} INFO - Started process (PID=186) to work on /opt/airflow/dags/pipeline_completo.py
[2025-12-07T21:05:35.909+0000] {processor.py:830} INFO - Processing file /opt/airflow/dags/pipeline_completo.py for tasks to queue
[2025-12-07T21:05:35.914+0000] {logging_mixin.py:188} INFO - [2025-12-07T21:05:35.912+0000] {dagbag.py:545} INFO - Filling up the DagBag from /opt/airflow/dags/pipeline_completo.py
[2025-12-07T21:05:36.014+0000] {logging_mixin.py:188} INFO - [2025-12-07T21:05:36.011+0000] {templater.py:93} ERROR - Failed to resolve template field 'command'
Traceback (most recent call last):
  File "/home/airflow/.local/lib/python3.12/site-packages/airflow/template/templater.py", line 91, in resolve_template_files
    setattr(self, field, env.loader.get_source(env, content)[0])  # type: ignore
                         ^^^^^^^^^^^^^^^^^^^^^^^^^^^^^^^^^^^
  File "/home/airflow/.local/lib/python3.12/site-packages/jinja2/loaders.py", line 204, in get_source
    raise TemplateNotFound(template)
jinja2.exceptions.TemplateNotFound: ./ejecutar.sh
[2025-12-07T21:05:36.025+0000] {processor.py:840} INFO - DAG(s) 'flujo_etl_completo' retrieved from /opt/airflow/dags/pipeline_completo.py
[2025-12-07T21:05:36.074+0000] {logging_mixin.py:188} INFO - [2025-12-07T21:05:36.074+0000] {dag.py:3096} INFO - Sync 1 DAGs
[2025-12-07T21:05:36.112+0000] {logging_mixin.py:188} INFO - [2025-12-07T21:05:36.112+0000] {dag.py:3954} INFO - Setting next_dagrun for flujo_etl_completo to 2025-12-07 21:00:00+00:00, run_after=2025-12-07 22:00:00+00:00
[2025-12-07T21:05:36.144+0000] {processor.py:183} INFO - Processing /opt/airflow/dags/pipeline_completo.py took 0.246 seconds
[2025-12-07T21:06:07.065+0000] {processor.py:161} INFO - Started process (PID=191) to work on /opt/airflow/dags/pipeline_completo.py
[2025-12-07T21:06:07.071+0000] {processor.py:830} INFO - Processing file /opt/airflow/dags/pipeline_completo.py for tasks to queue
[2025-12-07T21:06:07.080+0000] {logging_mixin.py:188} INFO - [2025-12-07T21:06:07.077+0000] {dagbag.py:545} INFO - Filling up the DagBag from /opt/airflow/dags/pipeline_completo.py
[2025-12-07T21:06:07.201+0000] {logging_mixin.py:188} INFO - [2025-12-07T21:06:07.195+0000] {templater.py:93} ERROR - Failed to resolve template field 'command'
Traceback (most recent call last):
  File "/home/airflow/.local/lib/python3.12/site-packages/airflow/template/templater.py", line 91, in resolve_template_files
    setattr(self, field, env.loader.get_source(env, content)[0])  # type: ignore
                         ^^^^^^^^^^^^^^^^^^^^^^^^^^^^^^^^^^^
  File "/home/airflow/.local/lib/python3.12/site-packages/jinja2/loaders.py", line 204, in get_source
    raise TemplateNotFound(template)
jinja2.exceptions.TemplateNotFound: ./ejecutar.sh
[2025-12-07T21:06:07.221+0000] {processor.py:840} INFO - DAG(s) 'flujo_etl_completo' retrieved from /opt/airflow/dags/pipeline_completo.py
[2025-12-07T21:06:07.288+0000] {logging_mixin.py:188} INFO - [2025-12-07T21:06:07.288+0000] {dag.py:3096} INFO - Sync 1 DAGs
[2025-12-07T21:06:07.387+0000] {logging_mixin.py:188} INFO - [2025-12-07T21:06:07.386+0000] {dag.py:3954} INFO - Setting next_dagrun for flujo_etl_completo to 2025-12-07 21:00:00+00:00, run_after=2025-12-07 22:00:00+00:00
[2025-12-07T21:06:07.445+0000] {processor.py:183} INFO - Processing /opt/airflow/dags/pipeline_completo.py took 0.392 seconds
[2025-12-07T21:06:38.141+0000] {processor.py:161} INFO - Started process (PID=196) to work on /opt/airflow/dags/pipeline_completo.py
[2025-12-07T21:06:38.144+0000] {processor.py:830} INFO - Processing file /opt/airflow/dags/pipeline_completo.py for tasks to queue
[2025-12-07T21:06:38.154+0000] {logging_mixin.py:188} INFO - [2025-12-07T21:06:38.153+0000] {dagbag.py:545} INFO - Filling up the DagBag from /opt/airflow/dags/pipeline_completo.py
[2025-12-07T21:06:38.237+0000] {logging_mixin.py:188} INFO - [2025-12-07T21:06:38.233+0000] {templater.py:93} ERROR - Failed to resolve template field 'command'
Traceback (most recent call last):
  File "/home/airflow/.local/lib/python3.12/site-packages/airflow/template/templater.py", line 91, in resolve_template_files
    setattr(self, field, env.loader.get_source(env, content)[0])  # type: ignore
                         ^^^^^^^^^^^^^^^^^^^^^^^^^^^^^^^^^^^
  File "/home/airflow/.local/lib/python3.12/site-packages/jinja2/loaders.py", line 204, in get_source
    raise TemplateNotFound(template)
jinja2.exceptions.TemplateNotFound: ./ejecutar.sh
[2025-12-07T21:06:38.253+0000] {processor.py:840} INFO - DAG(s) 'flujo_etl_completo' retrieved from /opt/airflow/dags/pipeline_completo.py
[2025-12-07T21:06:38.325+0000] {logging_mixin.py:188} INFO - [2025-12-07T21:06:38.323+0000] {dag.py:3096} INFO - Sync 1 DAGs
[2025-12-07T21:06:38.386+0000] {logging_mixin.py:188} INFO - [2025-12-07T21:06:38.386+0000] {dag.py:3954} INFO - Setting next_dagrun for flujo_etl_completo to 2025-12-07 21:00:00+00:00, run_after=2025-12-07 22:00:00+00:00
[2025-12-07T21:06:38.449+0000] {processor.py:183} INFO - Processing /opt/airflow/dags/pipeline_completo.py took 0.325 seconds
[2025-12-07T21:07:08.636+0000] {processor.py:161} INFO - Started process (PID=203) to work on /opt/airflow/dags/pipeline_completo.py
[2025-12-07T21:07:08.638+0000] {processor.py:830} INFO - Processing file /opt/airflow/dags/pipeline_completo.py for tasks to queue
[2025-12-07T21:07:08.641+0000] {logging_mixin.py:188} INFO - [2025-12-07T21:07:08.641+0000] {dagbag.py:545} INFO - Filling up the DagBag from /opt/airflow/dags/pipeline_completo.py
[2025-12-07T21:07:08.691+0000] {logging_mixin.py:188} INFO - [2025-12-07T21:07:08.690+0000] {templater.py:93} ERROR - Failed to resolve template field 'command'
Traceback (most recent call last):
  File "/home/airflow/.local/lib/python3.12/site-packages/airflow/template/templater.py", line 91, in resolve_template_files
    setattr(self, field, env.loader.get_source(env, content)[0])  # type: ignore
                         ^^^^^^^^^^^^^^^^^^^^^^^^^^^^^^^^^^^
  File "/home/airflow/.local/lib/python3.12/site-packages/jinja2/loaders.py", line 204, in get_source
    raise TemplateNotFound(template)
jinja2.exceptions.TemplateNotFound: ./ejecutar.sh
[2025-12-07T21:07:08.697+0000] {processor.py:840} INFO - DAG(s) 'flujo_etl_completo' retrieved from /opt/airflow/dags/pipeline_completo.py
[2025-12-07T21:07:08.731+0000] {logging_mixin.py:188} INFO - [2025-12-07T21:07:08.731+0000] {dag.py:3096} INFO - Sync 1 DAGs
[2025-12-07T21:07:08.760+0000] {logging_mixin.py:188} INFO - [2025-12-07T21:07:08.760+0000] {dag.py:3954} INFO - Setting next_dagrun for flujo_etl_completo to 2025-12-07 21:00:00+00:00, run_after=2025-12-07 22:00:00+00:00
[2025-12-07T21:07:08.790+0000] {processor.py:183} INFO - Processing /opt/airflow/dags/pipeline_completo.py took 0.160 seconds
[2025-12-07T21:07:39.254+0000] {processor.py:161} INFO - Started process (PID=208) to work on /opt/airflow/dags/pipeline_completo.py
[2025-12-07T21:07:39.258+0000] {processor.py:830} INFO - Processing file /opt/airflow/dags/pipeline_completo.py for tasks to queue
[2025-12-07T21:07:39.263+0000] {logging_mixin.py:188} INFO - [2025-12-07T21:07:39.262+0000] {dagbag.py:545} INFO - Filling up the DagBag from /opt/airflow/dags/pipeline_completo.py
[2025-12-07T21:07:39.310+0000] {logging_mixin.py:188} INFO - [2025-12-07T21:07:39.308+0000] {templater.py:93} ERROR - Failed to resolve template field 'command'
Traceback (most recent call last):
  File "/home/airflow/.local/lib/python3.12/site-packages/airflow/template/templater.py", line 91, in resolve_template_files
    setattr(self, field, env.loader.get_source(env, content)[0])  # type: ignore
                         ^^^^^^^^^^^^^^^^^^^^^^^^^^^^^^^^^^^
  File "/home/airflow/.local/lib/python3.12/site-packages/jinja2/loaders.py", line 204, in get_source
    raise TemplateNotFound(template)
jinja2.exceptions.TemplateNotFound: ./ejecutar.sh
[2025-12-07T21:07:39.317+0000] {processor.py:840} INFO - DAG(s) 'flujo_etl_completo' retrieved from /opt/airflow/dags/pipeline_completo.py
[2025-12-07T21:07:39.355+0000] {logging_mixin.py:188} INFO - [2025-12-07T21:07:39.355+0000] {dag.py:3096} INFO - Sync 1 DAGs
[2025-12-07T21:07:39.384+0000] {logging_mixin.py:188} INFO - [2025-12-07T21:07:39.384+0000] {dag.py:3954} INFO - Setting next_dagrun for flujo_etl_completo to 2025-12-07 21:00:00+00:00, run_after=2025-12-07 22:00:00+00:00
[2025-12-07T21:07:39.416+0000] {processor.py:183} INFO - Processing /opt/airflow/dags/pipeline_completo.py took 0.171 seconds
[2025-12-07T21:08:09.618+0000] {processor.py:161} INFO - Started process (PID=213) to work on /opt/airflow/dags/pipeline_completo.py
[2025-12-07T21:08:09.619+0000] {processor.py:830} INFO - Processing file /opt/airflow/dags/pipeline_completo.py for tasks to queue
[2025-12-07T21:08:09.621+0000] {logging_mixin.py:188} INFO - [2025-12-07T21:08:09.620+0000] {dagbag.py:545} INFO - Filling up the DagBag from /opt/airflow/dags/pipeline_completo.py
[2025-12-07T21:08:09.663+0000] {logging_mixin.py:188} INFO - [2025-12-07T21:08:09.662+0000] {templater.py:93} ERROR - Failed to resolve template field 'command'
Traceback (most recent call last):
  File "/home/airflow/.local/lib/python3.12/site-packages/airflow/template/templater.py", line 91, in resolve_template_files
    setattr(self, field, env.loader.get_source(env, content)[0])  # type: ignore
                         ^^^^^^^^^^^^^^^^^^^^^^^^^^^^^^^^^^^
  File "/home/airflow/.local/lib/python3.12/site-packages/jinja2/loaders.py", line 204, in get_source
    raise TemplateNotFound(template)
jinja2.exceptions.TemplateNotFound: ./ejecutar.sh
[2025-12-07T21:08:09.667+0000] {processor.py:840} INFO - DAG(s) 'flujo_etl_completo' retrieved from /opt/airflow/dags/pipeline_completo.py
[2025-12-07T21:08:09.701+0000] {logging_mixin.py:188} INFO - [2025-12-07T21:08:09.700+0000] {dag.py:3096} INFO - Sync 1 DAGs
[2025-12-07T21:08:09.725+0000] {logging_mixin.py:188} INFO - [2025-12-07T21:08:09.725+0000] {dag.py:3954} INFO - Setting next_dagrun for flujo_etl_completo to 2025-12-07 21:00:00+00:00, run_after=2025-12-07 22:00:00+00:00
[2025-12-07T21:08:09.746+0000] {processor.py:183} INFO - Processing /opt/airflow/dags/pipeline_completo.py took 0.133 seconds
[2025-12-07T21:08:40.147+0000] {processor.py:161} INFO - Started process (PID=218) to work on /opt/airflow/dags/pipeline_completo.py
[2025-12-07T21:08:40.148+0000] {processor.py:830} INFO - Processing file /opt/airflow/dags/pipeline_completo.py for tasks to queue
[2025-12-07T21:08:40.150+0000] {logging_mixin.py:188} INFO - [2025-12-07T21:08:40.149+0000] {dagbag.py:545} INFO - Filling up the DagBag from /opt/airflow/dags/pipeline_completo.py
[2025-12-07T21:08:40.178+0000] {logging_mixin.py:188} INFO - [2025-12-07T21:08:40.176+0000] {templater.py:93} ERROR - Failed to resolve template field 'command'
Traceback (most recent call last):
  File "/home/airflow/.local/lib/python3.12/site-packages/airflow/template/templater.py", line 91, in resolve_template_files
    setattr(self, field, env.loader.get_source(env, content)[0])  # type: ignore
                         ^^^^^^^^^^^^^^^^^^^^^^^^^^^^^^^^^^^
  File "/home/airflow/.local/lib/python3.12/site-packages/jinja2/loaders.py", line 204, in get_source
    raise TemplateNotFound(template)
jinja2.exceptions.TemplateNotFound: ./ejecutar.sh
[2025-12-07T21:08:40.182+0000] {processor.py:840} INFO - DAG(s) 'flujo_etl_completo' retrieved from /opt/airflow/dags/pipeline_completo.py
[2025-12-07T21:08:40.207+0000] {logging_mixin.py:188} INFO - [2025-12-07T21:08:40.206+0000] {dag.py:3096} INFO - Sync 1 DAGs
[2025-12-07T21:08:40.229+0000] {logging_mixin.py:188} INFO - [2025-12-07T21:08:40.229+0000] {dag.py:3954} INFO - Setting next_dagrun for flujo_etl_completo to 2025-12-07 21:00:00+00:00, run_after=2025-12-07 22:00:00+00:00
[2025-12-07T21:08:40.249+0000] {processor.py:183} INFO - Processing /opt/airflow/dags/pipeline_completo.py took 0.108 seconds
[2025-12-07T21:09:10.485+0000] {processor.py:161} INFO - Started process (PID=223) to work on /opt/airflow/dags/pipeline_completo.py
[2025-12-07T21:09:10.486+0000] {processor.py:830} INFO - Processing file /opt/airflow/dags/pipeline_completo.py for tasks to queue
[2025-12-07T21:09:10.488+0000] {logging_mixin.py:188} INFO - [2025-12-07T21:09:10.488+0000] {dagbag.py:545} INFO - Filling up the DagBag from /opt/airflow/dags/pipeline_completo.py
[2025-12-07T21:09:10.519+0000] {logging_mixin.py:188} INFO - [2025-12-07T21:09:10.518+0000] {templater.py:93} ERROR - Failed to resolve template field 'command'
Traceback (most recent call last):
  File "/home/airflow/.local/lib/python3.12/site-packages/airflow/template/templater.py", line 91, in resolve_template_files
    setattr(self, field, env.loader.get_source(env, content)[0])  # type: ignore
                         ^^^^^^^^^^^^^^^^^^^^^^^^^^^^^^^^^^^
  File "/home/airflow/.local/lib/python3.12/site-packages/jinja2/loaders.py", line 204, in get_source
    raise TemplateNotFound(template)
jinja2.exceptions.TemplateNotFound: ./ejecutar.sh
[2025-12-07T21:09:10.523+0000] {processor.py:840} INFO - DAG(s) 'flujo_etl_completo' retrieved from /opt/airflow/dags/pipeline_completo.py
[2025-12-07T21:09:10.542+0000] {logging_mixin.py:188} INFO - [2025-12-07T21:09:10.542+0000] {dag.py:3096} INFO - Sync 1 DAGs
[2025-12-07T21:09:10.560+0000] {logging_mixin.py:188} INFO - [2025-12-07T21:09:10.560+0000] {dag.py:3954} INFO - Setting next_dagrun for flujo_etl_completo to 2025-12-07 21:00:00+00:00, run_after=2025-12-07 22:00:00+00:00
[2025-12-07T21:09:10.577+0000] {processor.py:183} INFO - Processing /opt/airflow/dags/pipeline_completo.py took 0.097 seconds
[2025-12-07T21:09:40.964+0000] {processor.py:161} INFO - Started process (PID=228) to work on /opt/airflow/dags/pipeline_completo.py
[2025-12-07T21:09:40.966+0000] {processor.py:830} INFO - Processing file /opt/airflow/dags/pipeline_completo.py for tasks to queue
[2025-12-07T21:09:40.969+0000] {logging_mixin.py:188} INFO - [2025-12-07T21:09:40.969+0000] {dagbag.py:545} INFO - Filling up the DagBag from /opt/airflow/dags/pipeline_completo.py
[2025-12-07T21:09:41.009+0000] {logging_mixin.py:188} INFO - [2025-12-07T21:09:41.008+0000] {templater.py:93} ERROR - Failed to resolve template field 'command'
Traceback (most recent call last):
  File "/home/airflow/.local/lib/python3.12/site-packages/airflow/template/templater.py", line 91, in resolve_template_files
    setattr(self, field, env.loader.get_source(env, content)[0])  # type: ignore
                         ^^^^^^^^^^^^^^^^^^^^^^^^^^^^^^^^^^^
  File "/home/airflow/.local/lib/python3.12/site-packages/jinja2/loaders.py", line 204, in get_source
    raise TemplateNotFound(template)
jinja2.exceptions.TemplateNotFound: ./ejecutar.sh
[2025-12-07T21:09:41.013+0000] {processor.py:840} INFO - DAG(s) 'flujo_etl_completo' retrieved from /opt/airflow/dags/pipeline_completo.py
[2025-12-07T21:09:41.037+0000] {logging_mixin.py:188} INFO - [2025-12-07T21:09:41.037+0000] {dag.py:3096} INFO - Sync 1 DAGs
[2025-12-07T21:09:41.058+0000] {logging_mixin.py:188} INFO - [2025-12-07T21:09:41.057+0000] {dag.py:3954} INFO - Setting next_dagrun for flujo_etl_completo to 2025-12-07 21:00:00+00:00, run_after=2025-12-07 22:00:00+00:00
[2025-12-07T21:09:41.081+0000] {processor.py:183} INFO - Processing /opt/airflow/dags/pipeline_completo.py took 0.121 seconds
[2025-12-07T21:10:11.541+0000] {processor.py:161} INFO - Started process (PID=233) to work on /opt/airflow/dags/pipeline_completo.py
[2025-12-07T21:10:11.543+0000] {processor.py:830} INFO - Processing file /opt/airflow/dags/pipeline_completo.py for tasks to queue
[2025-12-07T21:10:11.547+0000] {logging_mixin.py:188} INFO - [2025-12-07T21:10:11.546+0000] {dagbag.py:545} INFO - Filling up the DagBag from /opt/airflow/dags/pipeline_completo.py
[2025-12-07T21:10:11.589+0000] {logging_mixin.py:188} INFO - [2025-12-07T21:10:11.588+0000] {templater.py:93} ERROR - Failed to resolve template field 'command'
Traceback (most recent call last):
  File "/home/airflow/.local/lib/python3.12/site-packages/airflow/template/templater.py", line 91, in resolve_template_files
    setattr(self, field, env.loader.get_source(env, content)[0])  # type: ignore
                         ^^^^^^^^^^^^^^^^^^^^^^^^^^^^^^^^^^^
  File "/home/airflow/.local/lib/python3.12/site-packages/jinja2/loaders.py", line 204, in get_source
    raise TemplateNotFound(template)
jinja2.exceptions.TemplateNotFound: ./ejecutar.sh
[2025-12-07T21:10:11.595+0000] {processor.py:840} INFO - DAG(s) 'flujo_etl_completo' retrieved from /opt/airflow/dags/pipeline_completo.py
[2025-12-07T21:10:11.624+0000] {logging_mixin.py:188} INFO - [2025-12-07T21:10:11.624+0000] {dag.py:3096} INFO - Sync 1 DAGs
[2025-12-07T21:10:11.661+0000] {logging_mixin.py:188} INFO - [2025-12-07T21:10:11.660+0000] {dag.py:3954} INFO - Setting next_dagrun for flujo_etl_completo to 2025-12-07 21:00:00+00:00, run_after=2025-12-07 22:00:00+00:00
[2025-12-07T21:10:11.685+0000] {processor.py:183} INFO - Processing /opt/airflow/dags/pipeline_completo.py took 0.152 seconds
[2025-12-07T21:10:41.846+0000] {processor.py:161} INFO - Started process (PID=238) to work on /opt/airflow/dags/pipeline_completo.py
[2025-12-07T21:10:41.847+0000] {processor.py:830} INFO - Processing file /opt/airflow/dags/pipeline_completo.py for tasks to queue
[2025-12-07T21:10:41.850+0000] {logging_mixin.py:188} INFO - [2025-12-07T21:10:41.849+0000] {dagbag.py:545} INFO - Filling up the DagBag from /opt/airflow/dags/pipeline_completo.py
[2025-12-07T21:10:41.875+0000] {logging_mixin.py:188} INFO - [2025-12-07T21:10:41.874+0000] {templater.py:93} ERROR - Failed to resolve template field 'command'
Traceback (most recent call last):
  File "/home/airflow/.local/lib/python3.12/site-packages/airflow/template/templater.py", line 91, in resolve_template_files
    setattr(self, field, env.loader.get_source(env, content)[0])  # type: ignore
                         ^^^^^^^^^^^^^^^^^^^^^^^^^^^^^^^^^^^
  File "/home/airflow/.local/lib/python3.12/site-packages/jinja2/loaders.py", line 204, in get_source
    raise TemplateNotFound(template)
jinja2.exceptions.TemplateNotFound: ./ejecutar.sh
[2025-12-07T21:10:41.879+0000] {processor.py:840} INFO - DAG(s) 'flujo_etl_completo' retrieved from /opt/airflow/dags/pipeline_completo.py
[2025-12-07T21:10:41.902+0000] {logging_mixin.py:188} INFO - [2025-12-07T21:10:41.902+0000] {dag.py:3096} INFO - Sync 1 DAGs
[2025-12-07T21:10:41.920+0000] {logging_mixin.py:188} INFO - [2025-12-07T21:10:41.920+0000] {dag.py:3954} INFO - Setting next_dagrun for flujo_etl_completo to 2025-12-07 21:00:00+00:00, run_after=2025-12-07 22:00:00+00:00
[2025-12-07T21:10:41.938+0000] {processor.py:183} INFO - Processing /opt/airflow/dags/pipeline_completo.py took 0.100 seconds
[2025-12-07T21:11:12.091+0000] {processor.py:161} INFO - Started process (PID=243) to work on /opt/airflow/dags/pipeline_completo.py
[2025-12-07T21:11:12.093+0000] {processor.py:830} INFO - Processing file /opt/airflow/dags/pipeline_completo.py for tasks to queue
[2025-12-07T21:11:12.094+0000] {logging_mixin.py:188} INFO - [2025-12-07T21:11:12.094+0000] {dagbag.py:545} INFO - Filling up the DagBag from /opt/airflow/dags/pipeline_completo.py
[2025-12-07T21:11:12.123+0000] {logging_mixin.py:188} INFO - [2025-12-07T21:11:12.122+0000] {templater.py:93} ERROR - Failed to resolve template field 'command'
Traceback (most recent call last):
  File "/home/airflow/.local/lib/python3.12/site-packages/airflow/template/templater.py", line 91, in resolve_template_files
    setattr(self, field, env.loader.get_source(env, content)[0])  # type: ignore
                         ^^^^^^^^^^^^^^^^^^^^^^^^^^^^^^^^^^^
  File "/home/airflow/.local/lib/python3.12/site-packages/jinja2/loaders.py", line 204, in get_source
    raise TemplateNotFound(template)
jinja2.exceptions.TemplateNotFound: ./ejecutar.sh
[2025-12-07T21:11:12.126+0000] {processor.py:840} INFO - DAG(s) 'flujo_etl_completo' retrieved from /opt/airflow/dags/pipeline_completo.py
[2025-12-07T21:11:12.146+0000] {logging_mixin.py:188} INFO - [2025-12-07T21:11:12.146+0000] {dag.py:3096} INFO - Sync 1 DAGs
[2025-12-07T21:11:12.164+0000] {logging_mixin.py:188} INFO - [2025-12-07T21:11:12.164+0000] {dag.py:3954} INFO - Setting next_dagrun for flujo_etl_completo to 2025-12-07 21:00:00+00:00, run_after=2025-12-07 22:00:00+00:00
[2025-12-07T21:11:12.183+0000] {processor.py:183} INFO - Processing /opt/airflow/dags/pipeline_completo.py took 0.097 seconds
[2025-12-07T21:11:42.526+0000] {processor.py:161} INFO - Started process (PID=248) to work on /opt/airflow/dags/pipeline_completo.py
[2025-12-07T21:11:42.527+0000] {processor.py:830} INFO - Processing file /opt/airflow/dags/pipeline_completo.py for tasks to queue
[2025-12-07T21:11:42.528+0000] {logging_mixin.py:188} INFO - [2025-12-07T21:11:42.528+0000] {dagbag.py:545} INFO - Filling up the DagBag from /opt/airflow/dags/pipeline_completo.py
[2025-12-07T21:11:42.555+0000] {logging_mixin.py:188} INFO - [2025-12-07T21:11:42.554+0000] {templater.py:93} ERROR - Failed to resolve template field 'command'
Traceback (most recent call last):
  File "/home/airflow/.local/lib/python3.12/site-packages/airflow/template/templater.py", line 91, in resolve_template_files
    setattr(self, field, env.loader.get_source(env, content)[0])  # type: ignore
                         ^^^^^^^^^^^^^^^^^^^^^^^^^^^^^^^^^^^
  File "/home/airflow/.local/lib/python3.12/site-packages/jinja2/loaders.py", line 204, in get_source
    raise TemplateNotFound(template)
jinja2.exceptions.TemplateNotFound: ./ejecutar.sh
[2025-12-07T21:11:42.558+0000] {processor.py:840} INFO - DAG(s) 'flujo_etl_completo' retrieved from /opt/airflow/dags/pipeline_completo.py
[2025-12-07T21:11:42.576+0000] {logging_mixin.py:188} INFO - [2025-12-07T21:11:42.576+0000] {dag.py:3096} INFO - Sync 1 DAGs
[2025-12-07T21:11:42.596+0000] {logging_mixin.py:188} INFO - [2025-12-07T21:11:42.596+0000] {dag.py:3954} INFO - Setting next_dagrun for flujo_etl_completo to 2025-12-07 21:00:00+00:00, run_after=2025-12-07 22:00:00+00:00
[2025-12-07T21:11:42.643+0000] {processor.py:183} INFO - Processing /opt/airflow/dags/pipeline_completo.py took 0.121 seconds
[2025-12-07T21:12:12.825+0000] {processor.py:161} INFO - Started process (PID=253) to work on /opt/airflow/dags/pipeline_completo.py
[2025-12-07T21:12:12.827+0000] {processor.py:830} INFO - Processing file /opt/airflow/dags/pipeline_completo.py for tasks to queue
[2025-12-07T21:12:12.829+0000] {logging_mixin.py:188} INFO - [2025-12-07T21:12:12.829+0000] {dagbag.py:545} INFO - Filling up the DagBag from /opt/airflow/dags/pipeline_completo.py
[2025-12-07T21:12:12.858+0000] {logging_mixin.py:188} INFO - [2025-12-07T21:12:12.857+0000] {templater.py:93} ERROR - Failed to resolve template field 'command'
Traceback (most recent call last):
  File "/home/airflow/.local/lib/python3.12/site-packages/airflow/template/templater.py", line 91, in resolve_template_files
    setattr(self, field, env.loader.get_source(env, content)[0])  # type: ignore
                         ^^^^^^^^^^^^^^^^^^^^^^^^^^^^^^^^^^^
  File "/home/airflow/.local/lib/python3.12/site-packages/jinja2/loaders.py", line 204, in get_source
    raise TemplateNotFound(template)
jinja2.exceptions.TemplateNotFound: ./ejecutar.sh
[2025-12-07T21:12:12.861+0000] {processor.py:840} INFO - DAG(s) 'flujo_etl_completo' retrieved from /opt/airflow/dags/pipeline_completo.py
[2025-12-07T21:12:12.883+0000] {logging_mixin.py:188} INFO - [2025-12-07T21:12:12.883+0000] {dag.py:3096} INFO - Sync 1 DAGs
[2025-12-07T21:12:12.901+0000] {logging_mixin.py:188} INFO - [2025-12-07T21:12:12.901+0000] {dag.py:3954} INFO - Setting next_dagrun for flujo_etl_completo to 2025-12-07 21:00:00+00:00, run_after=2025-12-07 22:00:00+00:00
[2025-12-07T21:12:12.935+0000] {processor.py:183} INFO - Processing /opt/airflow/dags/pipeline_completo.py took 0.114 seconds
[2025-12-07T21:12:20.068+0000] {processor.py:161} INFO - Started process (PID=258) to work on /opt/airflow/dags/pipeline_completo.py
[2025-12-07T21:12:20.069+0000] {processor.py:830} INFO - Processing file /opt/airflow/dags/pipeline_completo.py for tasks to queue
[2025-12-07T21:12:20.071+0000] {logging_mixin.py:188} INFO - [2025-12-07T21:12:20.071+0000] {dagbag.py:545} INFO - Filling up the DagBag from /opt/airflow/dags/pipeline_completo.py
[2025-12-07T21:12:20.166+0000] {processor.py:840} INFO - DAG(s) 'flujo_etl_completo' retrieved from /opt/airflow/dags/pipeline_completo.py
[2025-12-07T21:12:20.308+0000] {logging_mixin.py:188} INFO - [2025-12-07T21:12:20.308+0000] {dag.py:3096} INFO - Sync 1 DAGs
[2025-12-07T21:12:20.325+0000] {logging_mixin.py:188} INFO - [2025-12-07T21:12:20.325+0000] {dag.py:3954} INFO - Setting next_dagrun for flujo_etl_completo to 2025-12-07 21:00:00+00:00, run_after=2025-12-07 22:00:00+00:00
[2025-12-07T21:12:20.349+0000] {processor.py:183} INFO - Processing /opt/airflow/dags/pipeline_completo.py took 0.286 seconds
[2025-12-07T21:15:14.774+0000] {processor.py:161} INFO - Started process (PID=168) to work on /opt/airflow/dags/pipeline_completo.py
[2025-12-07T21:15:14.775+0000] {processor.py:830} INFO - Processing file /opt/airflow/dags/pipeline_completo.py for tasks to queue
[2025-12-07T21:15:14.777+0000] {logging_mixin.py:188} INFO - [2025-12-07T21:15:14.777+0000] {dagbag.py:545} INFO - Filling up the DagBag from /opt/airflow/dags/pipeline_completo.py
[2025-12-07T21:15:14.836+0000] {processor.py:840} INFO - DAG(s) 'flujo_etl_completo' retrieved from /opt/airflow/dags/pipeline_completo.py
[2025-12-07T21:15:15.131+0000] {logging_mixin.py:188} INFO - [2025-12-07T21:15:15.130+0000] {override.py:1829} INFO - Created Permission View: can delete on DAG:flujo_etl_completo
[2025-12-07T21:15:15.145+0000] {logging_mixin.py:188} INFO - [2025-12-07T21:15:15.145+0000] {override.py:1829} INFO - Created Permission View: can edit on DAG:flujo_etl_completo
[2025-12-07T21:15:15.155+0000] {logging_mixin.py:188} INFO - [2025-12-07T21:15:15.155+0000] {override.py:1829} INFO - Created Permission View: can read on DAG:flujo_etl_completo
[2025-12-07T21:15:15.156+0000] {logging_mixin.py:188} INFO - [2025-12-07T21:15:15.156+0000] {dag.py:3096} INFO - Sync 1 DAGs
[2025-12-07T21:15:15.169+0000] {logging_mixin.py:188} INFO - [2025-12-07T21:15:15.169+0000] {dag.py:3118} INFO - Creating ORM DAG for flujo_etl_completo
[2025-12-07T21:15:15.181+0000] {logging_mixin.py:188} INFO - [2025-12-07T21:15:15.181+0000] {dag.py:3954} INFO - Setting next_dagrun for flujo_etl_completo to 2025-12-07 20:00:00+00:00, run_after=2025-12-07 21:00:00+00:00
[2025-12-07T21:15:15.206+0000] {processor.py:183} INFO - Processing /opt/airflow/dags/pipeline_completo.py took 0.437 seconds
[2025-12-07T21:15:45.734+0000] {processor.py:161} INFO - Started process (PID=177) to work on /opt/airflow/dags/pipeline_completo.py
[2025-12-07T21:15:45.737+0000] {processor.py:830} INFO - Processing file /opt/airflow/dags/pipeline_completo.py for tasks to queue
[2025-12-07T21:15:45.746+0000] {logging_mixin.py:188} INFO - [2025-12-07T21:15:45.745+0000] {dagbag.py:545} INFO - Filling up the DagBag from /opt/airflow/dags/pipeline_completo.py
[2025-12-07T21:15:45.874+0000] {processor.py:840} INFO - DAG(s) 'flujo_etl_completo' retrieved from /opt/airflow/dags/pipeline_completo.py
[2025-12-07T21:15:45.996+0000] {logging_mixin.py:188} INFO - [2025-12-07T21:15:45.995+0000] {dag.py:3096} INFO - Sync 1 DAGs
[2025-12-07T21:15:46.064+0000] {logging_mixin.py:188} INFO - [2025-12-07T21:15:46.064+0000] {dag.py:3954} INFO - Setting next_dagrun for flujo_etl_completo to 2025-12-07 21:00:00+00:00, run_after=2025-12-07 22:00:00+00:00
[2025-12-07T21:15:46.111+0000] {processor.py:183} INFO - Processing /opt/airflow/dags/pipeline_completo.py took 0.398 seconds
[2025-12-07T21:16:16.528+0000] {processor.py:161} INFO - Started process (PID=186) to work on /opt/airflow/dags/pipeline_completo.py
[2025-12-07T21:16:16.530+0000] {processor.py:830} INFO - Processing file /opt/airflow/dags/pipeline_completo.py for tasks to queue
[2025-12-07T21:16:16.541+0000] {logging_mixin.py:188} INFO - [2025-12-07T21:16:16.537+0000] {dagbag.py:545} INFO - Filling up the DagBag from /opt/airflow/dags/pipeline_completo.py
[2025-12-07T21:16:16.650+0000] {processor.py:840} INFO - DAG(s) 'flujo_etl_completo' retrieved from /opt/airflow/dags/pipeline_completo.py
[2025-12-07T21:16:16.777+0000] {logging_mixin.py:188} INFO - [2025-12-07T21:16:16.775+0000] {dag.py:3096} INFO - Sync 1 DAGs
[2025-12-07T21:16:16.912+0000] {logging_mixin.py:188} INFO - [2025-12-07T21:16:16.911+0000] {dag.py:3954} INFO - Setting next_dagrun for flujo_etl_completo to 2025-12-07 21:00:00+00:00, run_after=2025-12-07 22:00:00+00:00
[2025-12-07T21:16:16.987+0000] {processor.py:183} INFO - Processing /opt/airflow/dags/pipeline_completo.py took 0.482 seconds
[2025-12-07T21:16:47.366+0000] {processor.py:161} INFO - Started process (PID=191) to work on /opt/airflow/dags/pipeline_completo.py
[2025-12-07T21:16:47.368+0000] {processor.py:830} INFO - Processing file /opt/airflow/dags/pipeline_completo.py for tasks to queue
[2025-12-07T21:16:47.376+0000] {logging_mixin.py:188} INFO - [2025-12-07T21:16:47.374+0000] {dagbag.py:545} INFO - Filling up the DagBag from /opt/airflow/dags/pipeline_completo.py
[2025-12-07T21:16:47.497+0000] {processor.py:840} INFO - DAG(s) 'flujo_etl_completo' retrieved from /opt/airflow/dags/pipeline_completo.py
[2025-12-07T21:16:47.653+0000] {logging_mixin.py:188} INFO - [2025-12-07T21:16:47.652+0000] {dag.py:3096} INFO - Sync 1 DAGs
[2025-12-07T21:16:47.731+0000] {logging_mixin.py:188} INFO - [2025-12-07T21:16:47.731+0000] {dag.py:3954} INFO - Setting next_dagrun for flujo_etl_completo to 2025-12-07 21:00:00+00:00, run_after=2025-12-07 22:00:00+00:00
[2025-12-07T21:16:47.784+0000] {processor.py:183} INFO - Processing /opt/airflow/dags/pipeline_completo.py took 0.436 seconds
[2025-12-07T21:17:18.659+0000] {processor.py:161} INFO - Started process (PID=198) to work on /opt/airflow/dags/pipeline_completo.py
[2025-12-07T21:17:18.663+0000] {processor.py:830} INFO - Processing file /opt/airflow/dags/pipeline_completo.py for tasks to queue
[2025-12-07T21:17:18.701+0000] {logging_mixin.py:188} INFO - [2025-12-07T21:17:18.699+0000] {dagbag.py:545} INFO - Filling up the DagBag from /opt/airflow/dags/pipeline_completo.py
[2025-12-07T21:17:18.842+0000] {processor.py:840} INFO - DAG(s) 'flujo_etl_completo' retrieved from /opt/airflow/dags/pipeline_completo.py
[2025-12-07T21:17:18.960+0000] {logging_mixin.py:188} INFO - [2025-12-07T21:17:18.959+0000] {dag.py:3096} INFO - Sync 1 DAGs
[2025-12-07T21:17:19.012+0000] {logging_mixin.py:188} INFO - [2025-12-07T21:17:19.011+0000] {dag.py:3954} INFO - Setting next_dagrun for flujo_etl_completo to 2025-12-07 21:00:00+00:00, run_after=2025-12-07 22:00:00+00:00
[2025-12-07T21:17:19.050+0000] {processor.py:183} INFO - Processing /opt/airflow/dags/pipeline_completo.py took 0.474 seconds
[2025-12-07T21:17:49.426+0000] {processor.py:161} INFO - Started process (PID=203) to work on /opt/airflow/dags/pipeline_completo.py
[2025-12-07T21:17:49.429+0000] {processor.py:830} INFO - Processing file /opt/airflow/dags/pipeline_completo.py for tasks to queue
[2025-12-07T21:17:49.432+0000] {logging_mixin.py:188} INFO - [2025-12-07T21:17:49.431+0000] {dagbag.py:545} INFO - Filling up the DagBag from /opt/airflow/dags/pipeline_completo.py
[2025-12-07T21:17:49.473+0000] {processor.py:840} INFO - DAG(s) 'flujo_etl_completo' retrieved from /opt/airflow/dags/pipeline_completo.py
[2025-12-07T21:17:49.519+0000] {logging_mixin.py:188} INFO - [2025-12-07T21:17:49.519+0000] {dag.py:3096} INFO - Sync 1 DAGs
[2025-12-07T21:17:49.552+0000] {logging_mixin.py:188} INFO - [2025-12-07T21:17:49.552+0000] {dag.py:3954} INFO - Setting next_dagrun for flujo_etl_completo to 2025-12-07 21:00:00+00:00, run_after=2025-12-07 22:00:00+00:00
[2025-12-07T21:17:49.579+0000] {processor.py:183} INFO - Processing /opt/airflow/dags/pipeline_completo.py took 0.165 seconds
[2025-12-07T21:18:19.694+0000] {processor.py:161} INFO - Started process (PID=208) to work on /opt/airflow/dags/pipeline_completo.py
[2025-12-07T21:18:19.696+0000] {processor.py:830} INFO - Processing file /opt/airflow/dags/pipeline_completo.py for tasks to queue
[2025-12-07T21:18:19.698+0000] {logging_mixin.py:188} INFO - [2025-12-07T21:18:19.697+0000] {dagbag.py:545} INFO - Filling up the DagBag from /opt/airflow/dags/pipeline_completo.py
[2025-12-07T21:18:19.727+0000] {processor.py:840} INFO - DAG(s) 'flujo_etl_completo' retrieved from /opt/airflow/dags/pipeline_completo.py
[2025-12-07T21:18:19.753+0000] {logging_mixin.py:188} INFO - [2025-12-07T21:18:19.752+0000] {dag.py:3096} INFO - Sync 1 DAGs
[2025-12-07T21:18:19.776+0000] {logging_mixin.py:188} INFO - [2025-12-07T21:18:19.776+0000] {dag.py:3954} INFO - Setting next_dagrun for flujo_etl_completo to 2025-12-07 21:00:00+00:00, run_after=2025-12-07 22:00:00+00:00
[2025-12-07T21:18:19.820+0000] {processor.py:183} INFO - Processing /opt/airflow/dags/pipeline_completo.py took 0.131 seconds
[2025-12-07T21:18:50.002+0000] {processor.py:161} INFO - Started process (PID=213) to work on /opt/airflow/dags/pipeline_completo.py
[2025-12-07T21:18:50.004+0000] {processor.py:830} INFO - Processing file /opt/airflow/dags/pipeline_completo.py for tasks to queue
[2025-12-07T21:18:50.007+0000] {logging_mixin.py:188} INFO - [2025-12-07T21:18:50.006+0000] {dagbag.py:545} INFO - Filling up the DagBag from /opt/airflow/dags/pipeline_completo.py
[2025-12-07T21:18:50.047+0000] {processor.py:840} INFO - DAG(s) 'flujo_etl_completo' retrieved from /opt/airflow/dags/pipeline_completo.py
[2025-12-07T21:18:50.075+0000] {logging_mixin.py:188} INFO - [2025-12-07T21:18:50.074+0000] {dag.py:3096} INFO - Sync 1 DAGs
[2025-12-07T21:18:50.103+0000] {logging_mixin.py:188} INFO - [2025-12-07T21:18:50.102+0000] {dag.py:3954} INFO - Setting next_dagrun for flujo_etl_completo to 2025-12-07 21:00:00+00:00, run_after=2025-12-07 22:00:00+00:00
[2025-12-07T21:18:50.125+0000] {processor.py:183} INFO - Processing /opt/airflow/dags/pipeline_completo.py took 0.129 seconds
[2025-12-07T21:19:20.401+0000] {processor.py:161} INFO - Started process (PID=218) to work on /opt/airflow/dags/pipeline_completo.py
[2025-12-07T21:19:20.402+0000] {processor.py:830} INFO - Processing file /opt/airflow/dags/pipeline_completo.py for tasks to queue
[2025-12-07T21:19:20.405+0000] {logging_mixin.py:188} INFO - [2025-12-07T21:19:20.404+0000] {dagbag.py:545} INFO - Filling up the DagBag from /opt/airflow/dags/pipeline_completo.py
[2025-12-07T21:19:20.435+0000] {processor.py:840} INFO - DAG(s) 'flujo_etl_completo' retrieved from /opt/airflow/dags/pipeline_completo.py
[2025-12-07T21:19:20.461+0000] {logging_mixin.py:188} INFO - [2025-12-07T21:19:20.461+0000] {dag.py:3096} INFO - Sync 1 DAGs
[2025-12-07T21:19:20.507+0000] {logging_mixin.py:188} INFO - [2025-12-07T21:19:20.507+0000] {dag.py:3954} INFO - Setting next_dagrun for flujo_etl_completo to 2025-12-07 21:00:00+00:00, run_after=2025-12-07 22:00:00+00:00
[2025-12-07T21:19:20.529+0000] {processor.py:183} INFO - Processing /opt/airflow/dags/pipeline_completo.py took 0.133 seconds
[2025-12-07T21:19:50.697+0000] {processor.py:161} INFO - Started process (PID=223) to work on /opt/airflow/dags/pipeline_completo.py
[2025-12-07T21:19:50.698+0000] {processor.py:830} INFO - Processing file /opt/airflow/dags/pipeline_completo.py for tasks to queue
[2025-12-07T21:19:50.700+0000] {logging_mixin.py:188} INFO - [2025-12-07T21:19:50.700+0000] {dagbag.py:545} INFO - Filling up the DagBag from /opt/airflow/dags/pipeline_completo.py
[2025-12-07T21:19:50.730+0000] {processor.py:840} INFO - DAG(s) 'flujo_etl_completo' retrieved from /opt/airflow/dags/pipeline_completo.py
[2025-12-07T21:19:50.753+0000] {logging_mixin.py:188} INFO - [2025-12-07T21:19:50.752+0000] {dag.py:3096} INFO - Sync 1 DAGs
[2025-12-07T21:19:50.769+0000] {logging_mixin.py:188} INFO - [2025-12-07T21:19:50.769+0000] {dag.py:3954} INFO - Setting next_dagrun for flujo_etl_completo to 2025-12-07 21:00:00+00:00, run_after=2025-12-07 22:00:00+00:00
[2025-12-07T21:19:50.785+0000] {processor.py:183} INFO - Processing /opt/airflow/dags/pipeline_completo.py took 0.094 seconds
[2025-12-07T21:20:21.028+0000] {processor.py:161} INFO - Started process (PID=228) to work on /opt/airflow/dags/pipeline_completo.py
[2025-12-07T21:20:21.030+0000] {processor.py:830} INFO - Processing file /opt/airflow/dags/pipeline_completo.py for tasks to queue
[2025-12-07T21:20:21.033+0000] {logging_mixin.py:188} INFO - [2025-12-07T21:20:21.032+0000] {dagbag.py:545} INFO - Filling up the DagBag from /opt/airflow/dags/pipeline_completo.py
[2025-12-07T21:20:21.060+0000] {processor.py:840} INFO - DAG(s) 'flujo_etl_completo' retrieved from /opt/airflow/dags/pipeline_completo.py
[2025-12-07T21:20:21.087+0000] {logging_mixin.py:188} INFO - [2025-12-07T21:20:21.087+0000] {dag.py:3096} INFO - Sync 1 DAGs
[2025-12-07T21:20:21.109+0000] {logging_mixin.py:188} INFO - [2025-12-07T21:20:21.109+0000] {dag.py:3954} INFO - Setting next_dagrun for flujo_etl_completo to 2025-12-07 21:00:00+00:00, run_after=2025-12-07 22:00:00+00:00
[2025-12-07T21:20:21.129+0000] {processor.py:183} INFO - Processing /opt/airflow/dags/pipeline_completo.py took 0.107 seconds
[2025-12-07T21:20:51.242+0000] {processor.py:161} INFO - Started process (PID=233) to work on /opt/airflow/dags/pipeline_completo.py
[2025-12-07T21:20:51.243+0000] {processor.py:830} INFO - Processing file /opt/airflow/dags/pipeline_completo.py for tasks to queue
[2025-12-07T21:20:51.245+0000] {logging_mixin.py:188} INFO - [2025-12-07T21:20:51.245+0000] {dagbag.py:545} INFO - Filling up the DagBag from /opt/airflow/dags/pipeline_completo.py
[2025-12-07T21:20:51.271+0000] {processor.py:840} INFO - DAG(s) 'flujo_etl_completo' retrieved from /opt/airflow/dags/pipeline_completo.py
[2025-12-07T21:20:51.292+0000] {logging_mixin.py:188} INFO - [2025-12-07T21:20:51.291+0000] {dag.py:3096} INFO - Sync 1 DAGs
[2025-12-07T21:20:51.310+0000] {logging_mixin.py:188} INFO - [2025-12-07T21:20:51.310+0000] {dag.py:3954} INFO - Setting next_dagrun for flujo_etl_completo to 2025-12-07 21:00:00+00:00, run_after=2025-12-07 22:00:00+00:00
[2025-12-07T21:20:51.327+0000] {processor.py:183} INFO - Processing /opt/airflow/dags/pipeline_completo.py took 0.090 seconds
[2025-12-07T21:21:21.559+0000] {processor.py:161} INFO - Started process (PID=238) to work on /opt/airflow/dags/pipeline_completo.py
[2025-12-07T21:21:21.561+0000] {processor.py:830} INFO - Processing file /opt/airflow/dags/pipeline_completo.py for tasks to queue
[2025-12-07T21:21:21.563+0000] {logging_mixin.py:188} INFO - [2025-12-07T21:21:21.562+0000] {dagbag.py:545} INFO - Filling up the DagBag from /opt/airflow/dags/pipeline_completo.py
[2025-12-07T21:21:21.595+0000] {processor.py:840} INFO - DAG(s) 'flujo_etl_completo' retrieved from /opt/airflow/dags/pipeline_completo.py
[2025-12-07T21:21:21.621+0000] {logging_mixin.py:188} INFO - [2025-12-07T21:21:21.620+0000] {dag.py:3096} INFO - Sync 1 DAGs
[2025-12-07T21:21:21.640+0000] {logging_mixin.py:188} INFO - [2025-12-07T21:21:21.640+0000] {dag.py:3954} INFO - Setting next_dagrun for flujo_etl_completo to 2025-12-07 21:00:00+00:00, run_after=2025-12-07 22:00:00+00:00
[2025-12-07T21:21:21.660+0000] {processor.py:183} INFO - Processing /opt/airflow/dags/pipeline_completo.py took 0.107 seconds
[2025-12-07T21:21:51.918+0000] {processor.py:161} INFO - Started process (PID=243) to work on /opt/airflow/dags/pipeline_completo.py
[2025-12-07T21:21:51.920+0000] {processor.py:830} INFO - Processing file /opt/airflow/dags/pipeline_completo.py for tasks to queue
[2025-12-07T21:21:51.922+0000] {logging_mixin.py:188} INFO - [2025-12-07T21:21:51.922+0000] {dagbag.py:545} INFO - Filling up the DagBag from /opt/airflow/dags/pipeline_completo.py
[2025-12-07T21:21:51.974+0000] {processor.py:840} INFO - DAG(s) 'flujo_etl_completo' retrieved from /opt/airflow/dags/pipeline_completo.py
[2025-12-07T21:21:52.001+0000] {logging_mixin.py:188} INFO - [2025-12-07T21:21:52.001+0000] {dag.py:3096} INFO - Sync 1 DAGs
[2025-12-07T21:21:52.026+0000] {logging_mixin.py:188} INFO - [2025-12-07T21:21:52.026+0000] {dag.py:3954} INFO - Setting next_dagrun for flujo_etl_completo to 2025-12-07 21:00:00+00:00, run_after=2025-12-07 22:00:00+00:00
[2025-12-07T21:21:52.055+0000] {processor.py:183} INFO - Processing /opt/airflow/dags/pipeline_completo.py took 0.142 seconds
[2025-12-07T21:22:22.237+0000] {processor.py:161} INFO - Started process (PID=250) to work on /opt/airflow/dags/pipeline_completo.py
[2025-12-07T21:22:22.238+0000] {processor.py:830} INFO - Processing file /opt/airflow/dags/pipeline_completo.py for tasks to queue
[2025-12-07T21:22:22.240+0000] {logging_mixin.py:188} INFO - [2025-12-07T21:22:22.240+0000] {dagbag.py:545} INFO - Filling up the DagBag from /opt/airflow/dags/pipeline_completo.py
[2025-12-07T21:22:22.269+0000] {processor.py:840} INFO - DAG(s) 'flujo_etl_completo' retrieved from /opt/airflow/dags/pipeline_completo.py
[2025-12-07T21:22:22.296+0000] {logging_mixin.py:188} INFO - [2025-12-07T21:22:22.296+0000] {dag.py:3096} INFO - Sync 1 DAGs
[2025-12-07T21:22:22.318+0000] {logging_mixin.py:188} INFO - [2025-12-07T21:22:22.318+0000] {dag.py:3954} INFO - Setting next_dagrun for flujo_etl_completo to 2025-12-07 21:00:00+00:00, run_after=2025-12-07 22:00:00+00:00
[2025-12-07T21:22:22.340+0000] {processor.py:183} INFO - Processing /opt/airflow/dags/pipeline_completo.py took 0.110 seconds
[2025-12-07T21:22:52.750+0000] {processor.py:161} INFO - Started process (PID=255) to work on /opt/airflow/dags/pipeline_completo.py
[2025-12-07T21:22:52.752+0000] {processor.py:830} INFO - Processing file /opt/airflow/dags/pipeline_completo.py for tasks to queue
[2025-12-07T21:22:52.756+0000] {logging_mixin.py:188} INFO - [2025-12-07T21:22:52.756+0000] {dagbag.py:545} INFO - Filling up the DagBag from /opt/airflow/dags/pipeline_completo.py
[2025-12-07T21:22:52.804+0000] {processor.py:840} INFO - DAG(s) 'flujo_etl_completo' retrieved from /opt/airflow/dags/pipeline_completo.py
[2025-12-07T21:22:52.848+0000] {logging_mixin.py:188} INFO - [2025-12-07T21:22:52.847+0000] {dag.py:3096} INFO - Sync 1 DAGs
[2025-12-07T21:22:52.882+0000] {logging_mixin.py:188} INFO - [2025-12-07T21:22:52.881+0000] {dag.py:3954} INFO - Setting next_dagrun for flujo_etl_completo to 2025-12-07 21:00:00+00:00, run_after=2025-12-07 22:00:00+00:00
[2025-12-07T21:22:52.920+0000] {processor.py:183} INFO - Processing /opt/airflow/dags/pipeline_completo.py took 0.179 seconds
[2025-12-07T21:23:23.106+0000] {processor.py:161} INFO - Started process (PID=260) to work on /opt/airflow/dags/pipeline_completo.py
[2025-12-07T21:23:23.110+0000] {processor.py:830} INFO - Processing file /opt/airflow/dags/pipeline_completo.py for tasks to queue
[2025-12-07T21:23:23.116+0000] {logging_mixin.py:188} INFO - [2025-12-07T21:23:23.115+0000] {dagbag.py:545} INFO - Filling up the DagBag from /opt/airflow/dags/pipeline_completo.py
[2025-12-07T21:23:23.211+0000] {processor.py:840} INFO - DAG(s) 'flujo_etl_completo' retrieved from /opt/airflow/dags/pipeline_completo.py
[2025-12-07T21:23:23.314+0000] {logging_mixin.py:188} INFO - [2025-12-07T21:23:23.313+0000] {dag.py:3096} INFO - Sync 1 DAGs
[2025-12-07T21:23:23.368+0000] {logging_mixin.py:188} INFO - [2025-12-07T21:23:23.368+0000] {dag.py:3954} INFO - Setting next_dagrun for flujo_etl_completo to 2025-12-07 21:00:00+00:00, run_after=2025-12-07 22:00:00+00:00
[2025-12-07T21:23:23.402+0000] {processor.py:183} INFO - Processing /opt/airflow/dags/pipeline_completo.py took 0.317 seconds
[2025-12-07T21:23:53.563+0000] {processor.py:161} INFO - Started process (PID=267) to work on /opt/airflow/dags/pipeline_completo.py
[2025-12-07T21:23:53.564+0000] {processor.py:830} INFO - Processing file /opt/airflow/dags/pipeline_completo.py for tasks to queue
[2025-12-07T21:23:53.566+0000] {logging_mixin.py:188} INFO - [2025-12-07T21:23:53.566+0000] {dagbag.py:545} INFO - Filling up the DagBag from /opt/airflow/dags/pipeline_completo.py
[2025-12-07T21:23:53.602+0000] {processor.py:840} INFO - DAG(s) 'flujo_etl_completo' retrieved from /opt/airflow/dags/pipeline_completo.py
[2025-12-07T21:23:53.637+0000] {logging_mixin.py:188} INFO - [2025-12-07T21:23:53.637+0000] {dag.py:3096} INFO - Sync 1 DAGs
[2025-12-07T21:23:53.664+0000] {logging_mixin.py:188} INFO - [2025-12-07T21:23:53.664+0000] {dag.py:3954} INFO - Setting next_dagrun for flujo_etl_completo to 2025-12-07 21:00:00+00:00, run_after=2025-12-07 22:00:00+00:00
[2025-12-07T21:23:53.690+0000] {processor.py:183} INFO - Processing /opt/airflow/dags/pipeline_completo.py took 0.133 seconds
[2025-12-07T21:28:15.500+0000] {processor.py:161} INFO - Started process (PID=168) to work on /opt/airflow/dags/pipeline_completo.py
[2025-12-07T21:28:15.502+0000] {processor.py:830} INFO - Processing file /opt/airflow/dags/pipeline_completo.py for tasks to queue
[2025-12-07T21:28:15.506+0000] {logging_mixin.py:188} INFO - [2025-12-07T21:28:15.505+0000] {dagbag.py:545} INFO - Filling up the DagBag from /opt/airflow/dags/pipeline_completo.py
[2025-12-07T21:28:15.561+0000] {processor.py:840} INFO - DAG(s) 'flujo_etl_completo' retrieved from /opt/airflow/dags/pipeline_completo.py
[2025-12-07T21:28:16.055+0000] {logging_mixin.py:188} INFO - [2025-12-07T21:28:16.054+0000] {override.py:1829} INFO - Created Permission View: can edit on DAG:flujo_etl_completo
[2025-12-07T21:28:16.071+0000] {logging_mixin.py:188} INFO - [2025-12-07T21:28:16.071+0000] {override.py:1829} INFO - Created Permission View: can delete on DAG:flujo_etl_completo
[2025-12-07T21:28:16.086+0000] {logging_mixin.py:188} INFO - [2025-12-07T21:28:16.085+0000] {override.py:1829} INFO - Created Permission View: can read on DAG:flujo_etl_completo
[2025-12-07T21:28:16.087+0000] {logging_mixin.py:188} INFO - [2025-12-07T21:28:16.087+0000] {dag.py:3096} INFO - Sync 1 DAGs
[2025-12-07T21:28:16.105+0000] {logging_mixin.py:188} INFO - [2025-12-07T21:28:16.105+0000] {dag.py:3118} INFO - Creating ORM DAG for flujo_etl_completo
[2025-12-07T21:28:16.122+0000] {logging_mixin.py:188} INFO - [2025-12-07T21:28:16.121+0000] {dag.py:3954} INFO - Setting next_dagrun for flujo_etl_completo to 2025-12-07 20:00:00+00:00, run_after=2025-12-07 21:00:00+00:00
[2025-12-07T21:28:16.160+0000] {processor.py:183} INFO - Processing /opt/airflow/dags/pipeline_completo.py took 0.668 seconds
[2025-12-07T21:28:46.592+0000] {processor.py:161} INFO - Started process (PID=177) to work on /opt/airflow/dags/pipeline_completo.py
[2025-12-07T21:28:46.593+0000] {processor.py:830} INFO - Processing file /opt/airflow/dags/pipeline_completo.py for tasks to queue
[2025-12-07T21:28:46.597+0000] {logging_mixin.py:188} INFO - [2025-12-07T21:28:46.595+0000] {dagbag.py:545} INFO - Filling up the DagBag from /opt/airflow/dags/pipeline_completo.py
[2025-12-07T21:28:46.641+0000] {processor.py:840} INFO - DAG(s) 'flujo_etl_completo' retrieved from /opt/airflow/dags/pipeline_completo.py
[2025-12-07T21:28:46.664+0000] {logging_mixin.py:188} INFO - [2025-12-07T21:28:46.664+0000] {dag.py:3096} INFO - Sync 1 DAGs
[2025-12-07T21:28:46.688+0000] {logging_mixin.py:188} INFO - [2025-12-07T21:28:46.688+0000] {dag.py:3954} INFO - Setting next_dagrun for flujo_etl_completo to 2025-12-07 21:00:00+00:00, run_after=2025-12-07 22:00:00+00:00
[2025-12-07T21:28:46.717+0000] {processor.py:183} INFO - Processing /opt/airflow/dags/pipeline_completo.py took 0.132 seconds
[2025-12-07T21:29:17.280+0000] {processor.py:161} INFO - Started process (PID=182) to work on /opt/airflow/dags/pipeline_completo.py
[2025-12-07T21:29:17.288+0000] {processor.py:830} INFO - Processing file /opt/airflow/dags/pipeline_completo.py for tasks to queue
[2025-12-07T21:29:17.298+0000] {logging_mixin.py:188} INFO - [2025-12-07T21:29:17.297+0000] {dagbag.py:545} INFO - Filling up the DagBag from /opt/airflow/dags/pipeline_completo.py
[2025-12-07T21:29:17.443+0000] {processor.py:840} INFO - DAG(s) 'flujo_etl_completo' retrieved from /opt/airflow/dags/pipeline_completo.py
[2025-12-07T21:29:17.468+0000] {logging_mixin.py:188} INFO - [2025-12-07T21:29:17.468+0000] {dag.py:3096} INFO - Sync 1 DAGs
[2025-12-07T21:29:17.491+0000] {logging_mixin.py:188} INFO - [2025-12-07T21:29:17.490+0000] {dag.py:3954} INFO - Setting next_dagrun for flujo_etl_completo to 2025-12-07 21:00:00+00:00, run_after=2025-12-07 22:00:00+00:00
[2025-12-07T21:29:17.513+0000] {processor.py:183} INFO - Processing /opt/airflow/dags/pipeline_completo.py took 0.239 seconds
[2025-12-07T21:29:47.863+0000] {processor.py:161} INFO - Started process (PID=187) to work on /opt/airflow/dags/pipeline_completo.py
[2025-12-07T21:29:47.865+0000] {processor.py:830} INFO - Processing file /opt/airflow/dags/pipeline_completo.py for tasks to queue
[2025-12-07T21:29:47.869+0000] {logging_mixin.py:188} INFO - [2025-12-07T21:29:47.868+0000] {dagbag.py:545} INFO - Filling up the DagBag from /opt/airflow/dags/pipeline_completo.py
[2025-12-07T21:29:47.907+0000] {processor.py:840} INFO - DAG(s) 'flujo_etl_completo' retrieved from /opt/airflow/dags/pipeline_completo.py
[2025-12-07T21:29:47.936+0000] {logging_mixin.py:188} INFO - [2025-12-07T21:29:47.936+0000] {dag.py:3096} INFO - Sync 1 DAGs
[2025-12-07T21:29:47.958+0000] {logging_mixin.py:188} INFO - [2025-12-07T21:29:47.958+0000] {dag.py:3954} INFO - Setting next_dagrun for flujo_etl_completo to 2025-12-07 21:00:00+00:00, run_after=2025-12-07 22:00:00+00:00
[2025-12-07T21:29:47.984+0000] {processor.py:183} INFO - Processing /opt/airflow/dags/pipeline_completo.py took 0.129 seconds
[2025-12-07T21:30:18.118+0000] {processor.py:161} INFO - Started process (PID=192) to work on /opt/airflow/dags/pipeline_completo.py
[2025-12-07T21:30:18.120+0000] {processor.py:830} INFO - Processing file /opt/airflow/dags/pipeline_completo.py for tasks to queue
[2025-12-07T21:30:18.121+0000] {logging_mixin.py:188} INFO - [2025-12-07T21:30:18.121+0000] {dagbag.py:545} INFO - Filling up the DagBag from /opt/airflow/dags/pipeline_completo.py
[2025-12-07T21:30:18.148+0000] {processor.py:840} INFO - DAG(s) 'flujo_etl_completo' retrieved from /opt/airflow/dags/pipeline_completo.py
[2025-12-07T21:30:18.177+0000] {logging_mixin.py:188} INFO - [2025-12-07T21:30:18.177+0000] {dag.py:3096} INFO - Sync 1 DAGs
[2025-12-07T21:30:18.202+0000] {logging_mixin.py:188} INFO - [2025-12-07T21:30:18.202+0000] {dag.py:3954} INFO - Setting next_dagrun for flujo_etl_completo to 2025-12-07 21:00:00+00:00, run_after=2025-12-07 22:00:00+00:00
[2025-12-07T21:30:18.218+0000] {processor.py:183} INFO - Processing /opt/airflow/dags/pipeline_completo.py took 0.105 seconds
[2025-12-07T21:30:48.391+0000] {processor.py:161} INFO - Started process (PID=197) to work on /opt/airflow/dags/pipeline_completo.py
[2025-12-07T21:30:48.392+0000] {processor.py:830} INFO - Processing file /opt/airflow/dags/pipeline_completo.py for tasks to queue
[2025-12-07T21:30:48.394+0000] {logging_mixin.py:188} INFO - [2025-12-07T21:30:48.393+0000] {dagbag.py:545} INFO - Filling up the DagBag from /opt/airflow/dags/pipeline_completo.py
[2025-12-07T21:30:48.421+0000] {processor.py:840} INFO - DAG(s) 'flujo_etl_completo' retrieved from /opt/airflow/dags/pipeline_completo.py
[2025-12-07T21:30:48.446+0000] {logging_mixin.py:188} INFO - [2025-12-07T21:30:48.446+0000] {dag.py:3096} INFO - Sync 1 DAGs
[2025-12-07T21:30:48.467+0000] {logging_mixin.py:188} INFO - [2025-12-07T21:30:48.467+0000] {dag.py:3954} INFO - Setting next_dagrun for flujo_etl_completo to 2025-12-07 21:00:00+00:00, run_after=2025-12-07 22:00:00+00:00
[2025-12-07T21:30:48.485+0000] {processor.py:183} INFO - Processing /opt/airflow/dags/pipeline_completo.py took 0.099 seconds
[2025-12-07T21:31:18.790+0000] {processor.py:161} INFO - Started process (PID=202) to work on /opt/airflow/dags/pipeline_completo.py
[2025-12-07T21:31:18.792+0000] {processor.py:830} INFO - Processing file /opt/airflow/dags/pipeline_completo.py for tasks to queue
[2025-12-07T21:31:18.794+0000] {logging_mixin.py:188} INFO - [2025-12-07T21:31:18.794+0000] {dagbag.py:545} INFO - Filling up the DagBag from /opt/airflow/dags/pipeline_completo.py
[2025-12-07T21:31:18.837+0000] {processor.py:840} INFO - DAG(s) 'flujo_etl_completo' retrieved from /opt/airflow/dags/pipeline_completo.py
[2025-12-07T21:31:18.867+0000] {logging_mixin.py:188} INFO - [2025-12-07T21:31:18.866+0000] {dag.py:3096} INFO - Sync 1 DAGs
[2025-12-07T21:31:18.890+0000] {logging_mixin.py:188} INFO - [2025-12-07T21:31:18.890+0000] {dag.py:3954} INFO - Setting next_dagrun for flujo_etl_completo to 2025-12-07 21:00:00+00:00, run_after=2025-12-07 22:00:00+00:00
[2025-12-07T21:31:18.914+0000] {processor.py:183} INFO - Processing /opt/airflow/dags/pipeline_completo.py took 0.129 seconds
[2025-12-07T21:31:49.045+0000] {processor.py:161} INFO - Started process (PID=207) to work on /opt/airflow/dags/pipeline_completo.py
[2025-12-07T21:31:49.046+0000] {processor.py:830} INFO - Processing file /opt/airflow/dags/pipeline_completo.py for tasks to queue
[2025-12-07T21:31:49.048+0000] {logging_mixin.py:188} INFO - [2025-12-07T21:31:49.048+0000] {dagbag.py:545} INFO - Filling up the DagBag from /opt/airflow/dags/pipeline_completo.py
[2025-12-07T21:31:49.073+0000] {processor.py:840} INFO - DAG(s) 'flujo_etl_completo' retrieved from /opt/airflow/dags/pipeline_completo.py
[2025-12-07T21:31:49.093+0000] {logging_mixin.py:188} INFO - [2025-12-07T21:31:49.093+0000] {dag.py:3096} INFO - Sync 1 DAGs
[2025-12-07T21:31:49.110+0000] {logging_mixin.py:188} INFO - [2025-12-07T21:31:49.110+0000] {dag.py:3954} INFO - Setting next_dagrun for flujo_etl_completo to 2025-12-07 21:00:00+00:00, run_after=2025-12-07 22:00:00+00:00
[2025-12-07T21:31:49.131+0000] {processor.py:183} INFO - Processing /opt/airflow/dags/pipeline_completo.py took 0.091 seconds
[2025-12-07T21:32:19.341+0000] {processor.py:161} INFO - Started process (PID=212) to work on /opt/airflow/dags/pipeline_completo.py
[2025-12-07T21:32:19.343+0000] {processor.py:830} INFO - Processing file /opt/airflow/dags/pipeline_completo.py for tasks to queue
[2025-12-07T21:32:19.346+0000] {logging_mixin.py:188} INFO - [2025-12-07T21:32:19.345+0000] {dagbag.py:545} INFO - Filling up the DagBag from /opt/airflow/dags/pipeline_completo.py
[2025-12-07T21:32:19.373+0000] {processor.py:840} INFO - DAG(s) 'flujo_etl_completo' retrieved from /opt/airflow/dags/pipeline_completo.py
[2025-12-07T21:32:19.399+0000] {logging_mixin.py:188} INFO - [2025-12-07T21:32:19.399+0000] {dag.py:3096} INFO - Sync 1 DAGs
[2025-12-07T21:32:19.421+0000] {logging_mixin.py:188} INFO - [2025-12-07T21:32:19.421+0000] {dag.py:3954} INFO - Setting next_dagrun for flujo_etl_completo to 2025-12-07 21:00:00+00:00, run_after=2025-12-07 22:00:00+00:00
[2025-12-07T21:32:19.441+0000] {processor.py:183} INFO - Processing /opt/airflow/dags/pipeline_completo.py took 0.109 seconds
[2025-12-07T21:32:49.775+0000] {processor.py:161} INFO - Started process (PID=269) to work on /opt/airflow/dags/pipeline_completo.py
[2025-12-07T21:32:49.782+0000] {processor.py:830} INFO - Processing file /opt/airflow/dags/pipeline_completo.py for tasks to queue
[2025-12-07T21:32:49.788+0000] {logging_mixin.py:188} INFO - [2025-12-07T21:32:49.787+0000] {dagbag.py:545} INFO - Filling up the DagBag from /opt/airflow/dags/pipeline_completo.py
[2025-12-07T21:32:49.890+0000] {processor.py:840} INFO - DAG(s) 'flujo_etl_completo' retrieved from /opt/airflow/dags/pipeline_completo.py
[2025-12-07T21:32:50.010+0000] {logging_mixin.py:188} INFO - [2025-12-07T21:32:50.009+0000] {dag.py:3096} INFO - Sync 1 DAGs
[2025-12-07T21:32:50.104+0000] {logging_mixin.py:188} INFO - [2025-12-07T21:32:50.104+0000] {dag.py:3954} INFO - Setting next_dagrun for flujo_etl_completo to 2025-12-07 21:00:00+00:00, run_after=2025-12-07 22:00:00+00:00
[2025-12-07T21:32:50.158+0000] {processor.py:183} INFO - Processing /opt/airflow/dags/pipeline_completo.py took 0.408 seconds
[2025-12-07T21:37:54.720+0000] {processor.py:161} INFO - Started process (PID=168) to work on /opt/airflow/dags/pipeline_completo.py
[2025-12-07T21:37:54.722+0000] {processor.py:830} INFO - Processing file /opt/airflow/dags/pipeline_completo.py for tasks to queue
[2025-12-07T21:37:54.725+0000] {logging_mixin.py:188} INFO - [2025-12-07T21:37:54.725+0000] {dagbag.py:545} INFO - Filling up the DagBag from /opt/airflow/dags/pipeline_completo.py
[2025-12-07T21:37:54.794+0000] {logging_mixin.py:188} INFO - [2025-12-07T21:37:54.782+0000] {dagbag.py:355} ERROR - Failed to import: /opt/airflow/dags/pipeline_completo.py
Traceback (most recent call last):
  File "/home/airflow/.local/lib/python3.12/site-packages/airflow/models/dagbag.py", line 351, in parse
    loader.exec_module(new_module)
  File "<frozen importlib._bootstrap_external>", line 995, in exec_module
  File "<frozen importlib._bootstrap>", line 488, in _call_with_frames_removed
  File "/opt/airflow/dags/pipeline_completo.py", line 36, in <module>
    t_ingest_general = DockerOperator(
                       ^^^^^^^^^^^^^^^
  File "/home/airflow/.local/lib/python3.12/site-packages/airflow/models/baseoperator.py", line 484, in apply_defaults
    result = func(self, **kwargs, default_args=default_args)
             ^^^^^^^^^^^^^^^^^^^^^^^^^^^^^^^^^^^^^^^^^^^^^^^
  File "/home/airflow/.local/lib/python3.12/site-packages/airflow/providers/docker/operators/docker.py", line 272, in __init__
    super().__init__(**kwargs)
  File "/home/airflow/.local/lib/python3.12/site-packages/airflow/models/baseoperator.py", line 484, in apply_defaults
    result = func(self, **kwargs, default_args=default_args)
             ^^^^^^^^^^^^^^^^^^^^^^^^^^^^^^^^^^^^^^^^^^^^^^^
  File "/home/airflow/.local/lib/python3.12/site-packages/airflow/models/baseoperator.py", line 881, in __init__
    raise AirflowException(
airflow.exceptions.AirflowException: Invalid arguments were passed to DockerOperator (task_id: ingestion_general). Invalid arguments were:
**kwargs: {'pull_policy': 'never'}
[2025-12-07T21:37:54.797+0000] {processor.py:842} WARNING - No viable dags retrieved from /opt/airflow/dags/pipeline_completo.py
[2025-12-07T21:37:54.826+0000] {processor.py:183} INFO - Processing /opt/airflow/dags/pipeline_completo.py took 0.112 seconds
[2025-12-07T21:38:25.031+0000] {processor.py:161} INFO - Started process (PID=173) to work on /opt/airflow/dags/pipeline_completo.py
[2025-12-07T21:38:25.033+0000] {processor.py:830} INFO - Processing file /opt/airflow/dags/pipeline_completo.py for tasks to queue
[2025-12-07T21:38:25.035+0000] {logging_mixin.py:188} INFO - [2025-12-07T21:38:25.035+0000] {dagbag.py:545} INFO - Filling up the DagBag from /opt/airflow/dags/pipeline_completo.py
[2025-12-07T21:38:25.076+0000] {logging_mixin.py:188} INFO - [2025-12-07T21:38:25.068+0000] {dagbag.py:355} ERROR - Failed to import: /opt/airflow/dags/pipeline_completo.py
Traceback (most recent call last):
  File "/home/airflow/.local/lib/python3.12/site-packages/airflow/models/dagbag.py", line 351, in parse
    loader.exec_module(new_module)
  File "<frozen importlib._bootstrap_external>", line 995, in exec_module
  File "<frozen importlib._bootstrap>", line 488, in _call_with_frames_removed
  File "/opt/airflow/dags/pipeline_completo.py", line 36, in <module>
    t_ingest_general = DockerOperator(
                       ^^^^^^^^^^^^^^^
  File "/home/airflow/.local/lib/python3.12/site-packages/airflow/models/baseoperator.py", line 484, in apply_defaults
    result = func(self, **kwargs, default_args=default_args)
             ^^^^^^^^^^^^^^^^^^^^^^^^^^^^^^^^^^^^^^^^^^^^^^^
  File "/home/airflow/.local/lib/python3.12/site-packages/airflow/providers/docker/operators/docker.py", line 272, in __init__
    super().__init__(**kwargs)
  File "/home/airflow/.local/lib/python3.12/site-packages/airflow/models/baseoperator.py", line 484, in apply_defaults
    result = func(self, **kwargs, default_args=default_args)
             ^^^^^^^^^^^^^^^^^^^^^^^^^^^^^^^^^^^^^^^^^^^^^^^
  File "/home/airflow/.local/lib/python3.12/site-packages/airflow/models/baseoperator.py", line 881, in __init__
    raise AirflowException(
airflow.exceptions.AirflowException: Invalid arguments were passed to DockerOperator (task_id: ingestion_general). Invalid arguments were:
**kwargs: {'pull_policy': 'never'}
[2025-12-07T21:38:25.077+0000] {processor.py:842} WARNING - No viable dags retrieved from /opt/airflow/dags/pipeline_completo.py
[2025-12-07T21:38:25.093+0000] {processor.py:183} INFO - Processing /opt/airflow/dags/pipeline_completo.py took 0.067 seconds
[2025-12-07T21:38:55.295+0000] {processor.py:161} INFO - Started process (PID=178) to work on /opt/airflow/dags/pipeline_completo.py
[2025-12-07T21:38:55.297+0000] {processor.py:830} INFO - Processing file /opt/airflow/dags/pipeline_completo.py for tasks to queue
[2025-12-07T21:38:55.300+0000] {logging_mixin.py:188} INFO - [2025-12-07T21:38:55.299+0000] {dagbag.py:545} INFO - Filling up the DagBag from /opt/airflow/dags/pipeline_completo.py
[2025-12-07T21:38:55.333+0000] {logging_mixin.py:188} INFO - [2025-12-07T21:38:55.327+0000] {dagbag.py:355} ERROR - Failed to import: /opt/airflow/dags/pipeline_completo.py
Traceback (most recent call last):
  File "/home/airflow/.local/lib/python3.12/site-packages/airflow/models/dagbag.py", line 351, in parse
    loader.exec_module(new_module)
  File "<frozen importlib._bootstrap_external>", line 995, in exec_module
  File "<frozen importlib._bootstrap>", line 488, in _call_with_frames_removed
  File "/opt/airflow/dags/pipeline_completo.py", line 36, in <module>
    t_ingest_general = DockerOperator(
                       ^^^^^^^^^^^^^^^
  File "/home/airflow/.local/lib/python3.12/site-packages/airflow/models/baseoperator.py", line 484, in apply_defaults
    result = func(self, **kwargs, default_args=default_args)
             ^^^^^^^^^^^^^^^^^^^^^^^^^^^^^^^^^^^^^^^^^^^^^^^
  File "/home/airflow/.local/lib/python3.12/site-packages/airflow/providers/docker/operators/docker.py", line 272, in __init__
    super().__init__(**kwargs)
  File "/home/airflow/.local/lib/python3.12/site-packages/airflow/models/baseoperator.py", line 484, in apply_defaults
    result = func(self, **kwargs, default_args=default_args)
             ^^^^^^^^^^^^^^^^^^^^^^^^^^^^^^^^^^^^^^^^^^^^^^^
  File "/home/airflow/.local/lib/python3.12/site-packages/airflow/models/baseoperator.py", line 881, in __init__
    raise AirflowException(
airflow.exceptions.AirflowException: Invalid arguments were passed to DockerOperator (task_id: ingestion_general). Invalid arguments were:
**kwargs: {'pull_policy': 'never'}
[2025-12-07T21:38:55.334+0000] {processor.py:842} WARNING - No viable dags retrieved from /opt/airflow/dags/pipeline_completo.py
[2025-12-07T21:38:55.351+0000] {processor.py:183} INFO - Processing /opt/airflow/dags/pipeline_completo.py took 0.067 seconds
[2025-12-07T21:39:25.518+0000] {processor.py:161} INFO - Started process (PID=183) to work on /opt/airflow/dags/pipeline_completo.py
[2025-12-07T21:39:25.519+0000] {processor.py:830} INFO - Processing file /opt/airflow/dags/pipeline_completo.py for tasks to queue
[2025-12-07T21:39:25.521+0000] {logging_mixin.py:188} INFO - [2025-12-07T21:39:25.521+0000] {dagbag.py:545} INFO - Filling up the DagBag from /opt/airflow/dags/pipeline_completo.py
[2025-12-07T21:39:25.554+0000] {logging_mixin.py:188} INFO - [2025-12-07T21:39:25.546+0000] {dagbag.py:355} ERROR - Failed to import: /opt/airflow/dags/pipeline_completo.py
Traceback (most recent call last):
  File "/home/airflow/.local/lib/python3.12/site-packages/airflow/models/dagbag.py", line 351, in parse
    loader.exec_module(new_module)
  File "<frozen importlib._bootstrap_external>", line 995, in exec_module
  File "<frozen importlib._bootstrap>", line 488, in _call_with_frames_removed
  File "/opt/airflow/dags/pipeline_completo.py", line 36, in <module>
    t_ingest_general = DockerOperator(
                       ^^^^^^^^^^^^^^^
  File "/home/airflow/.local/lib/python3.12/site-packages/airflow/models/baseoperator.py", line 484, in apply_defaults
    result = func(self, **kwargs, default_args=default_args)
             ^^^^^^^^^^^^^^^^^^^^^^^^^^^^^^^^^^^^^^^^^^^^^^^
  File "/home/airflow/.local/lib/python3.12/site-packages/airflow/providers/docker/operators/docker.py", line 272, in __init__
    super().__init__(**kwargs)
  File "/home/airflow/.local/lib/python3.12/site-packages/airflow/models/baseoperator.py", line 484, in apply_defaults
    result = func(self, **kwargs, default_args=default_args)
             ^^^^^^^^^^^^^^^^^^^^^^^^^^^^^^^^^^^^^^^^^^^^^^^
  File "/home/airflow/.local/lib/python3.12/site-packages/airflow/models/baseoperator.py", line 881, in __init__
    raise AirflowException(
airflow.exceptions.AirflowException: Invalid arguments were passed to DockerOperator (task_id: ingestion_general). Invalid arguments were:
**kwargs: {'pull_policy': 'never'}
[2025-12-07T21:39:25.555+0000] {processor.py:842} WARNING - No viable dags retrieved from /opt/airflow/dags/pipeline_completo.py
[2025-12-07T21:39:25.572+0000] {processor.py:183} INFO - Processing /opt/airflow/dags/pipeline_completo.py took 0.061 seconds
[2025-12-07T21:39:55.821+0000] {processor.py:161} INFO - Started process (PID=188) to work on /opt/airflow/dags/pipeline_completo.py
[2025-12-07T21:39:55.822+0000] {processor.py:830} INFO - Processing file /opt/airflow/dags/pipeline_completo.py for tasks to queue
[2025-12-07T21:39:55.824+0000] {logging_mixin.py:188} INFO - [2025-12-07T21:39:55.824+0000] {dagbag.py:545} INFO - Filling up the DagBag from /opt/airflow/dags/pipeline_completo.py
[2025-12-07T21:39:55.854+0000] {logging_mixin.py:188} INFO - [2025-12-07T21:39:55.848+0000] {dagbag.py:355} ERROR - Failed to import: /opt/airflow/dags/pipeline_completo.py
Traceback (most recent call last):
  File "/home/airflow/.local/lib/python3.12/site-packages/airflow/models/dagbag.py", line 351, in parse
    loader.exec_module(new_module)
  File "<frozen importlib._bootstrap_external>", line 995, in exec_module
  File "<frozen importlib._bootstrap>", line 488, in _call_with_frames_removed
  File "/opt/airflow/dags/pipeline_completo.py", line 36, in <module>
    t_ingest_general = DockerOperator(
                       ^^^^^^^^^^^^^^^
  File "/home/airflow/.local/lib/python3.12/site-packages/airflow/models/baseoperator.py", line 484, in apply_defaults
    result = func(self, **kwargs, default_args=default_args)
             ^^^^^^^^^^^^^^^^^^^^^^^^^^^^^^^^^^^^^^^^^^^^^^^
  File "/home/airflow/.local/lib/python3.12/site-packages/airflow/providers/docker/operators/docker.py", line 272, in __init__
    super().__init__(**kwargs)
  File "/home/airflow/.local/lib/python3.12/site-packages/airflow/models/baseoperator.py", line 484, in apply_defaults
    result = func(self, **kwargs, default_args=default_args)
             ^^^^^^^^^^^^^^^^^^^^^^^^^^^^^^^^^^^^^^^^^^^^^^^
  File "/home/airflow/.local/lib/python3.12/site-packages/airflow/models/baseoperator.py", line 881, in __init__
    raise AirflowException(
airflow.exceptions.AirflowException: Invalid arguments were passed to DockerOperator (task_id: ingestion_general). Invalid arguments were:
**kwargs: {'pull_policy': 'never'}
[2025-12-07T21:39:55.855+0000] {processor.py:842} WARNING - No viable dags retrieved from /opt/airflow/dags/pipeline_completo.py
[2025-12-07T21:39:55.875+0000] {processor.py:183} INFO - Processing /opt/airflow/dags/pipeline_completo.py took 0.061 seconds
[2025-12-07T21:40:26.088+0000] {processor.py:161} INFO - Started process (PID=193) to work on /opt/airflow/dags/pipeline_completo.py
[2025-12-07T21:40:26.089+0000] {processor.py:830} INFO - Processing file /opt/airflow/dags/pipeline_completo.py for tasks to queue
[2025-12-07T21:40:26.091+0000] {logging_mixin.py:188} INFO - [2025-12-07T21:40:26.091+0000] {dagbag.py:545} INFO - Filling up the DagBag from /opt/airflow/dags/pipeline_completo.py
[2025-12-07T21:40:26.117+0000] {logging_mixin.py:188} INFO - [2025-12-07T21:40:26.112+0000] {dagbag.py:355} ERROR - Failed to import: /opt/airflow/dags/pipeline_completo.py
Traceback (most recent call last):
  File "/home/airflow/.local/lib/python3.12/site-packages/airflow/models/dagbag.py", line 351, in parse
    loader.exec_module(new_module)
  File "<frozen importlib._bootstrap_external>", line 995, in exec_module
  File "<frozen importlib._bootstrap>", line 488, in _call_with_frames_removed
  File "/opt/airflow/dags/pipeline_completo.py", line 36, in <module>
    t_ingest_general = DockerOperator(
                       ^^^^^^^^^^^^^^^
  File "/home/airflow/.local/lib/python3.12/site-packages/airflow/models/baseoperator.py", line 484, in apply_defaults
    result = func(self, **kwargs, default_args=default_args)
             ^^^^^^^^^^^^^^^^^^^^^^^^^^^^^^^^^^^^^^^^^^^^^^^
  File "/home/airflow/.local/lib/python3.12/site-packages/airflow/providers/docker/operators/docker.py", line 272, in __init__
    super().__init__(**kwargs)
  File "/home/airflow/.local/lib/python3.12/site-packages/airflow/models/baseoperator.py", line 484, in apply_defaults
    result = func(self, **kwargs, default_args=default_args)
             ^^^^^^^^^^^^^^^^^^^^^^^^^^^^^^^^^^^^^^^^^^^^^^^
  File "/home/airflow/.local/lib/python3.12/site-packages/airflow/models/baseoperator.py", line 881, in __init__
    raise AirflowException(
airflow.exceptions.AirflowException: Invalid arguments were passed to DockerOperator (task_id: ingestion_general). Invalid arguments were:
**kwargs: {'pull_policy': 'never'}
[2025-12-07T21:40:26.118+0000] {processor.py:842} WARNING - No viable dags retrieved from /opt/airflow/dags/pipeline_completo.py
[2025-12-07T21:40:26.134+0000] {processor.py:183} INFO - Processing /opt/airflow/dags/pipeline_completo.py took 0.050 seconds
[2025-12-07T21:40:56.308+0000] {processor.py:161} INFO - Started process (PID=198) to work on /opt/airflow/dags/pipeline_completo.py
[2025-12-07T21:40:56.309+0000] {processor.py:830} INFO - Processing file /opt/airflow/dags/pipeline_completo.py for tasks to queue
[2025-12-07T21:40:56.310+0000] {logging_mixin.py:188} INFO - [2025-12-07T21:40:56.310+0000] {dagbag.py:545} INFO - Filling up the DagBag from /opt/airflow/dags/pipeline_completo.py
[2025-12-07T21:40:56.342+0000] {logging_mixin.py:188} INFO - [2025-12-07T21:40:56.335+0000] {dagbag.py:355} ERROR - Failed to import: /opt/airflow/dags/pipeline_completo.py
Traceback (most recent call last):
  File "/home/airflow/.local/lib/python3.12/site-packages/airflow/models/dagbag.py", line 351, in parse
    loader.exec_module(new_module)
  File "<frozen importlib._bootstrap_external>", line 995, in exec_module
  File "<frozen importlib._bootstrap>", line 488, in _call_with_frames_removed
  File "/opt/airflow/dags/pipeline_completo.py", line 36, in <module>
    t_ingest_general = DockerOperator(
                       ^^^^^^^^^^^^^^^
  File "/home/airflow/.local/lib/python3.12/site-packages/airflow/models/baseoperator.py", line 484, in apply_defaults
    result = func(self, **kwargs, default_args=default_args)
             ^^^^^^^^^^^^^^^^^^^^^^^^^^^^^^^^^^^^^^^^^^^^^^^
  File "/home/airflow/.local/lib/python3.12/site-packages/airflow/providers/docker/operators/docker.py", line 272, in __init__
    super().__init__(**kwargs)
  File "/home/airflow/.local/lib/python3.12/site-packages/airflow/models/baseoperator.py", line 484, in apply_defaults
    result = func(self, **kwargs, default_args=default_args)
             ^^^^^^^^^^^^^^^^^^^^^^^^^^^^^^^^^^^^^^^^^^^^^^^
  File "/home/airflow/.local/lib/python3.12/site-packages/airflow/models/baseoperator.py", line 881, in __init__
    raise AirflowException(
airflow.exceptions.AirflowException: Invalid arguments were passed to DockerOperator (task_id: ingestion_general). Invalid arguments were:
**kwargs: {'pull_policy': 'never'}
[2025-12-07T21:40:56.343+0000] {processor.py:842} WARNING - No viable dags retrieved from /opt/airflow/dags/pipeline_completo.py
[2025-12-07T21:40:56.360+0000] {processor.py:183} INFO - Processing /opt/airflow/dags/pipeline_completo.py took 0.058 seconds
[2025-12-07T21:41:26.549+0000] {processor.py:161} INFO - Started process (PID=203) to work on /opt/airflow/dags/pipeline_completo.py
[2025-12-07T21:41:26.552+0000] {processor.py:830} INFO - Processing file /opt/airflow/dags/pipeline_completo.py for tasks to queue
[2025-12-07T21:41:26.555+0000] {logging_mixin.py:188} INFO - [2025-12-07T21:41:26.554+0000] {dagbag.py:545} INFO - Filling up the DagBag from /opt/airflow/dags/pipeline_completo.py
[2025-12-07T21:41:26.608+0000] {logging_mixin.py:188} INFO - [2025-12-07T21:41:26.596+0000] {dagbag.py:355} ERROR - Failed to import: /opt/airflow/dags/pipeline_completo.py
Traceback (most recent call last):
  File "/home/airflow/.local/lib/python3.12/site-packages/airflow/models/dagbag.py", line 351, in parse
    loader.exec_module(new_module)
  File "<frozen importlib._bootstrap_external>", line 995, in exec_module
  File "<frozen importlib._bootstrap>", line 488, in _call_with_frames_removed
  File "/opt/airflow/dags/pipeline_completo.py", line 36, in <module>
    t_ingest_general = DockerOperator(
                       ^^^^^^^^^^^^^^^
  File "/home/airflow/.local/lib/python3.12/site-packages/airflow/models/baseoperator.py", line 484, in apply_defaults
    result = func(self, **kwargs, default_args=default_args)
             ^^^^^^^^^^^^^^^^^^^^^^^^^^^^^^^^^^^^^^^^^^^^^^^
  File "/home/airflow/.local/lib/python3.12/site-packages/airflow/providers/docker/operators/docker.py", line 272, in __init__
    super().__init__(**kwargs)
  File "/home/airflow/.local/lib/python3.12/site-packages/airflow/models/baseoperator.py", line 484, in apply_defaults
    result = func(self, **kwargs, default_args=default_args)
             ^^^^^^^^^^^^^^^^^^^^^^^^^^^^^^^^^^^^^^^^^^^^^^^
  File "/home/airflow/.local/lib/python3.12/site-packages/airflow/models/baseoperator.py", line 881, in __init__
    raise AirflowException(
airflow.exceptions.AirflowException: Invalid arguments were passed to DockerOperator (task_id: ingestion_general). Invalid arguments were:
**kwargs: {'pull_policy': 'never'}
[2025-12-07T21:41:26.609+0000] {processor.py:842} WARNING - No viable dags retrieved from /opt/airflow/dags/pipeline_completo.py
[2025-12-07T21:41:26.626+0000] {processor.py:183} INFO - Processing /opt/airflow/dags/pipeline_completo.py took 0.082 seconds
[2025-12-07T21:41:56.815+0000] {processor.py:161} INFO - Started process (PID=208) to work on /opt/airflow/dags/pipeline_completo.py
[2025-12-07T21:41:56.816+0000] {processor.py:830} INFO - Processing file /opt/airflow/dags/pipeline_completo.py for tasks to queue
[2025-12-07T21:41:56.817+0000] {logging_mixin.py:188} INFO - [2025-12-07T21:41:56.817+0000] {dagbag.py:545} INFO - Filling up the DagBag from /opt/airflow/dags/pipeline_completo.py
[2025-12-07T21:41:56.842+0000] {logging_mixin.py:188} INFO - [2025-12-07T21:41:56.838+0000] {dagbag.py:355} ERROR - Failed to import: /opt/airflow/dags/pipeline_completo.py
Traceback (most recent call last):
  File "/home/airflow/.local/lib/python3.12/site-packages/airflow/models/dagbag.py", line 351, in parse
    loader.exec_module(new_module)
  File "<frozen importlib._bootstrap_external>", line 995, in exec_module
  File "<frozen importlib._bootstrap>", line 488, in _call_with_frames_removed
  File "/opt/airflow/dags/pipeline_completo.py", line 36, in <module>
    t_ingest_general = DockerOperator(
                       ^^^^^^^^^^^^^^^
  File "/home/airflow/.local/lib/python3.12/site-packages/airflow/models/baseoperator.py", line 484, in apply_defaults
    result = func(self, **kwargs, default_args=default_args)
             ^^^^^^^^^^^^^^^^^^^^^^^^^^^^^^^^^^^^^^^^^^^^^^^
  File "/home/airflow/.local/lib/python3.12/site-packages/airflow/providers/docker/operators/docker.py", line 272, in __init__
    super().__init__(**kwargs)
  File "/home/airflow/.local/lib/python3.12/site-packages/airflow/models/baseoperator.py", line 484, in apply_defaults
    result = func(self, **kwargs, default_args=default_args)
             ^^^^^^^^^^^^^^^^^^^^^^^^^^^^^^^^^^^^^^^^^^^^^^^
  File "/home/airflow/.local/lib/python3.12/site-packages/airflow/models/baseoperator.py", line 881, in __init__
    raise AirflowException(
airflow.exceptions.AirflowException: Invalid arguments were passed to DockerOperator (task_id: ingestion_general). Invalid arguments were:
**kwargs: {'pull_policy': 'never'}
[2025-12-07T21:41:56.844+0000] {processor.py:842} WARNING - No viable dags retrieved from /opt/airflow/dags/pipeline_completo.py
[2025-12-07T21:41:56.897+0000] {processor.py:183} INFO - Processing /opt/airflow/dags/pipeline_completo.py took 0.086 seconds
[2025-12-07T21:42:27.146+0000] {processor.py:161} INFO - Started process (PID=213) to work on /opt/airflow/dags/pipeline_completo.py
[2025-12-07T21:42:27.147+0000] {processor.py:830} INFO - Processing file /opt/airflow/dags/pipeline_completo.py for tasks to queue
[2025-12-07T21:42:27.149+0000] {logging_mixin.py:188} INFO - [2025-12-07T21:42:27.148+0000] {dagbag.py:545} INFO - Filling up the DagBag from /opt/airflow/dags/pipeline_completo.py
[2025-12-07T21:42:27.186+0000] {logging_mixin.py:188} INFO - [2025-12-07T21:42:27.179+0000] {dagbag.py:355} ERROR - Failed to import: /opt/airflow/dags/pipeline_completo.py
Traceback (most recent call last):
  File "/home/airflow/.local/lib/python3.12/site-packages/airflow/models/dagbag.py", line 351, in parse
    loader.exec_module(new_module)
  File "<frozen importlib._bootstrap_external>", line 995, in exec_module
  File "<frozen importlib._bootstrap>", line 488, in _call_with_frames_removed
  File "/opt/airflow/dags/pipeline_completo.py", line 36, in <module>
    t_ingest_general = DockerOperator(
                       ^^^^^^^^^^^^^^^
  File "/home/airflow/.local/lib/python3.12/site-packages/airflow/models/baseoperator.py", line 484, in apply_defaults
    result = func(self, **kwargs, default_args=default_args)
             ^^^^^^^^^^^^^^^^^^^^^^^^^^^^^^^^^^^^^^^^^^^^^^^
  File "/home/airflow/.local/lib/python3.12/site-packages/airflow/providers/docker/operators/docker.py", line 272, in __init__
    super().__init__(**kwargs)
  File "/home/airflow/.local/lib/python3.12/site-packages/airflow/models/baseoperator.py", line 484, in apply_defaults
    result = func(self, **kwargs, default_args=default_args)
             ^^^^^^^^^^^^^^^^^^^^^^^^^^^^^^^^^^^^^^^^^^^^^^^
  File "/home/airflow/.local/lib/python3.12/site-packages/airflow/models/baseoperator.py", line 881, in __init__
    raise AirflowException(
airflow.exceptions.AirflowException: Invalid arguments were passed to DockerOperator (task_id: ingestion_general). Invalid arguments were:
**kwargs: {'pull_policy': 'never'}
[2025-12-07T21:42:27.188+0000] {processor.py:842} WARNING - No viable dags retrieved from /opt/airflow/dags/pipeline_completo.py
[2025-12-07T21:42:27.208+0000] {processor.py:183} INFO - Processing /opt/airflow/dags/pipeline_completo.py took 0.067 seconds
[2025-12-07T21:42:57.431+0000] {processor.py:161} INFO - Started process (PID=218) to work on /opt/airflow/dags/pipeline_completo.py
[2025-12-07T21:42:57.432+0000] {processor.py:830} INFO - Processing file /opt/airflow/dags/pipeline_completo.py for tasks to queue
[2025-12-07T21:42:57.434+0000] {logging_mixin.py:188} INFO - [2025-12-07T21:42:57.433+0000] {dagbag.py:545} INFO - Filling up the DagBag from /opt/airflow/dags/pipeline_completo.py
[2025-12-07T21:42:57.463+0000] {logging_mixin.py:188} INFO - [2025-12-07T21:42:57.457+0000] {dagbag.py:355} ERROR - Failed to import: /opt/airflow/dags/pipeline_completo.py
Traceback (most recent call last):
  File "/home/airflow/.local/lib/python3.12/site-packages/airflow/models/dagbag.py", line 351, in parse
    loader.exec_module(new_module)
  File "<frozen importlib._bootstrap_external>", line 995, in exec_module
  File "<frozen importlib._bootstrap>", line 488, in _call_with_frames_removed
  File "/opt/airflow/dags/pipeline_completo.py", line 36, in <module>
    t_ingest_general = DockerOperator(
                       ^^^^^^^^^^^^^^^
  File "/home/airflow/.local/lib/python3.12/site-packages/airflow/models/baseoperator.py", line 484, in apply_defaults
    result = func(self, **kwargs, default_args=default_args)
             ^^^^^^^^^^^^^^^^^^^^^^^^^^^^^^^^^^^^^^^^^^^^^^^
  File "/home/airflow/.local/lib/python3.12/site-packages/airflow/providers/docker/operators/docker.py", line 272, in __init__
    super().__init__(**kwargs)
  File "/home/airflow/.local/lib/python3.12/site-packages/airflow/models/baseoperator.py", line 484, in apply_defaults
    result = func(self, **kwargs, default_args=default_args)
             ^^^^^^^^^^^^^^^^^^^^^^^^^^^^^^^^^^^^^^^^^^^^^^^
  File "/home/airflow/.local/lib/python3.12/site-packages/airflow/models/baseoperator.py", line 881, in __init__
    raise AirflowException(
airflow.exceptions.AirflowException: Invalid arguments were passed to DockerOperator (task_id: ingestion_general). Invalid arguments were:
**kwargs: {'pull_policy': 'never'}
[2025-12-07T21:42:57.464+0000] {processor.py:842} WARNING - No viable dags retrieved from /opt/airflow/dags/pipeline_completo.py
[2025-12-07T21:42:57.478+0000] {processor.py:183} INFO - Processing /opt/airflow/dags/pipeline_completo.py took 0.051 seconds
[2025-12-07T21:47:23.214+0000] {processor.py:161} INFO - Started process (PID=167) to work on /opt/airflow/dags/pipeline_completo.py
[2025-12-07T21:47:23.216+0000] {processor.py:830} INFO - Processing file /opt/airflow/dags/pipeline_completo.py for tasks to queue
[2025-12-07T21:47:23.218+0000] {logging_mixin.py:188} INFO - [2025-12-07T21:47:23.218+0000] {dagbag.py:545} INFO - Filling up the DagBag from /opt/airflow/dags/pipeline_completo.py
[2025-12-07T21:47:23.258+0000] {logging_mixin.py:188} INFO - [2025-12-07T21:47:23.250+0000] {dagbag.py:355} ERROR - Failed to import: /opt/airflow/dags/pipeline_completo.py
Traceback (most recent call last):
  File "/home/airflow/.local/lib/python3.12/site-packages/airflow/models/dagbag.py", line 351, in parse
    loader.exec_module(new_module)
  File "<frozen importlib._bootstrap_external>", line 995, in exec_module
  File "<frozen importlib._bootstrap>", line 488, in _call_with_frames_removed
  File "/opt/airflow/dags/pipeline_completo.py", line 36, in <module>
    t_ingest_general = DockerOperator(
                       ^^^^^^^^^^^^^^^
  File "/home/airflow/.local/lib/python3.12/site-packages/airflow/models/baseoperator.py", line 484, in apply_defaults
    result = func(self, **kwargs, default_args=default_args)
             ^^^^^^^^^^^^^^^^^^^^^^^^^^^^^^^^^^^^^^^^^^^^^^^
  File "/home/airflow/.local/lib/python3.12/site-packages/airflow/providers/docker/operators/docker.py", line 272, in __init__
    super().__init__(**kwargs)
  File "/home/airflow/.local/lib/python3.12/site-packages/airflow/models/baseoperator.py", line 484, in apply_defaults
    result = func(self, **kwargs, default_args=default_args)
             ^^^^^^^^^^^^^^^^^^^^^^^^^^^^^^^^^^^^^^^^^^^^^^^
  File "/home/airflow/.local/lib/python3.12/site-packages/airflow/models/baseoperator.py", line 881, in __init__
    raise AirflowException(
airflow.exceptions.AirflowException: Invalid arguments were passed to DockerOperator (task_id: ingestion_general). Invalid arguments were:
**kwargs: {'pull_policy': 'never'}
[2025-12-07T21:47:23.259+0000] {processor.py:842} WARNING - No viable dags retrieved from /opt/airflow/dags/pipeline_completo.py
[2025-12-07T21:47:23.279+0000] {processor.py:183} INFO - Processing /opt/airflow/dags/pipeline_completo.py took 0.070 seconds
[2025-12-07T21:47:53.927+0000] {processor.py:161} INFO - Started process (PID=172) to work on /opt/airflow/dags/pipeline_completo.py
[2025-12-07T21:47:53.939+0000] {processor.py:830} INFO - Processing file /opt/airflow/dags/pipeline_completo.py for tasks to queue
[2025-12-07T21:47:53.949+0000] {logging_mixin.py:188} INFO - [2025-12-07T21:47:53.949+0000] {dagbag.py:545} INFO - Filling up the DagBag from /opt/airflow/dags/pipeline_completo.py
[2025-12-07T21:47:54.377+0000] {logging_mixin.py:188} INFO - [2025-12-07T21:47:54.315+0000] {dagbag.py:355} ERROR - Failed to import: /opt/airflow/dags/pipeline_completo.py
Traceback (most recent call last):
  File "/home/airflow/.local/lib/python3.12/site-packages/airflow/models/dagbag.py", line 351, in parse
    loader.exec_module(new_module)
  File "<frozen importlib._bootstrap_external>", line 995, in exec_module
  File "<frozen importlib._bootstrap>", line 488, in _call_with_frames_removed
  File "/opt/airflow/dags/pipeline_completo.py", line 36, in <module>
    t_ingest_general = DockerOperator(
                       ^^^^^^^^^^^^^^^
  File "/home/airflow/.local/lib/python3.12/site-packages/airflow/models/baseoperator.py", line 484, in apply_defaults
    result = func(self, **kwargs, default_args=default_args)
             ^^^^^^^^^^^^^^^^^^^^^^^^^^^^^^^^^^^^^^^^^^^^^^^
  File "/home/airflow/.local/lib/python3.12/site-packages/airflow/providers/docker/operators/docker.py", line 272, in __init__
    super().__init__(**kwargs)
  File "/home/airflow/.local/lib/python3.12/site-packages/airflow/models/baseoperator.py", line 484, in apply_defaults
    result = func(self, **kwargs, default_args=default_args)
             ^^^^^^^^^^^^^^^^^^^^^^^^^^^^^^^^^^^^^^^^^^^^^^^
  File "/home/airflow/.local/lib/python3.12/site-packages/airflow/models/baseoperator.py", line 881, in __init__
    raise AirflowException(
airflow.exceptions.AirflowException: Invalid arguments were passed to DockerOperator (task_id: ingestion_general). Invalid arguments were:
**kwargs: {'pull_policy': 'never'}
[2025-12-07T21:47:54.383+0000] {processor.py:842} WARNING - No viable dags retrieved from /opt/airflow/dags/pipeline_completo.py
[2025-12-07T21:47:54.415+0000] {processor.py:183} INFO - Processing /opt/airflow/dags/pipeline_completo.py took 0.492 seconds
[2025-12-07T21:48:24.745+0000] {processor.py:161} INFO - Started process (PID=177) to work on /opt/airflow/dags/pipeline_completo.py
[2025-12-07T21:48:24.746+0000] {processor.py:830} INFO - Processing file /opt/airflow/dags/pipeline_completo.py for tasks to queue
[2025-12-07T21:48:24.749+0000] {logging_mixin.py:188} INFO - [2025-12-07T21:48:24.748+0000] {dagbag.py:545} INFO - Filling up the DagBag from /opt/airflow/dags/pipeline_completo.py
[2025-12-07T21:48:24.781+0000] {logging_mixin.py:188} INFO - [2025-12-07T21:48:24.775+0000] {dagbag.py:355} ERROR - Failed to import: /opt/airflow/dags/pipeline_completo.py
Traceback (most recent call last):
  File "/home/airflow/.local/lib/python3.12/site-packages/airflow/models/dagbag.py", line 351, in parse
    loader.exec_module(new_module)
  File "<frozen importlib._bootstrap_external>", line 995, in exec_module
  File "<frozen importlib._bootstrap>", line 488, in _call_with_frames_removed
  File "/opt/airflow/dags/pipeline_completo.py", line 36, in <module>
    t_ingest_general = DockerOperator(
                       ^^^^^^^^^^^^^^^
  File "/home/airflow/.local/lib/python3.12/site-packages/airflow/models/baseoperator.py", line 484, in apply_defaults
    result = func(self, **kwargs, default_args=default_args)
             ^^^^^^^^^^^^^^^^^^^^^^^^^^^^^^^^^^^^^^^^^^^^^^^
  File "/home/airflow/.local/lib/python3.12/site-packages/airflow/providers/docker/operators/docker.py", line 272, in __init__
    super().__init__(**kwargs)
  File "/home/airflow/.local/lib/python3.12/site-packages/airflow/models/baseoperator.py", line 484, in apply_defaults
    result = func(self, **kwargs, default_args=default_args)
             ^^^^^^^^^^^^^^^^^^^^^^^^^^^^^^^^^^^^^^^^^^^^^^^
  File "/home/airflow/.local/lib/python3.12/site-packages/airflow/models/baseoperator.py", line 881, in __init__
    raise AirflowException(
airflow.exceptions.AirflowException: Invalid arguments were passed to DockerOperator (task_id: ingestion_general). Invalid arguments were:
**kwargs: {'pull_policy': 'never'}
[2025-12-07T21:48:24.782+0000] {processor.py:842} WARNING - No viable dags retrieved from /opt/airflow/dags/pipeline_completo.py
[2025-12-07T21:48:24.797+0000] {processor.py:183} INFO - Processing /opt/airflow/dags/pipeline_completo.py took 0.057 seconds
[2025-12-07T21:48:55.010+0000] {processor.py:161} INFO - Started process (PID=182) to work on /opt/airflow/dags/pipeline_completo.py
[2025-12-07T21:48:55.011+0000] {processor.py:830} INFO - Processing file /opt/airflow/dags/pipeline_completo.py for tasks to queue
[2025-12-07T21:48:55.013+0000] {logging_mixin.py:188} INFO - [2025-12-07T21:48:55.013+0000] {dagbag.py:545} INFO - Filling up the DagBag from /opt/airflow/dags/pipeline_completo.py
[2025-12-07T21:48:55.044+0000] {logging_mixin.py:188} INFO - [2025-12-07T21:48:55.037+0000] {dagbag.py:355} ERROR - Failed to import: /opt/airflow/dags/pipeline_completo.py
Traceback (most recent call last):
  File "/home/airflow/.local/lib/python3.12/site-packages/airflow/models/dagbag.py", line 351, in parse
    loader.exec_module(new_module)
  File "<frozen importlib._bootstrap_external>", line 995, in exec_module
  File "<frozen importlib._bootstrap>", line 488, in _call_with_frames_removed
  File "/opt/airflow/dags/pipeline_completo.py", line 36, in <module>
    t_ingest_general = DockerOperator(
                       ^^^^^^^^^^^^^^^
  File "/home/airflow/.local/lib/python3.12/site-packages/airflow/models/baseoperator.py", line 484, in apply_defaults
    result = func(self, **kwargs, default_args=default_args)
             ^^^^^^^^^^^^^^^^^^^^^^^^^^^^^^^^^^^^^^^^^^^^^^^
  File "/home/airflow/.local/lib/python3.12/site-packages/airflow/providers/docker/operators/docker.py", line 272, in __init__
    super().__init__(**kwargs)
  File "/home/airflow/.local/lib/python3.12/site-packages/airflow/models/baseoperator.py", line 484, in apply_defaults
    result = func(self, **kwargs, default_args=default_args)
             ^^^^^^^^^^^^^^^^^^^^^^^^^^^^^^^^^^^^^^^^^^^^^^^
  File "/home/airflow/.local/lib/python3.12/site-packages/airflow/models/baseoperator.py", line 881, in __init__
    raise AirflowException(
airflow.exceptions.AirflowException: Invalid arguments were passed to DockerOperator (task_id: ingestion_general). Invalid arguments were:
**kwargs: {'pull_policy': 'never'}
[2025-12-07T21:48:55.045+0000] {processor.py:842} WARNING - No viable dags retrieved from /opt/airflow/dags/pipeline_completo.py
[2025-12-07T21:48:55.077+0000] {processor.py:183} INFO - Processing /opt/airflow/dags/pipeline_completo.py took 0.073 seconds
[2025-12-07T21:49:25.297+0000] {processor.py:161} INFO - Started process (PID=187) to work on /opt/airflow/dags/pipeline_completo.py
[2025-12-07T21:49:25.298+0000] {processor.py:830} INFO - Processing file /opt/airflow/dags/pipeline_completo.py for tasks to queue
[2025-12-07T21:49:25.300+0000] {logging_mixin.py:188} INFO - [2025-12-07T21:49:25.300+0000] {dagbag.py:545} INFO - Filling up the DagBag from /opt/airflow/dags/pipeline_completo.py
[2025-12-07T21:49:25.336+0000] {logging_mixin.py:188} INFO - [2025-12-07T21:49:25.328+0000] {dagbag.py:355} ERROR - Failed to import: /opt/airflow/dags/pipeline_completo.py
Traceback (most recent call last):
  File "/home/airflow/.local/lib/python3.12/site-packages/airflow/models/dagbag.py", line 351, in parse
    loader.exec_module(new_module)
  File "<frozen importlib._bootstrap_external>", line 995, in exec_module
  File "<frozen importlib._bootstrap>", line 488, in _call_with_frames_removed
  File "/opt/airflow/dags/pipeline_completo.py", line 36, in <module>
    t_ingest_general = DockerOperator(
                       ^^^^^^^^^^^^^^^
  File "/home/airflow/.local/lib/python3.12/site-packages/airflow/models/baseoperator.py", line 484, in apply_defaults
    result = func(self, **kwargs, default_args=default_args)
             ^^^^^^^^^^^^^^^^^^^^^^^^^^^^^^^^^^^^^^^^^^^^^^^
  File "/home/airflow/.local/lib/python3.12/site-packages/airflow/providers/docker/operators/docker.py", line 272, in __init__
    super().__init__(**kwargs)
  File "/home/airflow/.local/lib/python3.12/site-packages/airflow/models/baseoperator.py", line 484, in apply_defaults
    result = func(self, **kwargs, default_args=default_args)
             ^^^^^^^^^^^^^^^^^^^^^^^^^^^^^^^^^^^^^^^^^^^^^^^
  File "/home/airflow/.local/lib/python3.12/site-packages/airflow/models/baseoperator.py", line 881, in __init__
    raise AirflowException(
airflow.exceptions.AirflowException: Invalid arguments were passed to DockerOperator (task_id: ingestion_general). Invalid arguments were:
**kwargs: {'pull_policy': 'never'}
[2025-12-07T21:49:25.337+0000] {processor.py:842} WARNING - No viable dags retrieved from /opt/airflow/dags/pipeline_completo.py
[2025-12-07T21:49:25.354+0000] {processor.py:183} INFO - Processing /opt/airflow/dags/pipeline_completo.py took 0.063 seconds
[2025-12-07T21:49:55.620+0000] {processor.py:161} INFO - Started process (PID=192) to work on /opt/airflow/dags/pipeline_completo.py
[2025-12-07T21:49:55.621+0000] {processor.py:830} INFO - Processing file /opt/airflow/dags/pipeline_completo.py for tasks to queue
[2025-12-07T21:49:55.623+0000] {logging_mixin.py:188} INFO - [2025-12-07T21:49:55.623+0000] {dagbag.py:545} INFO - Filling up the DagBag from /opt/airflow/dags/pipeline_completo.py
[2025-12-07T21:49:55.654+0000] {logging_mixin.py:188} INFO - [2025-12-07T21:49:55.647+0000] {dagbag.py:355} ERROR - Failed to import: /opt/airflow/dags/pipeline_completo.py
Traceback (most recent call last):
  File "/home/airflow/.local/lib/python3.12/site-packages/airflow/models/dagbag.py", line 351, in parse
    loader.exec_module(new_module)
  File "<frozen importlib._bootstrap_external>", line 995, in exec_module
  File "<frozen importlib._bootstrap>", line 488, in _call_with_frames_removed
  File "/opt/airflow/dags/pipeline_completo.py", line 36, in <module>
    t_ingest_general = DockerOperator(
                       ^^^^^^^^^^^^^^^
  File "/home/airflow/.local/lib/python3.12/site-packages/airflow/models/baseoperator.py", line 484, in apply_defaults
    result = func(self, **kwargs, default_args=default_args)
             ^^^^^^^^^^^^^^^^^^^^^^^^^^^^^^^^^^^^^^^^^^^^^^^
  File "/home/airflow/.local/lib/python3.12/site-packages/airflow/providers/docker/operators/docker.py", line 272, in __init__
    super().__init__(**kwargs)
  File "/home/airflow/.local/lib/python3.12/site-packages/airflow/models/baseoperator.py", line 484, in apply_defaults
    result = func(self, **kwargs, default_args=default_args)
             ^^^^^^^^^^^^^^^^^^^^^^^^^^^^^^^^^^^^^^^^^^^^^^^
  File "/home/airflow/.local/lib/python3.12/site-packages/airflow/models/baseoperator.py", line 881, in __init__
    raise AirflowException(
airflow.exceptions.AirflowException: Invalid arguments were passed to DockerOperator (task_id: ingestion_general). Invalid arguments were:
**kwargs: {'pull_policy': 'never'}
[2025-12-07T21:49:55.655+0000] {processor.py:842} WARNING - No viable dags retrieved from /opt/airflow/dags/pipeline_completo.py
[2025-12-07T21:49:55.669+0000] {processor.py:183} INFO - Processing /opt/airflow/dags/pipeline_completo.py took 0.054 seconds
[2025-12-07T21:50:25.932+0000] {processor.py:161} INFO - Started process (PID=197) to work on /opt/airflow/dags/pipeline_completo.py
[2025-12-07T21:50:25.933+0000] {processor.py:830} INFO - Processing file /opt/airflow/dags/pipeline_completo.py for tasks to queue
[2025-12-07T21:50:25.935+0000] {logging_mixin.py:188} INFO - [2025-12-07T21:50:25.935+0000] {dagbag.py:545} INFO - Filling up the DagBag from /opt/airflow/dags/pipeline_completo.py
[2025-12-07T21:50:25.968+0000] {logging_mixin.py:188} INFO - [2025-12-07T21:50:25.962+0000] {dagbag.py:355} ERROR - Failed to import: /opt/airflow/dags/pipeline_completo.py
Traceback (most recent call last):
  File "/home/airflow/.local/lib/python3.12/site-packages/airflow/models/dagbag.py", line 351, in parse
    loader.exec_module(new_module)
  File "<frozen importlib._bootstrap_external>", line 995, in exec_module
  File "<frozen importlib._bootstrap>", line 488, in _call_with_frames_removed
  File "/opt/airflow/dags/pipeline_completo.py", line 36, in <module>
    t_ingest_general = DockerOperator(
                       ^^^^^^^^^^^^^^^
  File "/home/airflow/.local/lib/python3.12/site-packages/airflow/models/baseoperator.py", line 484, in apply_defaults
    result = func(self, **kwargs, default_args=default_args)
             ^^^^^^^^^^^^^^^^^^^^^^^^^^^^^^^^^^^^^^^^^^^^^^^
  File "/home/airflow/.local/lib/python3.12/site-packages/airflow/providers/docker/operators/docker.py", line 272, in __init__
    super().__init__(**kwargs)
  File "/home/airflow/.local/lib/python3.12/site-packages/airflow/models/baseoperator.py", line 484, in apply_defaults
    result = func(self, **kwargs, default_args=default_args)
             ^^^^^^^^^^^^^^^^^^^^^^^^^^^^^^^^^^^^^^^^^^^^^^^
  File "/home/airflow/.local/lib/python3.12/site-packages/airflow/models/baseoperator.py", line 881, in __init__
    raise AirflowException(
airflow.exceptions.AirflowException: Invalid arguments were passed to DockerOperator (task_id: ingestion_general). Invalid arguments were:
**kwargs: {'pull_policy': 'never'}
[2025-12-07T21:50:25.969+0000] {processor.py:842} WARNING - No viable dags retrieved from /opt/airflow/dags/pipeline_completo.py
[2025-12-07T21:50:25.984+0000] {processor.py:183} INFO - Processing /opt/airflow/dags/pipeline_completo.py took 0.057 seconds
[2025-12-07T21:50:56.179+0000] {processor.py:161} INFO - Started process (PID=202) to work on /opt/airflow/dags/pipeline_completo.py
[2025-12-07T21:50:56.181+0000] {processor.py:830} INFO - Processing file /opt/airflow/dags/pipeline_completo.py for tasks to queue
[2025-12-07T21:50:56.183+0000] {logging_mixin.py:188} INFO - [2025-12-07T21:50:56.183+0000] {dagbag.py:545} INFO - Filling up the DagBag from /opt/airflow/dags/pipeline_completo.py
[2025-12-07T21:50:56.217+0000] {logging_mixin.py:188} INFO - [2025-12-07T21:50:56.209+0000] {dagbag.py:355} ERROR - Failed to import: /opt/airflow/dags/pipeline_completo.py
Traceback (most recent call last):
  File "/home/airflow/.local/lib/python3.12/site-packages/airflow/models/dagbag.py", line 351, in parse
    loader.exec_module(new_module)
  File "<frozen importlib._bootstrap_external>", line 995, in exec_module
  File "<frozen importlib._bootstrap>", line 488, in _call_with_frames_removed
  File "/opt/airflow/dags/pipeline_completo.py", line 36, in <module>
    t_ingest_general = DockerOperator(
                       ^^^^^^^^^^^^^^^
  File "/home/airflow/.local/lib/python3.12/site-packages/airflow/models/baseoperator.py", line 484, in apply_defaults
    result = func(self, **kwargs, default_args=default_args)
             ^^^^^^^^^^^^^^^^^^^^^^^^^^^^^^^^^^^^^^^^^^^^^^^
  File "/home/airflow/.local/lib/python3.12/site-packages/airflow/providers/docker/operators/docker.py", line 272, in __init__
    super().__init__(**kwargs)
  File "/home/airflow/.local/lib/python3.12/site-packages/airflow/models/baseoperator.py", line 484, in apply_defaults
    result = func(self, **kwargs, default_args=default_args)
             ^^^^^^^^^^^^^^^^^^^^^^^^^^^^^^^^^^^^^^^^^^^^^^^
  File "/home/airflow/.local/lib/python3.12/site-packages/airflow/models/baseoperator.py", line 881, in __init__
    raise AirflowException(
airflow.exceptions.AirflowException: Invalid arguments were passed to DockerOperator (task_id: ingestion_general). Invalid arguments were:
**kwargs: {'pull_policy': 'never'}
[2025-12-07T21:50:56.218+0000] {processor.py:842} WARNING - No viable dags retrieved from /opt/airflow/dags/pipeline_completo.py
[2025-12-07T21:50:56.238+0000] {processor.py:183} INFO - Processing /opt/airflow/dags/pipeline_completo.py took 0.066 seconds
[2025-12-07T21:51:08.397+0000] {processor.py:161} INFO - Started process (PID=207) to work on /opt/airflow/dags/pipeline_completo.py
[2025-12-07T21:51:08.398+0000] {processor.py:830} INFO - Processing file /opt/airflow/dags/pipeline_completo.py for tasks to queue
[2025-12-07T21:51:08.401+0000] {logging_mixin.py:188} INFO - [2025-12-07T21:51:08.401+0000] {dagbag.py:545} INFO - Filling up the DagBag from /opt/airflow/dags/pipeline_completo.py
[2025-12-07T21:51:08.468+0000] {processor.py:840} INFO - DAG(s) 'flujo_etl_completo' retrieved from /opt/airflow/dags/pipeline_completo.py
[2025-12-07T21:51:08.715+0000] {logging_mixin.py:188} INFO - [2025-12-07T21:51:08.715+0000] {override.py:1829} INFO - Created Permission View: can delete on DAG:flujo_etl_completo
[2025-12-07T21:51:08.726+0000] {logging_mixin.py:188} INFO - [2025-12-07T21:51:08.725+0000] {override.py:1829} INFO - Created Permission View: can read on DAG:flujo_etl_completo
[2025-12-07T21:51:08.732+0000] {logging_mixin.py:188} INFO - [2025-12-07T21:51:08.732+0000] {override.py:1829} INFO - Created Permission View: can edit on DAG:flujo_etl_completo
[2025-12-07T21:51:08.733+0000] {logging_mixin.py:188} INFO - [2025-12-07T21:51:08.733+0000] {dag.py:3096} INFO - Sync 1 DAGs
[2025-12-07T21:51:08.747+0000] {logging_mixin.py:188} INFO - [2025-12-07T21:51:08.747+0000] {dag.py:3118} INFO - Creating ORM DAG for flujo_etl_completo
[2025-12-07T21:51:08.758+0000] {logging_mixin.py:188} INFO - [2025-12-07T21:51:08.758+0000] {dag.py:3954} INFO - Setting next_dagrun for flujo_etl_completo to 2025-12-07 20:00:00+00:00, run_after=2025-12-07 21:00:00+00:00
[2025-12-07T21:51:08.781+0000] {processor.py:183} INFO - Processing /opt/airflow/dags/pipeline_completo.py took 0.391 seconds
[2025-12-07T21:54:16.644+0000] {processor.py:161} INFO - Started process (PID=169) to work on /opt/airflow/dags/pipeline_completo.py
[2025-12-07T21:54:16.646+0000] {processor.py:830} INFO - Processing file /opt/airflow/dags/pipeline_completo.py for tasks to queue
[2025-12-07T21:54:16.650+0000] {logging_mixin.py:188} INFO - [2025-12-07T21:54:16.649+0000] {dagbag.py:545} INFO - Filling up the DagBag from /opt/airflow/dags/pipeline_completo.py
[2025-12-07T21:54:16.740+0000] {processor.py:840} INFO - DAG(s) 'flujo_etl_completo' retrieved from /opt/airflow/dags/pipeline_completo.py
[2025-12-07T21:54:17.189+0000] {logging_mixin.py:188} INFO - [2025-12-07T21:54:17.188+0000] {override.py:1829} INFO - Created Permission View: can read on DAG:flujo_etl_completo
[2025-12-07T21:54:17.208+0000] {logging_mixin.py:188} INFO - [2025-12-07T21:54:17.207+0000] {override.py:1829} INFO - Created Permission View: can edit on DAG:flujo_etl_completo
[2025-12-07T21:54:17.221+0000] {logging_mixin.py:188} INFO - [2025-12-07T21:54:17.221+0000] {override.py:1829} INFO - Created Permission View: can delete on DAG:flujo_etl_completo
[2025-12-07T21:54:17.222+0000] {logging_mixin.py:188} INFO - [2025-12-07T21:54:17.222+0000] {dag.py:3096} INFO - Sync 1 DAGs
[2025-12-07T21:54:17.237+0000] {logging_mixin.py:188} INFO - [2025-12-07T21:54:17.237+0000] {dag.py:3118} INFO - Creating ORM DAG for flujo_etl_completo
[2025-12-07T21:54:17.253+0000] {logging_mixin.py:188} INFO - [2025-12-07T21:54:17.253+0000] {dag.py:3954} INFO - Setting next_dagrun for flujo_etl_completo to 2025-12-07 20:00:00+00:00, run_after=2025-12-07 21:00:00+00:00
[2025-12-07T21:54:17.299+0000] {processor.py:183} INFO - Processing /opt/airflow/dags/pipeline_completo.py took 0.665 seconds
[2025-12-07T21:54:47.619+0000] {processor.py:161} INFO - Started process (PID=178) to work on /opt/airflow/dags/pipeline_completo.py
[2025-12-07T21:54:47.623+0000] {processor.py:830} INFO - Processing file /opt/airflow/dags/pipeline_completo.py for tasks to queue
[2025-12-07T21:54:47.628+0000] {logging_mixin.py:188} INFO - [2025-12-07T21:54:47.627+0000] {dagbag.py:545} INFO - Filling up the DagBag from /opt/airflow/dags/pipeline_completo.py
[2025-12-07T21:54:47.664+0000] {processor.py:840} INFO - DAG(s) 'flujo_etl_completo' retrieved from /opt/airflow/dags/pipeline_completo.py
[2025-12-07T21:54:47.691+0000] {logging_mixin.py:188} INFO - [2025-12-07T21:54:47.691+0000] {dag.py:3096} INFO - Sync 1 DAGs
[2025-12-07T21:54:47.715+0000] {logging_mixin.py:188} INFO - [2025-12-07T21:54:47.715+0000] {dag.py:3954} INFO - Setting next_dagrun for flujo_etl_completo to 2025-12-07 21:00:00+00:00, run_after=2025-12-07 22:00:00+00:00
[2025-12-07T21:54:47.734+0000] {processor.py:183} INFO - Processing /opt/airflow/dags/pipeline_completo.py took 0.121 seconds
[2025-12-07T21:55:17.871+0000] {processor.py:161} INFO - Started process (PID=183) to work on /opt/airflow/dags/pipeline_completo.py
[2025-12-07T21:55:17.873+0000] {processor.py:830} INFO - Processing file /opt/airflow/dags/pipeline_completo.py for tasks to queue
[2025-12-07T21:55:17.874+0000] {logging_mixin.py:188} INFO - [2025-12-07T21:55:17.874+0000] {dagbag.py:545} INFO - Filling up the DagBag from /opt/airflow/dags/pipeline_completo.py
[2025-12-07T21:55:17.898+0000] {processor.py:840} INFO - DAG(s) 'flujo_etl_completo' retrieved from /opt/airflow/dags/pipeline_completo.py
[2025-12-07T21:55:17.920+0000] {logging_mixin.py:188} INFO - [2025-12-07T21:55:17.920+0000] {dag.py:3096} INFO - Sync 1 DAGs
[2025-12-07T21:55:17.954+0000] {logging_mixin.py:188} INFO - [2025-12-07T21:55:17.954+0000] {dag.py:3954} INFO - Setting next_dagrun for flujo_etl_completo to 2025-12-07 21:00:00+00:00, run_after=2025-12-07 22:00:00+00:00
[2025-12-07T21:55:17.987+0000] {processor.py:183} INFO - Processing /opt/airflow/dags/pipeline_completo.py took 0.120 seconds
[2025-12-07T21:55:48.229+0000] {processor.py:161} INFO - Started process (PID=188) to work on /opt/airflow/dags/pipeline_completo.py
[2025-12-07T21:55:48.230+0000] {processor.py:830} INFO - Processing file /opt/airflow/dags/pipeline_completo.py for tasks to queue
[2025-12-07T21:55:48.232+0000] {logging_mixin.py:188} INFO - [2025-12-07T21:55:48.232+0000] {dagbag.py:545} INFO - Filling up the DagBag from /opt/airflow/dags/pipeline_completo.py
[2025-12-07T21:55:48.259+0000] {processor.py:840} INFO - DAG(s) 'flujo_etl_completo' retrieved from /opt/airflow/dags/pipeline_completo.py
[2025-12-07T21:55:48.280+0000] {logging_mixin.py:188} INFO - [2025-12-07T21:55:48.279+0000] {dag.py:3096} INFO - Sync 1 DAGs
[2025-12-07T21:55:48.297+0000] {logging_mixin.py:188} INFO - [2025-12-07T21:55:48.297+0000] {dag.py:3954} INFO - Setting next_dagrun for flujo_etl_completo to 2025-12-07 21:00:00+00:00, run_after=2025-12-07 22:00:00+00:00
[2025-12-07T21:55:48.315+0000] {processor.py:183} INFO - Processing /opt/airflow/dags/pipeline_completo.py took 0.090 seconds
[2025-12-07T21:56:18.536+0000] {processor.py:161} INFO - Started process (PID=193) to work on /opt/airflow/dags/pipeline_completo.py
[2025-12-07T21:56:18.538+0000] {processor.py:830} INFO - Processing file /opt/airflow/dags/pipeline_completo.py for tasks to queue
[2025-12-07T21:56:18.540+0000] {logging_mixin.py:188} INFO - [2025-12-07T21:56:18.539+0000] {dagbag.py:545} INFO - Filling up the DagBag from /opt/airflow/dags/pipeline_completo.py
[2025-12-07T21:56:18.562+0000] {processor.py:840} INFO - DAG(s) 'flujo_etl_completo' retrieved from /opt/airflow/dags/pipeline_completo.py
[2025-12-07T21:56:18.584+0000] {logging_mixin.py:188} INFO - [2025-12-07T21:56:18.584+0000] {dag.py:3096} INFO - Sync 1 DAGs
[2025-12-07T21:56:18.603+0000] {logging_mixin.py:188} INFO - [2025-12-07T21:56:18.603+0000] {dag.py:3954} INFO - Setting next_dagrun for flujo_etl_completo to 2025-12-07 21:00:00+00:00, run_after=2025-12-07 22:00:00+00:00
[2025-12-07T21:56:18.619+0000] {processor.py:183} INFO - Processing /opt/airflow/dags/pipeline_completo.py took 0.088 seconds
[2025-12-07T21:56:48.844+0000] {processor.py:161} INFO - Started process (PID=198) to work on /opt/airflow/dags/pipeline_completo.py
[2025-12-07T21:56:48.846+0000] {processor.py:830} INFO - Processing file /opt/airflow/dags/pipeline_completo.py for tasks to queue
[2025-12-07T21:56:48.848+0000] {logging_mixin.py:188} INFO - [2025-12-07T21:56:48.848+0000] {dagbag.py:545} INFO - Filling up the DagBag from /opt/airflow/dags/pipeline_completo.py
[2025-12-07T21:56:48.879+0000] {processor.py:840} INFO - DAG(s) 'flujo_etl_completo' retrieved from /opt/airflow/dags/pipeline_completo.py
[2025-12-07T21:56:48.905+0000] {logging_mixin.py:188} INFO - [2025-12-07T21:56:48.905+0000] {dag.py:3096} INFO - Sync 1 DAGs
[2025-12-07T21:56:48.929+0000] {logging_mixin.py:188} INFO - [2025-12-07T21:56:48.929+0000] {dag.py:3954} INFO - Setting next_dagrun for flujo_etl_completo to 2025-12-07 21:00:00+00:00, run_after=2025-12-07 22:00:00+00:00
[2025-12-07T21:56:48.950+0000] {processor.py:183} INFO - Processing /opt/airflow/dags/pipeline_completo.py took 0.112 seconds
[2025-12-07T21:57:19.068+0000] {processor.py:161} INFO - Started process (PID=203) to work on /opt/airflow/dags/pipeline_completo.py
[2025-12-07T21:57:19.069+0000] {processor.py:830} INFO - Processing file /opt/airflow/dags/pipeline_completo.py for tasks to queue
[2025-12-07T21:57:19.071+0000] {logging_mixin.py:188} INFO - [2025-12-07T21:57:19.071+0000] {dagbag.py:545} INFO - Filling up the DagBag from /opt/airflow/dags/pipeline_completo.py
[2025-12-07T21:57:19.100+0000] {processor.py:840} INFO - DAG(s) 'flujo_etl_completo' retrieved from /opt/airflow/dags/pipeline_completo.py
[2025-12-07T21:57:19.126+0000] {logging_mixin.py:188} INFO - [2025-12-07T21:57:19.125+0000] {dag.py:3096} INFO - Sync 1 DAGs
[2025-12-07T21:57:19.146+0000] {logging_mixin.py:188} INFO - [2025-12-07T21:57:19.146+0000] {dag.py:3954} INFO - Setting next_dagrun for flujo_etl_completo to 2025-12-07 21:00:00+00:00, run_after=2025-12-07 22:00:00+00:00
[2025-12-07T21:57:19.169+0000] {processor.py:183} INFO - Processing /opt/airflow/dags/pipeline_completo.py took 0.105 seconds
[2025-12-07T21:57:49.434+0000] {processor.py:161} INFO - Started process (PID=208) to work on /opt/airflow/dags/pipeline_completo.py
[2025-12-07T21:57:49.435+0000] {processor.py:830} INFO - Processing file /opt/airflow/dags/pipeline_completo.py for tasks to queue
[2025-12-07T21:57:49.437+0000] {logging_mixin.py:188} INFO - [2025-12-07T21:57:49.437+0000] {dagbag.py:545} INFO - Filling up the DagBag from /opt/airflow/dags/pipeline_completo.py
[2025-12-07T21:57:49.470+0000] {processor.py:840} INFO - DAG(s) 'flujo_etl_completo' retrieved from /opt/airflow/dags/pipeline_completo.py
[2025-12-07T21:57:49.495+0000] {logging_mixin.py:188} INFO - [2025-12-07T21:57:49.495+0000] {dag.py:3096} INFO - Sync 1 DAGs
[2025-12-07T21:57:49.516+0000] {logging_mixin.py:188} INFO - [2025-12-07T21:57:49.516+0000] {dag.py:3954} INFO - Setting next_dagrun for flujo_etl_completo to 2025-12-07 21:00:00+00:00, run_after=2025-12-07 22:00:00+00:00
[2025-12-07T21:57:49.535+0000] {processor.py:183} INFO - Processing /opt/airflow/dags/pipeline_completo.py took 0.106 seconds
[2025-12-07T21:58:19.709+0000] {processor.py:161} INFO - Started process (PID=213) to work on /opt/airflow/dags/pipeline_completo.py
[2025-12-07T21:58:19.710+0000] {processor.py:830} INFO - Processing file /opt/airflow/dags/pipeline_completo.py for tasks to queue
[2025-12-07T21:58:19.712+0000] {logging_mixin.py:188} INFO - [2025-12-07T21:58:19.711+0000] {dagbag.py:545} INFO - Filling up the DagBag from /opt/airflow/dags/pipeline_completo.py
[2025-12-07T21:58:19.735+0000] {processor.py:840} INFO - DAG(s) 'flujo_etl_completo' retrieved from /opt/airflow/dags/pipeline_completo.py
[2025-12-07T21:58:19.759+0000] {logging_mixin.py:188} INFO - [2025-12-07T21:58:19.759+0000] {dag.py:3096} INFO - Sync 1 DAGs
[2025-12-07T21:58:19.776+0000] {logging_mixin.py:188} INFO - [2025-12-07T21:58:19.776+0000] {dag.py:3954} INFO - Setting next_dagrun for flujo_etl_completo to 2025-12-07 21:00:00+00:00, run_after=2025-12-07 22:00:00+00:00
[2025-12-07T21:58:19.794+0000] {processor.py:183} INFO - Processing /opt/airflow/dags/pipeline_completo.py took 0.090 seconds
[2025-12-07T21:58:50.066+0000] {processor.py:161} INFO - Started process (PID=218) to work on /opt/airflow/dags/pipeline_completo.py
[2025-12-07T21:58:50.067+0000] {processor.py:830} INFO - Processing file /opt/airflow/dags/pipeline_completo.py for tasks to queue
[2025-12-07T21:58:50.068+0000] {logging_mixin.py:188} INFO - [2025-12-07T21:58:50.068+0000] {dagbag.py:545} INFO - Filling up the DagBag from /opt/airflow/dags/pipeline_completo.py
[2025-12-07T21:58:50.092+0000] {processor.py:840} INFO - DAG(s) 'flujo_etl_completo' retrieved from /opt/airflow/dags/pipeline_completo.py
[2025-12-07T21:58:50.112+0000] {logging_mixin.py:188} INFO - [2025-12-07T21:58:50.111+0000] {dag.py:3096} INFO - Sync 1 DAGs
[2025-12-07T21:58:50.128+0000] {logging_mixin.py:188} INFO - [2025-12-07T21:58:50.127+0000] {dag.py:3954} INFO - Setting next_dagrun for flujo_etl_completo to 2025-12-07 21:00:00+00:00, run_after=2025-12-07 22:00:00+00:00
[2025-12-07T21:58:50.144+0000] {processor.py:183} INFO - Processing /opt/airflow/dags/pipeline_completo.py took 0.083 seconds
[2025-12-07T21:59:20.350+0000] {processor.py:161} INFO - Started process (PID=223) to work on /opt/airflow/dags/pipeline_completo.py
[2025-12-07T21:59:20.351+0000] {processor.py:830} INFO - Processing file /opt/airflow/dags/pipeline_completo.py for tasks to queue
[2025-12-07T21:59:20.353+0000] {logging_mixin.py:188} INFO - [2025-12-07T21:59:20.353+0000] {dagbag.py:545} INFO - Filling up the DagBag from /opt/airflow/dags/pipeline_completo.py
[2025-12-07T21:59:20.378+0000] {processor.py:840} INFO - DAG(s) 'flujo_etl_completo' retrieved from /opt/airflow/dags/pipeline_completo.py
[2025-12-07T21:59:20.399+0000] {logging_mixin.py:188} INFO - [2025-12-07T21:59:20.399+0000] {dag.py:3096} INFO - Sync 1 DAGs
[2025-12-07T21:59:20.416+0000] {logging_mixin.py:188} INFO - [2025-12-07T21:59:20.416+0000] {dag.py:3954} INFO - Setting next_dagrun for flujo_etl_completo to 2025-12-07 21:00:00+00:00, run_after=2025-12-07 22:00:00+00:00
[2025-12-07T21:59:20.433+0000] {processor.py:183} INFO - Processing /opt/airflow/dags/pipeline_completo.py took 0.087 seconds
[2025-12-07T21:59:50.684+0000] {processor.py:161} INFO - Started process (PID=228) to work on /opt/airflow/dags/pipeline_completo.py
[2025-12-07T21:59:50.686+0000] {processor.py:830} INFO - Processing file /opt/airflow/dags/pipeline_completo.py for tasks to queue
[2025-12-07T21:59:50.688+0000] {logging_mixin.py:188} INFO - [2025-12-07T21:59:50.688+0000] {dagbag.py:545} INFO - Filling up the DagBag from /opt/airflow/dags/pipeline_completo.py
[2025-12-07T21:59:50.714+0000] {processor.py:840} INFO - DAG(s) 'flujo_etl_completo' retrieved from /opt/airflow/dags/pipeline_completo.py
[2025-12-07T21:59:50.735+0000] {logging_mixin.py:188} INFO - [2025-12-07T21:59:50.734+0000] {dag.py:3096} INFO - Sync 1 DAGs
[2025-12-07T21:59:50.752+0000] {logging_mixin.py:188} INFO - [2025-12-07T21:59:50.752+0000] {dag.py:3954} INFO - Setting next_dagrun for flujo_etl_completo to 2025-12-07 21:00:00+00:00, run_after=2025-12-07 22:00:00+00:00
[2025-12-07T21:59:50.770+0000] {processor.py:183} INFO - Processing /opt/airflow/dags/pipeline_completo.py took 0.090 seconds
[2025-12-07T22:00:21.041+0000] {processor.py:161} INFO - Started process (PID=237) to work on /opt/airflow/dags/pipeline_completo.py
[2025-12-07T22:00:21.042+0000] {processor.py:830} INFO - Processing file /opt/airflow/dags/pipeline_completo.py for tasks to queue
[2025-12-07T22:00:21.044+0000] {logging_mixin.py:188} INFO - [2025-12-07T22:00:21.044+0000] {dagbag.py:545} INFO - Filling up the DagBag from /opt/airflow/dags/pipeline_completo.py
[2025-12-07T22:00:21.070+0000] {processor.py:840} INFO - DAG(s) 'flujo_etl_completo' retrieved from /opt/airflow/dags/pipeline_completo.py
[2025-12-07T22:00:21.089+0000] {logging_mixin.py:188} INFO - [2025-12-07T22:00:21.089+0000] {dag.py:3096} INFO - Sync 1 DAGs
[2025-12-07T22:00:21.107+0000] {logging_mixin.py:188} INFO - [2025-12-07T22:00:21.107+0000] {dag.py:3954} INFO - Setting next_dagrun for flujo_etl_completo to 2025-12-07 22:00:00+00:00, run_after=2025-12-07 23:00:00+00:00
[2025-12-07T22:00:21.136+0000] {processor.py:183} INFO - Processing /opt/airflow/dags/pipeline_completo.py took 0.100 seconds
[2025-12-07T22:00:51.579+0000] {processor.py:161} INFO - Started process (PID=242) to work on /opt/airflow/dags/pipeline_completo.py
[2025-12-07T22:00:51.589+0000] {processor.py:830} INFO - Processing file /opt/airflow/dags/pipeline_completo.py for tasks to queue
[2025-12-07T22:00:51.603+0000] {logging_mixin.py:188} INFO - [2025-12-07T22:00:51.602+0000] {dagbag.py:545} INFO - Filling up the DagBag from /opt/airflow/dags/pipeline_completo.py
[2025-12-07T22:00:51.756+0000] {processor.py:840} INFO - DAG(s) 'flujo_etl_completo' retrieved from /opt/airflow/dags/pipeline_completo.py
[2025-12-07T22:00:51.778+0000] {logging_mixin.py:188} INFO - [2025-12-07T22:00:51.778+0000] {dag.py:3096} INFO - Sync 1 DAGs
[2025-12-07T22:00:51.797+0000] {logging_mixin.py:188} INFO - [2025-12-07T22:00:51.797+0000] {dag.py:3954} INFO - Setting next_dagrun for flujo_etl_completo to 2025-12-07 22:00:00+00:00, run_after=2025-12-07 23:00:00+00:00
[2025-12-07T22:00:51.815+0000] {processor.py:183} INFO - Processing /opt/airflow/dags/pipeline_completo.py took 0.244 seconds
[2025-12-07T22:12:06.891+0000] {processor.py:161} INFO - Started process (PID=168) to work on /opt/airflow/dags/pipeline_completo.py
[2025-12-07T22:12:06.895+0000] {processor.py:830} INFO - Processing file /opt/airflow/dags/pipeline_completo.py for tasks to queue
[2025-12-07T22:12:06.899+0000] {logging_mixin.py:188} INFO - [2025-12-07T22:12:06.898+0000] {dagbag.py:545} INFO - Filling up the DagBag from /opt/airflow/dags/pipeline_completo.py
[2025-12-07T22:12:06.955+0000] {processor.py:840} INFO - DAG(s) 'flujo_etl_completo' retrieved from /opt/airflow/dags/pipeline_completo.py
[2025-12-07T22:12:07.422+0000] {logging_mixin.py:188} INFO - [2025-12-07T22:12:07.419+0000] {override.py:1829} INFO - Created Permission View: can edit on DAG:flujo_etl_completo
[2025-12-07T22:12:07.462+0000] {logging_mixin.py:188} INFO - [2025-12-07T22:12:07.461+0000] {override.py:1829} INFO - Created Permission View: can read on DAG:flujo_etl_completo
[2025-12-07T22:12:07.486+0000] {logging_mixin.py:188} INFO - [2025-12-07T22:12:07.485+0000] {override.py:1829} INFO - Created Permission View: can delete on DAG:flujo_etl_completo
[2025-12-07T22:12:07.492+0000] {logging_mixin.py:188} INFO - [2025-12-07T22:12:07.491+0000] {dag.py:3096} INFO - Sync 1 DAGs
[2025-12-07T22:12:07.525+0000] {logging_mixin.py:188} INFO - [2025-12-07T22:12:07.524+0000] {dag.py:3118} INFO - Creating ORM DAG for flujo_etl_completo
[2025-12-07T22:12:07.557+0000] {logging_mixin.py:188} INFO - [2025-12-07T22:12:07.557+0000] {dag.py:3954} INFO - Setting next_dagrun for flujo_etl_completo to 2025-12-07 21:00:00+00:00, run_after=2025-12-07 22:00:00+00:00
[2025-12-07T22:12:07.606+0000] {processor.py:183} INFO - Processing /opt/airflow/dags/pipeline_completo.py took 0.723 seconds
[2025-12-07T22:12:38.030+0000] {processor.py:161} INFO - Started process (PID=177) to work on /opt/airflow/dags/pipeline_completo.py
[2025-12-07T22:12:38.032+0000] {processor.py:830} INFO - Processing file /opt/airflow/dags/pipeline_completo.py for tasks to queue
[2025-12-07T22:12:38.038+0000] {logging_mixin.py:188} INFO - [2025-12-07T22:12:38.036+0000] {dagbag.py:545} INFO - Filling up the DagBag from /opt/airflow/dags/pipeline_completo.py
[2025-12-07T22:12:38.134+0000] {processor.py:840} INFO - DAG(s) 'flujo_etl_completo' retrieved from /opt/airflow/dags/pipeline_completo.py
[2025-12-07T22:12:38.190+0000] {logging_mixin.py:188} INFO - [2025-12-07T22:12:38.190+0000] {dag.py:3096} INFO - Sync 1 DAGs
[2025-12-07T22:12:38.241+0000] {logging_mixin.py:188} INFO - [2025-12-07T22:12:38.241+0000] {dag.py:3954} INFO - Setting next_dagrun for flujo_etl_completo to 2025-12-07 22:00:00+00:00, run_after=2025-12-07 23:00:00+00:00
[2025-12-07T22:12:38.282+0000] {processor.py:183} INFO - Processing /opt/airflow/dags/pipeline_completo.py took 0.272 seconds
[2025-12-07T22:13:08.456+0000] {processor.py:161} INFO - Started process (PID=182) to work on /opt/airflow/dags/pipeline_completo.py
[2025-12-07T22:13:08.459+0000] {processor.py:830} INFO - Processing file /opt/airflow/dags/pipeline_completo.py for tasks to queue
[2025-12-07T22:13:08.462+0000] {logging_mixin.py:188} INFO - [2025-12-07T22:13:08.461+0000] {dagbag.py:545} INFO - Filling up the DagBag from /opt/airflow/dags/pipeline_completo.py
[2025-12-07T22:13:08.508+0000] {processor.py:840} INFO - DAG(s) 'flujo_etl_completo' retrieved from /opt/airflow/dags/pipeline_completo.py
[2025-12-07T22:13:08.543+0000] {logging_mixin.py:188} INFO - [2025-12-07T22:13:08.543+0000] {dag.py:3096} INFO - Sync 1 DAGs
[2025-12-07T22:13:08.575+0000] {logging_mixin.py:188} INFO - [2025-12-07T22:13:08.575+0000] {dag.py:3954} INFO - Setting next_dagrun for flujo_etl_completo to 2025-12-07 22:00:00+00:00, run_after=2025-12-07 23:00:00+00:00
[2025-12-07T22:13:08.605+0000] {processor.py:183} INFO - Processing /opt/airflow/dags/pipeline_completo.py took 0.158 seconds
[2025-12-07T22:13:38.752+0000] {processor.py:161} INFO - Started process (PID=187) to work on /opt/airflow/dags/pipeline_completo.py
[2025-12-07T22:13:38.753+0000] {processor.py:830} INFO - Processing file /opt/airflow/dags/pipeline_completo.py for tasks to queue
[2025-12-07T22:13:38.755+0000] {logging_mixin.py:188} INFO - [2025-12-07T22:13:38.755+0000] {dagbag.py:545} INFO - Filling up the DagBag from /opt/airflow/dags/pipeline_completo.py
[2025-12-07T22:13:38.780+0000] {processor.py:840} INFO - DAG(s) 'flujo_etl_completo' retrieved from /opt/airflow/dags/pipeline_completo.py
[2025-12-07T22:13:38.805+0000] {logging_mixin.py:188} INFO - [2025-12-07T22:13:38.805+0000] {dag.py:3096} INFO - Sync 1 DAGs
[2025-12-07T22:13:38.822+0000] {logging_mixin.py:188} INFO - [2025-12-07T22:13:38.822+0000] {dag.py:3954} INFO - Setting next_dagrun for flujo_etl_completo to 2025-12-07 22:00:00+00:00, run_after=2025-12-07 23:00:00+00:00
[2025-12-07T22:13:38.844+0000] {processor.py:183} INFO - Processing /opt/airflow/dags/pipeline_completo.py took 0.097 seconds
[2025-12-07T22:14:09.158+0000] {processor.py:161} INFO - Started process (PID=192) to work on /opt/airflow/dags/pipeline_completo.py
[2025-12-07T22:14:09.159+0000] {processor.py:830} INFO - Processing file /opt/airflow/dags/pipeline_completo.py for tasks to queue
[2025-12-07T22:14:09.161+0000] {logging_mixin.py:188} INFO - [2025-12-07T22:14:09.160+0000] {dagbag.py:545} INFO - Filling up the DagBag from /opt/airflow/dags/pipeline_completo.py
[2025-12-07T22:14:09.185+0000] {processor.py:840} INFO - DAG(s) 'flujo_etl_completo' retrieved from /opt/airflow/dags/pipeline_completo.py
[2025-12-07T22:14:09.208+0000] {logging_mixin.py:188} INFO - [2025-12-07T22:14:09.207+0000] {dag.py:3096} INFO - Sync 1 DAGs
[2025-12-07T22:14:09.227+0000] {logging_mixin.py:188} INFO - [2025-12-07T22:14:09.227+0000] {dag.py:3954} INFO - Setting next_dagrun for flujo_etl_completo to 2025-12-07 22:00:00+00:00, run_after=2025-12-07 23:00:00+00:00
[2025-12-07T22:14:09.242+0000] {processor.py:183} INFO - Processing /opt/airflow/dags/pipeline_completo.py took 0.089 seconds
[2025-12-07T22:14:39.441+0000] {processor.py:161} INFO - Started process (PID=197) to work on /opt/airflow/dags/pipeline_completo.py
[2025-12-07T22:14:39.442+0000] {processor.py:830} INFO - Processing file /opt/airflow/dags/pipeline_completo.py for tasks to queue
[2025-12-07T22:14:39.444+0000] {logging_mixin.py:188} INFO - [2025-12-07T22:14:39.444+0000] {dagbag.py:545} INFO - Filling up the DagBag from /opt/airflow/dags/pipeline_completo.py
[2025-12-07T22:14:39.465+0000] {processor.py:840} INFO - DAG(s) 'flujo_etl_completo' retrieved from /opt/airflow/dags/pipeline_completo.py
[2025-12-07T22:14:39.485+0000] {logging_mixin.py:188} INFO - [2025-12-07T22:14:39.485+0000] {dag.py:3096} INFO - Sync 1 DAGs
[2025-12-07T22:14:39.502+0000] {logging_mixin.py:188} INFO - [2025-12-07T22:14:39.502+0000] {dag.py:3954} INFO - Setting next_dagrun for flujo_etl_completo to 2025-12-07 22:00:00+00:00, run_after=2025-12-07 23:00:00+00:00
[2025-12-07T22:14:39.520+0000] {processor.py:183} INFO - Processing /opt/airflow/dags/pipeline_completo.py took 0.084 seconds
[2025-12-07T22:15:09.800+0000] {processor.py:161} INFO - Started process (PID=202) to work on /opt/airflow/dags/pipeline_completo.py
[2025-12-07T22:15:09.801+0000] {processor.py:830} INFO - Processing file /opt/airflow/dags/pipeline_completo.py for tasks to queue
[2025-12-07T22:15:09.803+0000] {logging_mixin.py:188} INFO - [2025-12-07T22:15:09.803+0000] {dagbag.py:545} INFO - Filling up the DagBag from /opt/airflow/dags/pipeline_completo.py
[2025-12-07T22:15:09.831+0000] {processor.py:840} INFO - DAG(s) 'flujo_etl_completo' retrieved from /opt/airflow/dags/pipeline_completo.py
[2025-12-07T22:15:09.853+0000] {logging_mixin.py:188} INFO - [2025-12-07T22:15:09.853+0000] {dag.py:3096} INFO - Sync 1 DAGs
[2025-12-07T22:15:09.871+0000] {logging_mixin.py:188} INFO - [2025-12-07T22:15:09.870+0000] {dag.py:3954} INFO - Setting next_dagrun for flujo_etl_completo to 2025-12-07 22:00:00+00:00, run_after=2025-12-07 23:00:00+00:00
[2025-12-07T22:15:09.891+0000] {processor.py:183} INFO - Processing /opt/airflow/dags/pipeline_completo.py took 0.095 seconds
[2025-12-07T22:15:40.070+0000] {processor.py:161} INFO - Started process (PID=207) to work on /opt/airflow/dags/pipeline_completo.py
[2025-12-07T22:15:40.072+0000] {processor.py:830} INFO - Processing file /opt/airflow/dags/pipeline_completo.py for tasks to queue
[2025-12-07T22:15:40.073+0000] {logging_mixin.py:188} INFO - [2025-12-07T22:15:40.073+0000] {dagbag.py:545} INFO - Filling up the DagBag from /opt/airflow/dags/pipeline_completo.py
[2025-12-07T22:15:40.102+0000] {processor.py:840} INFO - DAG(s) 'flujo_etl_completo' retrieved from /opt/airflow/dags/pipeline_completo.py
[2025-12-07T22:15:40.124+0000] {logging_mixin.py:188} INFO - [2025-12-07T22:15:40.123+0000] {dag.py:3096} INFO - Sync 1 DAGs
[2025-12-07T22:15:40.142+0000] {logging_mixin.py:188} INFO - [2025-12-07T22:15:40.141+0000] {dag.py:3954} INFO - Setting next_dagrun for flujo_etl_completo to 2025-12-07 22:00:00+00:00, run_after=2025-12-07 23:00:00+00:00
[2025-12-07T22:15:40.161+0000] {processor.py:183} INFO - Processing /opt/airflow/dags/pipeline_completo.py took 0.095 seconds
[2025-12-07T22:23:37.346+0000] {processor.py:161} INFO - Started process (PID=168) to work on /opt/airflow/dags/pipeline_completo.py
[2025-12-07T22:23:37.350+0000] {processor.py:830} INFO - Processing file /opt/airflow/dags/pipeline_completo.py for tasks to queue
[2025-12-07T22:23:37.354+0000] {logging_mixin.py:188} INFO - [2025-12-07T22:23:37.353+0000] {dagbag.py:545} INFO - Filling up the DagBag from /opt/airflow/dags/pipeline_completo.py
[2025-12-07T22:23:37.431+0000] {processor.py:840} INFO - DAG(s) 'flujo_etl_completo' retrieved from /opt/airflow/dags/pipeline_completo.py
[2025-12-07T22:23:37.986+0000] {logging_mixin.py:188} INFO - [2025-12-07T22:23:37.985+0000] {override.py:1829} INFO - Created Permission View: can read on DAG:flujo_etl_completo
[2025-12-07T22:23:38.007+0000] {logging_mixin.py:188} INFO - [2025-12-07T22:23:38.006+0000] {override.py:1829} INFO - Created Permission View: can delete on DAG:flujo_etl_completo
[2025-12-07T22:23:38.025+0000] {logging_mixin.py:188} INFO - [2025-12-07T22:23:38.025+0000] {override.py:1829} INFO - Created Permission View: can edit on DAG:flujo_etl_completo
[2025-12-07T22:23:38.028+0000] {logging_mixin.py:188} INFO - [2025-12-07T22:23:38.027+0000] {dag.py:3096} INFO - Sync 1 DAGs
[2025-12-07T22:23:38.059+0000] {logging_mixin.py:188} INFO - [2025-12-07T22:23:38.059+0000] {dag.py:3118} INFO - Creating ORM DAG for flujo_etl_completo
[2025-12-07T22:23:38.094+0000] {logging_mixin.py:188} INFO - [2025-12-07T22:23:38.094+0000] {dag.py:3954} INFO - Setting next_dagrun for flujo_etl_completo to 2025-12-07 21:00:00+00:00, run_after=2025-12-07 22:00:00+00:00
[2025-12-07T22:23:38.167+0000] {processor.py:183} INFO - Processing /opt/airflow/dags/pipeline_completo.py took 0.835 seconds
[2025-12-07T22:24:08.574+0000] {processor.py:161} INFO - Started process (PID=177) to work on /opt/airflow/dags/pipeline_completo.py
[2025-12-07T22:24:08.576+0000] {processor.py:830} INFO - Processing file /opt/airflow/dags/pipeline_completo.py for tasks to queue
[2025-12-07T22:24:08.583+0000] {logging_mixin.py:188} INFO - [2025-12-07T22:24:08.582+0000] {dagbag.py:545} INFO - Filling up the DagBag from /opt/airflow/dags/pipeline_completo.py
[2025-12-07T22:24:08.650+0000] {processor.py:840} INFO - DAG(s) 'flujo_etl_completo' retrieved from /opt/airflow/dags/pipeline_completo.py
[2025-12-07T22:24:08.719+0000] {logging_mixin.py:188} INFO - [2025-12-07T22:24:08.719+0000] {dag.py:3096} INFO - Sync 1 DAGs
[2025-12-07T22:24:08.839+0000] {logging_mixin.py:188} INFO - [2025-12-07T22:24:08.838+0000] {dag.py:3954} INFO - Setting next_dagrun for flujo_etl_completo to 2025-12-07 22:00:00+00:00, run_after=2025-12-07 23:00:00+00:00
[2025-12-07T22:24:08.906+0000] {processor.py:183} INFO - Processing /opt/airflow/dags/pipeline_completo.py took 0.341 seconds
[2025-12-07T22:24:39.277+0000] {processor.py:161} INFO - Started process (PID=182) to work on /opt/airflow/dags/pipeline_completo.py
[2025-12-07T22:24:39.282+0000] {processor.py:830} INFO - Processing file /opt/airflow/dags/pipeline_completo.py for tasks to queue
[2025-12-07T22:24:39.292+0000] {logging_mixin.py:188} INFO - [2025-12-07T22:24:39.292+0000] {dagbag.py:545} INFO - Filling up the DagBag from /opt/airflow/dags/pipeline_completo.py
[2025-12-07T22:24:39.462+0000] {processor.py:840} INFO - DAG(s) 'flujo_etl_completo' retrieved from /opt/airflow/dags/pipeline_completo.py
[2025-12-07T22:24:39.523+0000] {logging_mixin.py:188} INFO - [2025-12-07T22:24:39.523+0000] {dag.py:3096} INFO - Sync 1 DAGs
[2025-12-07T22:24:39.602+0000] {logging_mixin.py:188} INFO - [2025-12-07T22:24:39.602+0000] {dag.py:3954} INFO - Setting next_dagrun for flujo_etl_completo to 2025-12-07 22:00:00+00:00, run_after=2025-12-07 23:00:00+00:00
[2025-12-07T22:24:39.666+0000] {processor.py:183} INFO - Processing /opt/airflow/dags/pipeline_completo.py took 0.408 seconds
[2025-12-07T22:25:09.987+0000] {processor.py:161} INFO - Started process (PID=187) to work on /opt/airflow/dags/pipeline_completo.py
[2025-12-07T22:25:09.989+0000] {processor.py:830} INFO - Processing file /opt/airflow/dags/pipeline_completo.py for tasks to queue
[2025-12-07T22:25:09.996+0000] {logging_mixin.py:188} INFO - [2025-12-07T22:25:09.993+0000] {dagbag.py:545} INFO - Filling up the DagBag from /opt/airflow/dags/pipeline_completo.py
[2025-12-07T22:25:10.052+0000] {processor.py:840} INFO - DAG(s) 'flujo_etl_completo' retrieved from /opt/airflow/dags/pipeline_completo.py
[2025-12-07T22:25:10.117+0000] {logging_mixin.py:188} INFO - [2025-12-07T22:25:10.117+0000] {dag.py:3096} INFO - Sync 1 DAGs
[2025-12-07T22:25:10.165+0000] {logging_mixin.py:188} INFO - [2025-12-07T22:25:10.165+0000] {dag.py:3954} INFO - Setting next_dagrun for flujo_etl_completo to 2025-12-07 22:00:00+00:00, run_after=2025-12-07 23:00:00+00:00
[2025-12-07T22:25:10.199+0000] {processor.py:183} INFO - Processing /opt/airflow/dags/pipeline_completo.py took 0.224 seconds
[2025-12-07T22:25:40.511+0000] {processor.py:161} INFO - Started process (PID=194) to work on /opt/airflow/dags/pipeline_completo.py
[2025-12-07T22:25:40.516+0000] {processor.py:830} INFO - Processing file /opt/airflow/dags/pipeline_completo.py for tasks to queue
[2025-12-07T22:25:40.521+0000] {logging_mixin.py:188} INFO - [2025-12-07T22:25:40.521+0000] {dagbag.py:545} INFO - Filling up the DagBag from /opt/airflow/dags/pipeline_completo.py
[2025-12-07T22:25:40.587+0000] {processor.py:840} INFO - DAG(s) 'flujo_etl_completo' retrieved from /opt/airflow/dags/pipeline_completo.py
[2025-12-07T22:25:40.637+0000] {logging_mixin.py:188} INFO - [2025-12-07T22:25:40.637+0000] {dag.py:3096} INFO - Sync 1 DAGs
[2025-12-07T22:25:40.673+0000] {logging_mixin.py:188} INFO - [2025-12-07T22:25:40.673+0000] {dag.py:3954} INFO - Setting next_dagrun for flujo_etl_completo to 2025-12-07 22:00:00+00:00, run_after=2025-12-07 23:00:00+00:00
[2025-12-07T22:25:40.703+0000] {processor.py:183} INFO - Processing /opt/airflow/dags/pipeline_completo.py took 0.204 seconds
[2025-12-07T22:26:10.990+0000] {processor.py:161} INFO - Started process (PID=199) to work on /opt/airflow/dags/pipeline_completo.py
[2025-12-07T22:26:10.998+0000] {processor.py:830} INFO - Processing file /opt/airflow/dags/pipeline_completo.py for tasks to queue
[2025-12-07T22:26:11.004+0000] {logging_mixin.py:188} INFO - [2025-12-07T22:26:11.003+0000] {dagbag.py:545} INFO - Filling up the DagBag from /opt/airflow/dags/pipeline_completo.py
[2025-12-07T22:26:11.183+0000] {processor.py:840} INFO - DAG(s) 'flujo_etl_completo' retrieved from /opt/airflow/dags/pipeline_completo.py
[2025-12-07T22:26:11.220+0000] {logging_mixin.py:188} INFO - [2025-12-07T22:26:11.220+0000] {dag.py:3096} INFO - Sync 1 DAGs
[2025-12-07T22:26:11.257+0000] {logging_mixin.py:188} INFO - [2025-12-07T22:26:11.257+0000] {dag.py:3954} INFO - Setting next_dagrun for flujo_etl_completo to 2025-12-07 22:00:00+00:00, run_after=2025-12-07 23:00:00+00:00
[2025-12-07T22:26:11.318+0000] {processor.py:183} INFO - Processing /opt/airflow/dags/pipeline_completo.py took 0.333 seconds
[2025-12-07T22:26:41.668+0000] {processor.py:161} INFO - Started process (PID=204) to work on /opt/airflow/dags/pipeline_completo.py
[2025-12-07T22:26:41.670+0000] {processor.py:830} INFO - Processing file /opt/airflow/dags/pipeline_completo.py for tasks to queue
[2025-12-07T22:26:41.673+0000] {logging_mixin.py:188} INFO - [2025-12-07T22:26:41.673+0000] {dagbag.py:545} INFO - Filling up the DagBag from /opt/airflow/dags/pipeline_completo.py
[2025-12-07T22:26:41.737+0000] {processor.py:840} INFO - DAG(s) 'flujo_etl_completo' retrieved from /opt/airflow/dags/pipeline_completo.py
[2025-12-07T22:26:41.769+0000] {logging_mixin.py:188} INFO - [2025-12-07T22:26:41.769+0000] {dag.py:3096} INFO - Sync 1 DAGs
[2025-12-07T22:26:41.793+0000] {logging_mixin.py:188} INFO - [2025-12-07T22:26:41.792+0000] {dag.py:3954} INFO - Setting next_dagrun for flujo_etl_completo to 2025-12-07 22:00:00+00:00, run_after=2025-12-07 23:00:00+00:00
[2025-12-07T22:26:41.818+0000] {processor.py:183} INFO - Processing /opt/airflow/dags/pipeline_completo.py took 0.156 seconds
[2025-12-07T22:27:11.890+0000] {processor.py:161} INFO - Started process (PID=209) to work on /opt/airflow/dags/pipeline_completo.py
[2025-12-07T22:27:11.892+0000] {processor.py:830} INFO - Processing file /opt/airflow/dags/pipeline_completo.py for tasks to queue
[2025-12-07T22:27:11.895+0000] {logging_mixin.py:188} INFO - [2025-12-07T22:27:11.894+0000] {dagbag.py:545} INFO - Filling up the DagBag from /opt/airflow/dags/pipeline_completo.py
[2025-12-07T22:27:11.933+0000] {processor.py:840} INFO - DAG(s) 'flujo_etl_completo' retrieved from /opt/airflow/dags/pipeline_completo.py
[2025-12-07T22:27:11.966+0000] {logging_mixin.py:188} INFO - [2025-12-07T22:27:11.966+0000] {dag.py:3096} INFO - Sync 1 DAGs
[2025-12-07T22:27:11.994+0000] {logging_mixin.py:188} INFO - [2025-12-07T22:27:11.993+0000] {dag.py:3954} INFO - Setting next_dagrun for flujo_etl_completo to 2025-12-07 22:00:00+00:00, run_after=2025-12-07 23:00:00+00:00
[2025-12-07T22:27:12.018+0000] {processor.py:183} INFO - Processing /opt/airflow/dags/pipeline_completo.py took 0.137 seconds
[2025-12-07T22:27:42.123+0000] {processor.py:161} INFO - Started process (PID=214) to work on /opt/airflow/dags/pipeline_completo.py
[2025-12-07T22:27:42.124+0000] {processor.py:830} INFO - Processing file /opt/airflow/dags/pipeline_completo.py for tasks to queue
[2025-12-07T22:27:42.126+0000] {logging_mixin.py:188} INFO - [2025-12-07T22:27:42.126+0000] {dagbag.py:545} INFO - Filling up the DagBag from /opt/airflow/dags/pipeline_completo.py
[2025-12-07T22:27:42.166+0000] {processor.py:840} INFO - DAG(s) 'flujo_etl_completo' retrieved from /opt/airflow/dags/pipeline_completo.py
[2025-12-07T22:27:42.192+0000] {logging_mixin.py:188} INFO - [2025-12-07T22:27:42.192+0000] {dag.py:3096} INFO - Sync 1 DAGs
[2025-12-07T22:27:42.215+0000] {logging_mixin.py:188} INFO - [2025-12-07T22:27:42.215+0000] {dag.py:3954} INFO - Setting next_dagrun for flujo_etl_completo to 2025-12-07 22:00:00+00:00, run_after=2025-12-07 23:00:00+00:00
[2025-12-07T22:27:42.237+0000] {processor.py:183} INFO - Processing /opt/airflow/dags/pipeline_completo.py took 0.119 seconds
[2025-12-07T22:28:12.503+0000] {processor.py:161} INFO - Started process (PID=219) to work on /opt/airflow/dags/pipeline_completo.py
[2025-12-07T22:28:12.504+0000] {processor.py:830} INFO - Processing file /opt/airflow/dags/pipeline_completo.py for tasks to queue
[2025-12-07T22:28:12.507+0000] {logging_mixin.py:188} INFO - [2025-12-07T22:28:12.506+0000] {dagbag.py:545} INFO - Filling up the DagBag from /opt/airflow/dags/pipeline_completo.py
[2025-12-07T22:28:12.538+0000] {processor.py:840} INFO - DAG(s) 'flujo_etl_completo' retrieved from /opt/airflow/dags/pipeline_completo.py
[2025-12-07T22:28:12.563+0000] {logging_mixin.py:188} INFO - [2025-12-07T22:28:12.563+0000] {dag.py:3096} INFO - Sync 1 DAGs
[2025-12-07T22:28:12.587+0000] {logging_mixin.py:188} INFO - [2025-12-07T22:28:12.587+0000] {dag.py:3954} INFO - Setting next_dagrun for flujo_etl_completo to 2025-12-07 22:00:00+00:00, run_after=2025-12-07 23:00:00+00:00
[2025-12-07T22:28:12.610+0000] {processor.py:183} INFO - Processing /opt/airflow/dags/pipeline_completo.py took 0.113 seconds
[2025-12-07T22:28:42.802+0000] {processor.py:161} INFO - Started process (PID=224) to work on /opt/airflow/dags/pipeline_completo.py
[2025-12-07T22:28:42.803+0000] {processor.py:830} INFO - Processing file /opt/airflow/dags/pipeline_completo.py for tasks to queue
[2025-12-07T22:28:42.807+0000] {logging_mixin.py:188} INFO - [2025-12-07T22:28:42.806+0000] {dagbag.py:545} INFO - Filling up the DagBag from /opt/airflow/dags/pipeline_completo.py
[2025-12-07T22:28:42.852+0000] {processor.py:840} INFO - DAG(s) 'flujo_etl_completo' retrieved from /opt/airflow/dags/pipeline_completo.py
[2025-12-07T22:28:42.883+0000] {logging_mixin.py:188} INFO - [2025-12-07T22:28:42.883+0000] {dag.py:3096} INFO - Sync 1 DAGs
[2025-12-07T22:28:42.911+0000] {logging_mixin.py:188} INFO - [2025-12-07T22:28:42.911+0000] {dag.py:3954} INFO - Setting next_dagrun for flujo_etl_completo to 2025-12-07 22:00:00+00:00, run_after=2025-12-07 23:00:00+00:00
[2025-12-07T22:28:42.942+0000] {processor.py:183} INFO - Processing /opt/airflow/dags/pipeline_completo.py took 0.146 seconds
[2025-12-07T22:29:13.064+0000] {processor.py:161} INFO - Started process (PID=229) to work on /opt/airflow/dags/pipeline_completo.py
[2025-12-07T22:29:13.066+0000] {processor.py:830} INFO - Processing file /opt/airflow/dags/pipeline_completo.py for tasks to queue
[2025-12-07T22:29:13.068+0000] {logging_mixin.py:188} INFO - [2025-12-07T22:29:13.068+0000] {dagbag.py:545} INFO - Filling up the DagBag from /opt/airflow/dags/pipeline_completo.py
[2025-12-07T22:29:13.093+0000] {processor.py:840} INFO - DAG(s) 'flujo_etl_completo' retrieved from /opt/airflow/dags/pipeline_completo.py
[2025-12-07T22:29:13.114+0000] {logging_mixin.py:188} INFO - [2025-12-07T22:29:13.114+0000] {dag.py:3096} INFO - Sync 1 DAGs
[2025-12-07T22:29:13.133+0000] {logging_mixin.py:188} INFO - [2025-12-07T22:29:13.133+0000] {dag.py:3954} INFO - Setting next_dagrun for flujo_etl_completo to 2025-12-07 22:00:00+00:00, run_after=2025-12-07 23:00:00+00:00
[2025-12-07T22:29:13.152+0000] {processor.py:183} INFO - Processing /opt/airflow/dags/pipeline_completo.py took 0.092 seconds
[2025-12-07T22:29:43.309+0000] {processor.py:161} INFO - Started process (PID=234) to work on /opt/airflow/dags/pipeline_completo.py
[2025-12-07T22:29:43.310+0000] {processor.py:830} INFO - Processing file /opt/airflow/dags/pipeline_completo.py for tasks to queue
[2025-12-07T22:29:43.312+0000] {logging_mixin.py:188} INFO - [2025-12-07T22:29:43.311+0000] {dagbag.py:545} INFO - Filling up the DagBag from /opt/airflow/dags/pipeline_completo.py
[2025-12-07T22:29:43.338+0000] {processor.py:840} INFO - DAG(s) 'flujo_etl_completo' retrieved from /opt/airflow/dags/pipeline_completo.py
[2025-12-07T22:29:43.360+0000] {logging_mixin.py:188} INFO - [2025-12-07T22:29:43.360+0000] {dag.py:3096} INFO - Sync 1 DAGs
[2025-12-07T22:29:43.379+0000] {logging_mixin.py:188} INFO - [2025-12-07T22:29:43.378+0000] {dag.py:3954} INFO - Setting next_dagrun for flujo_etl_completo to 2025-12-07 22:00:00+00:00, run_after=2025-12-07 23:00:00+00:00
[2025-12-07T22:29:43.399+0000] {processor.py:183} INFO - Processing /opt/airflow/dags/pipeline_completo.py took 0.094 seconds
[2025-12-07T22:37:10.976+0000] {processor.py:161} INFO - Started process (PID=169) to work on /opt/airflow/dags/pipeline_completo.py
[2025-12-07T22:37:10.978+0000] {processor.py:830} INFO - Processing file /opt/airflow/dags/pipeline_completo.py for tasks to queue
[2025-12-07T22:37:10.981+0000] {logging_mixin.py:188} INFO - [2025-12-07T22:37:10.980+0000] {dagbag.py:545} INFO - Filling up the DagBag from /opt/airflow/dags/pipeline_completo.py
[2025-12-07T22:37:11.047+0000] {processor.py:840} INFO - DAG(s) 'flujo_etl_completo' retrieved from /opt/airflow/dags/pipeline_completo.py
[2025-12-07T22:37:11.312+0000] {logging_mixin.py:188} INFO - [2025-12-07T22:37:11.311+0000] {override.py:1829} INFO - Created Permission View: can edit on DAG:flujo_etl_completo
[2025-12-07T22:37:11.331+0000] {logging_mixin.py:188} INFO - [2025-12-07T22:37:11.331+0000] {override.py:1829} INFO - Created Permission View: can delete on DAG:flujo_etl_completo
[2025-12-07T22:37:11.343+0000] {logging_mixin.py:188} INFO - [2025-12-07T22:37:11.343+0000] {override.py:1829} INFO - Created Permission View: can read on DAG:flujo_etl_completo
[2025-12-07T22:37:11.345+0000] {logging_mixin.py:188} INFO - [2025-12-07T22:37:11.345+0000] {dag.py:3096} INFO - Sync 1 DAGs
[2025-12-07T22:37:11.355+0000] {logging_mixin.py:188} INFO - [2025-12-07T22:37:11.355+0000] {dag.py:3118} INFO - Creating ORM DAG for flujo_etl_completo
[2025-12-07T22:37:11.367+0000] {logging_mixin.py:188} INFO - [2025-12-07T22:37:11.367+0000] {dag.py:3954} INFO - Setting next_dagrun for flujo_etl_completo to 2025-12-07 21:00:00+00:00, run_after=2025-12-07 22:00:00+00:00
[2025-12-07T22:37:11.390+0000] {processor.py:183} INFO - Processing /opt/airflow/dags/pipeline_completo.py took 0.420 seconds
[2025-12-07T22:37:41.898+0000] {processor.py:161} INFO - Started process (PID=178) to work on /opt/airflow/dags/pipeline_completo.py
[2025-12-07T22:37:41.899+0000] {processor.py:830} INFO - Processing file /opt/airflow/dags/pipeline_completo.py for tasks to queue
[2025-12-07T22:37:41.905+0000] {logging_mixin.py:188} INFO - [2025-12-07T22:37:41.903+0000] {dagbag.py:545} INFO - Filling up the DagBag from /opt/airflow/dags/pipeline_completo.py
[2025-12-07T22:37:42.055+0000] {processor.py:840} INFO - DAG(s) 'flujo_etl_completo' retrieved from /opt/airflow/dags/pipeline_completo.py
[2025-12-07T22:37:42.106+0000] {logging_mixin.py:188} INFO - [2025-12-07T22:37:42.106+0000] {dag.py:3096} INFO - Sync 1 DAGs
[2025-12-07T22:37:42.180+0000] {logging_mixin.py:188} INFO - [2025-12-07T22:37:42.180+0000] {dag.py:3954} INFO - Setting next_dagrun for flujo_etl_completo to 2025-12-07 22:00:00+00:00, run_after=2025-12-07 23:00:00+00:00
[2025-12-07T22:37:42.215+0000] {processor.py:183} INFO - Processing /opt/airflow/dags/pipeline_completo.py took 0.325 seconds
[2025-12-07T22:38:12.641+0000] {processor.py:161} INFO - Started process (PID=183) to work on /opt/airflow/dags/pipeline_completo.py
[2025-12-07T22:38:12.643+0000] {processor.py:830} INFO - Processing file /opt/airflow/dags/pipeline_completo.py for tasks to queue
[2025-12-07T22:38:12.650+0000] {logging_mixin.py:188} INFO - [2025-12-07T22:38:12.646+0000] {dagbag.py:545} INFO - Filling up the DagBag from /opt/airflow/dags/pipeline_completo.py
[2025-12-07T22:38:12.752+0000] {processor.py:840} INFO - DAG(s) 'flujo_etl_completo' retrieved from /opt/airflow/dags/pipeline_completo.py
[2025-12-07T22:38:12.839+0000] {logging_mixin.py:188} INFO - [2025-12-07T22:38:12.838+0000] {dag.py:3096} INFO - Sync 1 DAGs
[2025-12-07T22:38:12.920+0000] {logging_mixin.py:188} INFO - [2025-12-07T22:38:12.920+0000] {dag.py:3954} INFO - Setting next_dagrun for flujo_etl_completo to 2025-12-07 22:00:00+00:00, run_after=2025-12-07 23:00:00+00:00
[2025-12-07T22:38:12.984+0000] {processor.py:183} INFO - Processing /opt/airflow/dags/pipeline_completo.py took 0.360 seconds
[2025-12-07T22:38:43.352+0000] {processor.py:161} INFO - Started process (PID=188) to work on /opt/airflow/dags/pipeline_completo.py
[2025-12-07T22:38:43.354+0000] {processor.py:830} INFO - Processing file /opt/airflow/dags/pipeline_completo.py for tasks to queue
[2025-12-07T22:38:43.359+0000] {logging_mixin.py:188} INFO - [2025-12-07T22:38:43.357+0000] {dagbag.py:545} INFO - Filling up the DagBag from /opt/airflow/dags/pipeline_completo.py
[2025-12-07T22:38:43.411+0000] {processor.py:840} INFO - DAG(s) 'flujo_etl_completo' retrieved from /opt/airflow/dags/pipeline_completo.py
[2025-12-07T22:38:43.464+0000] {logging_mixin.py:188} INFO - [2025-12-07T22:38:43.463+0000] {dag.py:3096} INFO - Sync 1 DAGs
[2025-12-07T22:38:43.498+0000] {logging_mixin.py:188} INFO - [2025-12-07T22:38:43.498+0000] {dag.py:3954} INFO - Setting next_dagrun for flujo_etl_completo to 2025-12-07 22:00:00+00:00, run_after=2025-12-07 23:00:00+00:00
[2025-12-07T22:38:43.530+0000] {processor.py:183} INFO - Processing /opt/airflow/dags/pipeline_completo.py took 0.190 seconds
[2025-12-07T22:39:13.669+0000] {processor.py:161} INFO - Started process (PID=195) to work on /opt/airflow/dags/pipeline_completo.py
[2025-12-07T22:39:13.670+0000] {processor.py:830} INFO - Processing file /opt/airflow/dags/pipeline_completo.py for tasks to queue
[2025-12-07T22:39:13.672+0000] {logging_mixin.py:188} INFO - [2025-12-07T22:39:13.671+0000] {dagbag.py:545} INFO - Filling up the DagBag from /opt/airflow/dags/pipeline_completo.py
[2025-12-07T22:39:13.701+0000] {processor.py:840} INFO - DAG(s) 'flujo_etl_completo' retrieved from /opt/airflow/dags/pipeline_completo.py
[2025-12-07T22:39:13.722+0000] {logging_mixin.py:188} INFO - [2025-12-07T22:39:13.722+0000] {dag.py:3096} INFO - Sync 1 DAGs
[2025-12-07T22:39:13.741+0000] {logging_mixin.py:188} INFO - [2025-12-07T22:39:13.741+0000] {dag.py:3954} INFO - Setting next_dagrun for flujo_etl_completo to 2025-12-07 22:00:00+00:00, run_after=2025-12-07 23:00:00+00:00
[2025-12-07T22:39:13.767+0000] {processor.py:183} INFO - Processing /opt/airflow/dags/pipeline_completo.py took 0.103 seconds
[2025-12-07T22:39:43.971+0000] {processor.py:161} INFO - Started process (PID=200) to work on /opt/airflow/dags/pipeline_completo.py
[2025-12-07T22:39:43.973+0000] {processor.py:830} INFO - Processing file /opt/airflow/dags/pipeline_completo.py for tasks to queue
[2025-12-07T22:39:43.976+0000] {logging_mixin.py:188} INFO - [2025-12-07T22:39:43.975+0000] {dagbag.py:545} INFO - Filling up the DagBag from /opt/airflow/dags/pipeline_completo.py
[2025-12-07T22:39:44.017+0000] {processor.py:840} INFO - DAG(s) 'flujo_etl_completo' retrieved from /opt/airflow/dags/pipeline_completo.py
[2025-12-07T22:39:44.047+0000] {logging_mixin.py:188} INFO - [2025-12-07T22:39:44.046+0000] {dag.py:3096} INFO - Sync 1 DAGs
[2025-12-07T22:39:44.070+0000] {logging_mixin.py:188} INFO - [2025-12-07T22:39:44.070+0000] {dag.py:3954} INFO - Setting next_dagrun for flujo_etl_completo to 2025-12-07 22:00:00+00:00, run_after=2025-12-07 23:00:00+00:00
[2025-12-07T22:39:44.100+0000] {processor.py:183} INFO - Processing /opt/airflow/dags/pipeline_completo.py took 0.134 seconds
[2025-12-07T22:40:14.344+0000] {processor.py:161} INFO - Started process (PID=205) to work on /opt/airflow/dags/pipeline_completo.py
[2025-12-07T22:40:14.345+0000] {processor.py:830} INFO - Processing file /opt/airflow/dags/pipeline_completo.py for tasks to queue
[2025-12-07T22:40:14.348+0000] {logging_mixin.py:188} INFO - [2025-12-07T22:40:14.347+0000] {dagbag.py:545} INFO - Filling up the DagBag from /opt/airflow/dags/pipeline_completo.py
[2025-12-07T22:40:14.383+0000] {processor.py:840} INFO - DAG(s) 'flujo_etl_completo' retrieved from /opt/airflow/dags/pipeline_completo.py
[2025-12-07T22:40:14.417+0000] {logging_mixin.py:188} INFO - [2025-12-07T22:40:14.416+0000] {dag.py:3096} INFO - Sync 1 DAGs
[2025-12-07T22:40:14.450+0000] {logging_mixin.py:188} INFO - [2025-12-07T22:40:14.449+0000] {dag.py:3954} INFO - Setting next_dagrun for flujo_etl_completo to 2025-12-07 22:00:00+00:00, run_after=2025-12-07 23:00:00+00:00
[2025-12-07T22:40:14.481+0000] {processor.py:183} INFO - Processing /opt/airflow/dags/pipeline_completo.py took 0.144 seconds
[2025-12-07T22:40:44.768+0000] {processor.py:161} INFO - Started process (PID=210) to work on /opt/airflow/dags/pipeline_completo.py
[2025-12-07T22:40:44.771+0000] {processor.py:830} INFO - Processing file /opt/airflow/dags/pipeline_completo.py for tasks to queue
[2025-12-07T22:40:44.776+0000] {logging_mixin.py:188} INFO - [2025-12-07T22:40:44.774+0000] {dagbag.py:545} INFO - Filling up the DagBag from /opt/airflow/dags/pipeline_completo.py
[2025-12-07T22:40:44.822+0000] {processor.py:840} INFO - DAG(s) 'flujo_etl_completo' retrieved from /opt/airflow/dags/pipeline_completo.py
[2025-12-07T22:40:44.882+0000] {logging_mixin.py:188} INFO - [2025-12-07T22:40:44.881+0000] {dag.py:3096} INFO - Sync 1 DAGs
[2025-12-07T22:40:44.937+0000] {logging_mixin.py:188} INFO - [2025-12-07T22:40:44.937+0000] {dag.py:3954} INFO - Setting next_dagrun for flujo_etl_completo to 2025-12-07 22:00:00+00:00, run_after=2025-12-07 23:00:00+00:00
[2025-12-07T22:40:44.977+0000] {processor.py:183} INFO - Processing /opt/airflow/dags/pipeline_completo.py took 0.219 seconds
[2025-12-07T22:41:15.153+0000] {processor.py:161} INFO - Started process (PID=215) to work on /opt/airflow/dags/pipeline_completo.py
[2025-12-07T22:41:15.155+0000] {processor.py:830} INFO - Processing file /opt/airflow/dags/pipeline_completo.py for tasks to queue
[2025-12-07T22:41:15.158+0000] {logging_mixin.py:188} INFO - [2025-12-07T22:41:15.157+0000] {dagbag.py:545} INFO - Filling up the DagBag from /opt/airflow/dags/pipeline_completo.py
[2025-12-07T22:41:15.214+0000] {processor.py:840} INFO - DAG(s) 'flujo_etl_completo' retrieved from /opt/airflow/dags/pipeline_completo.py
[2025-12-07T22:41:15.255+0000] {logging_mixin.py:188} INFO - [2025-12-07T22:41:15.255+0000] {dag.py:3096} INFO - Sync 1 DAGs
[2025-12-07T22:41:15.287+0000] {logging_mixin.py:188} INFO - [2025-12-07T22:41:15.287+0000] {dag.py:3954} INFO - Setting next_dagrun for flujo_etl_completo to 2025-12-07 22:00:00+00:00, run_after=2025-12-07 23:00:00+00:00
[2025-12-07T22:41:15.313+0000] {processor.py:183} INFO - Processing /opt/airflow/dags/pipeline_completo.py took 0.167 seconds
[2025-12-07T22:41:45.595+0000] {processor.py:161} INFO - Started process (PID=220) to work on /opt/airflow/dags/pipeline_completo.py
[2025-12-07T22:41:45.596+0000] {processor.py:830} INFO - Processing file /opt/airflow/dags/pipeline_completo.py for tasks to queue
[2025-12-07T22:41:45.599+0000] {logging_mixin.py:188} INFO - [2025-12-07T22:41:45.598+0000] {dagbag.py:545} INFO - Filling up the DagBag from /opt/airflow/dags/pipeline_completo.py
[2025-12-07T22:41:45.636+0000] {processor.py:840} INFO - DAG(s) 'flujo_etl_completo' retrieved from /opt/airflow/dags/pipeline_completo.py
[2025-12-07T22:41:45.659+0000] {logging_mixin.py:188} INFO - [2025-12-07T22:41:45.659+0000] {dag.py:3096} INFO - Sync 1 DAGs
[2025-12-07T22:41:45.680+0000] {logging_mixin.py:188} INFO - [2025-12-07T22:41:45.680+0000] {dag.py:3954} INFO - Setting next_dagrun for flujo_etl_completo to 2025-12-07 22:00:00+00:00, run_after=2025-12-07 23:00:00+00:00
[2025-12-07T22:41:45.700+0000] {processor.py:183} INFO - Processing /opt/airflow/dags/pipeline_completo.py took 0.111 seconds
[2025-12-07T22:42:15.988+0000] {processor.py:161} INFO - Started process (PID=225) to work on /opt/airflow/dags/pipeline_completo.py
[2025-12-07T22:42:15.989+0000] {processor.py:830} INFO - Processing file /opt/airflow/dags/pipeline_completo.py for tasks to queue
[2025-12-07T22:42:15.991+0000] {logging_mixin.py:188} INFO - [2025-12-07T22:42:15.991+0000] {dagbag.py:545} INFO - Filling up the DagBag from /opt/airflow/dags/pipeline_completo.py
[2025-12-07T22:42:16.031+0000] {processor.py:840} INFO - DAG(s) 'flujo_etl_completo' retrieved from /opt/airflow/dags/pipeline_completo.py
[2025-12-07T22:42:16.058+0000] {logging_mixin.py:188} INFO - [2025-12-07T22:42:16.058+0000] {dag.py:3096} INFO - Sync 1 DAGs
[2025-12-07T22:42:16.081+0000] {logging_mixin.py:188} INFO - [2025-12-07T22:42:16.081+0000] {dag.py:3954} INFO - Setting next_dagrun for flujo_etl_completo to 2025-12-07 22:00:00+00:00, run_after=2025-12-07 23:00:00+00:00
[2025-12-07T22:42:16.111+0000] {processor.py:183} INFO - Processing /opt/airflow/dags/pipeline_completo.py took 0.129 seconds
[2025-12-07T22:42:46.358+0000] {processor.py:161} INFO - Started process (PID=230) to work on /opt/airflow/dags/pipeline_completo.py
[2025-12-07T22:42:46.360+0000] {processor.py:830} INFO - Processing file /opt/airflow/dags/pipeline_completo.py for tasks to queue
[2025-12-07T22:42:46.362+0000] {logging_mixin.py:188} INFO - [2025-12-07T22:42:46.362+0000] {dagbag.py:545} INFO - Filling up the DagBag from /opt/airflow/dags/pipeline_completo.py
[2025-12-07T22:42:46.402+0000] {processor.py:840} INFO - DAG(s) 'flujo_etl_completo' retrieved from /opt/airflow/dags/pipeline_completo.py
[2025-12-07T22:42:46.433+0000] {logging_mixin.py:188} INFO - [2025-12-07T22:42:46.432+0000] {dag.py:3096} INFO - Sync 1 DAGs
[2025-12-07T22:42:46.457+0000] {logging_mixin.py:188} INFO - [2025-12-07T22:42:46.457+0000] {dag.py:3954} INFO - Setting next_dagrun for flujo_etl_completo to 2025-12-07 22:00:00+00:00, run_after=2025-12-07 23:00:00+00:00
[2025-12-07T22:42:46.480+0000] {processor.py:183} INFO - Processing /opt/airflow/dags/pipeline_completo.py took 0.129 seconds
[2025-12-07T22:43:16.839+0000] {processor.py:161} INFO - Started process (PID=235) to work on /opt/airflow/dags/pipeline_completo.py
[2025-12-07T22:43:16.843+0000] {processor.py:830} INFO - Processing file /opt/airflow/dags/pipeline_completo.py for tasks to queue
[2025-12-07T22:43:16.847+0000] {logging_mixin.py:188} INFO - [2025-12-07T22:43:16.846+0000] {dagbag.py:545} INFO - Filling up the DagBag from /opt/airflow/dags/pipeline_completo.py
[2025-12-07T22:43:16.906+0000] {processor.py:840} INFO - DAG(s) 'flujo_etl_completo' retrieved from /opt/airflow/dags/pipeline_completo.py
[2025-12-07T22:43:16.990+0000] {logging_mixin.py:188} INFO - [2025-12-07T22:43:16.990+0000] {dag.py:3096} INFO - Sync 1 DAGs
[2025-12-07T22:43:17.073+0000] {logging_mixin.py:188} INFO - [2025-12-07T22:43:17.072+0000] {dag.py:3954} INFO - Setting next_dagrun for flujo_etl_completo to 2025-12-07 22:00:00+00:00, run_after=2025-12-07 23:00:00+00:00
[2025-12-07T22:43:17.182+0000] {processor.py:183} INFO - Processing /opt/airflow/dags/pipeline_completo.py took 0.352 seconds
[2025-12-07T22:52:12.705+0000] {processor.py:161} INFO - Started process (PID=168) to work on /opt/airflow/dags/pipeline_completo.py
[2025-12-07T22:52:12.707+0000] {processor.py:830} INFO - Processing file /opt/airflow/dags/pipeline_completo.py for tasks to queue
[2025-12-07T22:52:12.709+0000] {logging_mixin.py:188} INFO - [2025-12-07T22:52:12.708+0000] {dagbag.py:545} INFO - Filling up the DagBag from /opt/airflow/dags/pipeline_completo.py
[2025-12-07T22:52:12.777+0000] {processor.py:840} INFO - DAG(s) 'flujo_etl_completo' retrieved from /opt/airflow/dags/pipeline_completo.py
[2025-12-07T22:52:13.023+0000] {logging_mixin.py:188} INFO - [2025-12-07T22:52:13.023+0000] {override.py:1829} INFO - Created Permission View: can delete on DAG:flujo_etl_completo
[2025-12-07T22:52:13.035+0000] {logging_mixin.py:188} INFO - [2025-12-07T22:52:13.035+0000] {override.py:1829} INFO - Created Permission View: can edit on DAG:flujo_etl_completo
[2025-12-07T22:52:13.044+0000] {logging_mixin.py:188} INFO - [2025-12-07T22:52:13.044+0000] {override.py:1829} INFO - Created Permission View: can read on DAG:flujo_etl_completo
[2025-12-07T22:52:13.045+0000] {logging_mixin.py:188} INFO - [2025-12-07T22:52:13.045+0000] {dag.py:3096} INFO - Sync 1 DAGs
[2025-12-07T22:52:13.057+0000] {logging_mixin.py:188} INFO - [2025-12-07T22:52:13.057+0000] {dag.py:3118} INFO - Creating ORM DAG for flujo_etl_completo
[2025-12-07T22:52:13.068+0000] {logging_mixin.py:188} INFO - [2025-12-07T22:52:13.068+0000] {dag.py:3954} INFO - Setting next_dagrun for flujo_etl_completo to 2025-12-07 21:00:00+00:00, run_after=2025-12-07 22:00:00+00:00
[2025-12-07T22:52:13.089+0000] {processor.py:183} INFO - Processing /opt/airflow/dags/pipeline_completo.py took 0.389 seconds
[2025-12-07T22:52:43.416+0000] {processor.py:161} INFO - Started process (PID=177) to work on /opt/airflow/dags/pipeline_completo.py
[2025-12-07T22:52:43.418+0000] {processor.py:830} INFO - Processing file /opt/airflow/dags/pipeline_completo.py for tasks to queue
[2025-12-07T22:52:43.423+0000] {logging_mixin.py:188} INFO - [2025-12-07T22:52:43.421+0000] {dagbag.py:545} INFO - Filling up the DagBag from /opt/airflow/dags/pipeline_completo.py
[2025-12-07T22:52:43.482+0000] {processor.py:840} INFO - DAG(s) 'flujo_etl_completo' retrieved from /opt/airflow/dags/pipeline_completo.py
[2025-12-07T22:52:43.540+0000] {logging_mixin.py:188} INFO - [2025-12-07T22:52:43.539+0000] {dag.py:3096} INFO - Sync 1 DAGs
[2025-12-07T22:52:43.669+0000] {logging_mixin.py:188} INFO - [2025-12-07T22:52:43.669+0000] {dag.py:3954} INFO - Setting next_dagrun for flujo_etl_completo to 2025-12-07 22:00:00+00:00, run_after=2025-12-07 23:00:00+00:00
[2025-12-07T22:52:43.720+0000] {processor.py:183} INFO - Processing /opt/airflow/dags/pipeline_completo.py took 0.313 seconds
[2025-12-07T22:53:14.164+0000] {processor.py:161} INFO - Started process (PID=182) to work on /opt/airflow/dags/pipeline_completo.py
[2025-12-07T22:53:14.166+0000] {processor.py:830} INFO - Processing file /opt/airflow/dags/pipeline_completo.py for tasks to queue
[2025-12-07T22:53:14.171+0000] {logging_mixin.py:188} INFO - [2025-12-07T22:53:14.169+0000] {dagbag.py:545} INFO - Filling up the DagBag from /opt/airflow/dags/pipeline_completo.py
[2025-12-07T22:53:14.244+0000] {processor.py:840} INFO - DAG(s) 'flujo_etl_completo' retrieved from /opt/airflow/dags/pipeline_completo.py
[2025-12-07T22:53:14.313+0000] {logging_mixin.py:188} INFO - [2025-12-07T22:53:14.313+0000] {dag.py:3096} INFO - Sync 1 DAGs
[2025-12-07T22:53:14.384+0000] {logging_mixin.py:188} INFO - [2025-12-07T22:53:14.384+0000] {dag.py:3954} INFO - Setting next_dagrun for flujo_etl_completo to 2025-12-07 22:00:00+00:00, run_after=2025-12-07 23:00:00+00:00
[2025-12-07T22:53:14.430+0000] {processor.py:183} INFO - Processing /opt/airflow/dags/pipeline_completo.py took 0.278 seconds
[2025-12-07T22:53:44.763+0000] {processor.py:161} INFO - Started process (PID=189) to work on /opt/airflow/dags/pipeline_completo.py
[2025-12-07T22:53:44.765+0000] {processor.py:830} INFO - Processing file /opt/airflow/dags/pipeline_completo.py for tasks to queue
[2025-12-07T22:53:44.767+0000] {logging_mixin.py:188} INFO - [2025-12-07T22:53:44.767+0000] {dagbag.py:545} INFO - Filling up the DagBag from /opt/airflow/dags/pipeline_completo.py
[2025-12-07T22:53:44.799+0000] {processor.py:840} INFO - DAG(s) 'flujo_etl_completo' retrieved from /opt/airflow/dags/pipeline_completo.py
[2025-12-07T22:53:44.822+0000] {logging_mixin.py:188} INFO - [2025-12-07T22:53:44.821+0000] {dag.py:3096} INFO - Sync 1 DAGs
[2025-12-07T22:53:44.842+0000] {logging_mixin.py:188} INFO - [2025-12-07T22:53:44.842+0000] {dag.py:3954} INFO - Setting next_dagrun for flujo_etl_completo to 2025-12-07 22:00:00+00:00, run_after=2025-12-07 23:00:00+00:00
[2025-12-07T22:53:44.877+0000] {processor.py:183} INFO - Processing /opt/airflow/dags/pipeline_completo.py took 0.118 seconds
[2025-12-07T22:54:15.126+0000] {processor.py:161} INFO - Started process (PID=194) to work on /opt/airflow/dags/pipeline_completo.py
[2025-12-07T22:54:15.128+0000] {processor.py:830} INFO - Processing file /opt/airflow/dags/pipeline_completo.py for tasks to queue
[2025-12-07T22:54:15.131+0000] {logging_mixin.py:188} INFO - [2025-12-07T22:54:15.131+0000] {dagbag.py:545} INFO - Filling up the DagBag from /opt/airflow/dags/pipeline_completo.py
[2025-12-07T22:54:15.173+0000] {processor.py:840} INFO - DAG(s) 'flujo_etl_completo' retrieved from /opt/airflow/dags/pipeline_completo.py
[2025-12-07T22:54:15.210+0000] {logging_mixin.py:188} INFO - [2025-12-07T22:54:15.210+0000] {dag.py:3096} INFO - Sync 1 DAGs
[2025-12-07T22:54:15.252+0000] {logging_mixin.py:188} INFO - [2025-12-07T22:54:15.252+0000] {dag.py:3954} INFO - Setting next_dagrun for flujo_etl_completo to 2025-12-07 22:00:00+00:00, run_after=2025-12-07 23:00:00+00:00
[2025-12-07T22:54:15.291+0000] {processor.py:183} INFO - Processing /opt/airflow/dags/pipeline_completo.py took 0.173 seconds
[2025-12-07T22:54:45.527+0000] {processor.py:161} INFO - Started process (PID=199) to work on /opt/airflow/dags/pipeline_completo.py
[2025-12-07T22:54:45.529+0000] {processor.py:830} INFO - Processing file /opt/airflow/dags/pipeline_completo.py for tasks to queue
[2025-12-07T22:54:45.531+0000] {logging_mixin.py:188} INFO - [2025-12-07T22:54:45.531+0000] {dagbag.py:545} INFO - Filling up the DagBag from /opt/airflow/dags/pipeline_completo.py
[2025-12-07T22:54:45.562+0000] {processor.py:840} INFO - DAG(s) 'flujo_etl_completo' retrieved from /opt/airflow/dags/pipeline_completo.py
[2025-12-07T22:54:45.587+0000] {logging_mixin.py:188} INFO - [2025-12-07T22:54:45.587+0000] {dag.py:3096} INFO - Sync 1 DAGs
[2025-12-07T22:54:45.609+0000] {logging_mixin.py:188} INFO - [2025-12-07T22:54:45.609+0000] {dag.py:3954} INFO - Setting next_dagrun for flujo_etl_completo to 2025-12-07 22:00:00+00:00, run_after=2025-12-07 23:00:00+00:00
[2025-12-07T22:54:45.641+0000] {processor.py:183} INFO - Processing /opt/airflow/dags/pipeline_completo.py took 0.119 seconds
[2025-12-07T22:54:51.748+0000] {processor.py:161} INFO - Started process (PID=204) to work on /opt/airflow/dags/pipeline_completo.py
[2025-12-07T22:54:51.750+0000] {processor.py:830} INFO - Processing file /opt/airflow/dags/pipeline_completo.py for tasks to queue
[2025-12-07T22:54:51.752+0000] {logging_mixin.py:188} INFO - [2025-12-07T22:54:51.752+0000] {dagbag.py:545} INFO - Filling up the DagBag from /opt/airflow/dags/pipeline_completo.py
[2025-12-07T22:54:51.811+0000] {processor.py:840} INFO - DAG(s) 'flujo_etl_completo' retrieved from /opt/airflow/dags/pipeline_completo.py
[2025-12-07T22:54:52.047+0000] {logging_mixin.py:188} INFO - [2025-12-07T22:54:52.047+0000] {dag.py:3096} INFO - Sync 1 DAGs
[2025-12-07T22:54:52.073+0000] {logging_mixin.py:188} INFO - [2025-12-07T22:54:52.073+0000] {dag.py:3954} INFO - Setting next_dagrun for flujo_etl_completo to 2025-12-07 22:00:00+00:00, run_after=2025-12-07 23:00:00+00:00
[2025-12-07T22:54:52.109+0000] {processor.py:183} INFO - Processing /opt/airflow/dags/pipeline_completo.py took 0.370 seconds
[2025-12-07T22:55:22.822+0000] {processor.py:161} INFO - Started process (PID=209) to work on /opt/airflow/dags/pipeline_completo.py
[2025-12-07T22:55:22.830+0000] {processor.py:830} INFO - Processing file /opt/airflow/dags/pipeline_completo.py for tasks to queue
[2025-12-07T22:55:22.844+0000] {logging_mixin.py:188} INFO - [2025-12-07T22:55:22.843+0000] {dagbag.py:545} INFO - Filling up the DagBag from /opt/airflow/dags/pipeline_completo.py
[2025-12-07T22:55:23.098+0000] {processor.py:840} INFO - DAG(s) 'flujo_etl_completo' retrieved from /opt/airflow/dags/pipeline_completo.py
[2025-12-07T22:55:23.149+0000] {logging_mixin.py:188} INFO - [2025-12-07T22:55:23.149+0000] {dag.py:3096} INFO - Sync 1 DAGs
[2025-12-07T22:55:23.193+0000] {logging_mixin.py:188} INFO - [2025-12-07T22:55:23.193+0000] {dag.py:3954} INFO - Setting next_dagrun for flujo_etl_completo to 2025-12-07 22:00:00+00:00, run_after=2025-12-07 23:00:00+00:00
[2025-12-07T22:55:23.264+0000] {processor.py:183} INFO - Processing /opt/airflow/dags/pipeline_completo.py took 0.449 seconds
[2025-12-07T22:55:53.335+0000] {processor.py:161} INFO - Started process (PID=214) to work on /opt/airflow/dags/pipeline_completo.py
[2025-12-07T22:55:53.337+0000] {processor.py:830} INFO - Processing file /opt/airflow/dags/pipeline_completo.py for tasks to queue
[2025-12-07T22:55:53.339+0000] {logging_mixin.py:188} INFO - [2025-12-07T22:55:53.339+0000] {dagbag.py:545} INFO - Filling up the DagBag from /opt/airflow/dags/pipeline_completo.py
[2025-12-07T22:55:53.371+0000] {processor.py:840} INFO - DAG(s) 'flujo_etl_completo' retrieved from /opt/airflow/dags/pipeline_completo.py
[2025-12-07T22:55:53.399+0000] {logging_mixin.py:188} INFO - [2025-12-07T22:55:53.399+0000] {dag.py:3096} INFO - Sync 1 DAGs
[2025-12-07T22:55:53.423+0000] {logging_mixin.py:188} INFO - [2025-12-07T22:55:53.422+0000] {dag.py:3954} INFO - Setting next_dagrun for flujo_etl_completo to 2025-12-07 22:00:00+00:00, run_after=2025-12-07 23:00:00+00:00
[2025-12-07T22:55:53.447+0000] {processor.py:183} INFO - Processing /opt/airflow/dags/pipeline_completo.py took 0.117 seconds
[2025-12-07T22:56:23.684+0000] {processor.py:161} INFO - Started process (PID=219) to work on /opt/airflow/dags/pipeline_completo.py
[2025-12-07T22:56:23.686+0000] {processor.py:830} INFO - Processing file /opt/airflow/dags/pipeline_completo.py for tasks to queue
[2025-12-07T22:56:23.688+0000] {logging_mixin.py:188} INFO - [2025-12-07T22:56:23.687+0000] {dagbag.py:545} INFO - Filling up the DagBag from /opt/airflow/dags/pipeline_completo.py
[2025-12-07T22:56:23.714+0000] {processor.py:840} INFO - DAG(s) 'flujo_etl_completo' retrieved from /opt/airflow/dags/pipeline_completo.py
[2025-12-07T22:56:23.741+0000] {logging_mixin.py:188} INFO - [2025-12-07T22:56:23.741+0000] {dag.py:3096} INFO - Sync 1 DAGs
[2025-12-07T22:56:23.764+0000] {logging_mixin.py:188} INFO - [2025-12-07T22:56:23.764+0000] {dag.py:3954} INFO - Setting next_dagrun for flujo_etl_completo to 2025-12-07 22:00:00+00:00, run_after=2025-12-07 23:00:00+00:00
[2025-12-07T22:56:23.785+0000] {processor.py:183} INFO - Processing /opt/airflow/dags/pipeline_completo.py took 0.106 seconds
[2025-12-07T22:56:54.195+0000] {processor.py:161} INFO - Started process (PID=224) to work on /opt/airflow/dags/pipeline_completo.py
[2025-12-07T22:56:54.196+0000] {processor.py:830} INFO - Processing file /opt/airflow/dags/pipeline_completo.py for tasks to queue
[2025-12-07T22:56:54.199+0000] {logging_mixin.py:188} INFO - [2025-12-07T22:56:54.198+0000] {dagbag.py:545} INFO - Filling up the DagBag from /opt/airflow/dags/pipeline_completo.py
[2025-12-07T22:56:54.242+0000] {processor.py:840} INFO - DAG(s) 'flujo_etl_completo' retrieved from /opt/airflow/dags/pipeline_completo.py
[2025-12-07T22:56:54.276+0000] {logging_mixin.py:188} INFO - [2025-12-07T22:56:54.276+0000] {dag.py:3096} INFO - Sync 1 DAGs
[2025-12-07T22:56:54.313+0000] {logging_mixin.py:188} INFO - [2025-12-07T22:56:54.312+0000] {dag.py:3954} INFO - Setting next_dagrun for flujo_etl_completo to 2025-12-07 22:00:00+00:00, run_after=2025-12-07 23:00:00+00:00
[2025-12-07T22:56:54.352+0000] {processor.py:183} INFO - Processing /opt/airflow/dags/pipeline_completo.py took 0.165 seconds
[2025-12-07T22:57:24.513+0000] {processor.py:161} INFO - Started process (PID=229) to work on /opt/airflow/dags/pipeline_completo.py
[2025-12-07T22:57:24.514+0000] {processor.py:830} INFO - Processing file /opt/airflow/dags/pipeline_completo.py for tasks to queue
[2025-12-07T22:57:24.516+0000] {logging_mixin.py:188} INFO - [2025-12-07T22:57:24.516+0000] {dagbag.py:545} INFO - Filling up the DagBag from /opt/airflow/dags/pipeline_completo.py
[2025-12-07T22:57:24.543+0000] {processor.py:840} INFO - DAG(s) 'flujo_etl_completo' retrieved from /opt/airflow/dags/pipeline_completo.py
[2025-12-07T22:57:24.566+0000] {logging_mixin.py:188} INFO - [2025-12-07T22:57:24.566+0000] {dag.py:3096} INFO - Sync 1 DAGs
[2025-12-07T22:57:24.586+0000] {logging_mixin.py:188} INFO - [2025-12-07T22:57:24.586+0000] {dag.py:3954} INFO - Setting next_dagrun for flujo_etl_completo to 2025-12-07 22:00:00+00:00, run_after=2025-12-07 23:00:00+00:00
[2025-12-07T22:57:24.609+0000] {processor.py:183} INFO - Processing /opt/airflow/dags/pipeline_completo.py took 0.101 seconds
[2025-12-07T22:57:54.951+0000] {processor.py:161} INFO - Started process (PID=234) to work on /opt/airflow/dags/pipeline_completo.py
[2025-12-07T22:57:54.954+0000] {processor.py:830} INFO - Processing file /opt/airflow/dags/pipeline_completo.py for tasks to queue
[2025-12-07T22:57:54.959+0000] {logging_mixin.py:188} INFO - [2025-12-07T22:57:54.959+0000] {dagbag.py:545} INFO - Filling up the DagBag from /opt/airflow/dags/pipeline_completo.py
[2025-12-07T22:57:55.069+0000] {processor.py:840} INFO - DAG(s) 'flujo_etl_completo' retrieved from /opt/airflow/dags/pipeline_completo.py
[2025-12-07T22:57:55.102+0000] {logging_mixin.py:188} INFO - [2025-12-07T22:57:55.102+0000] {dag.py:3096} INFO - Sync 1 DAGs
[2025-12-07T22:57:55.133+0000] {logging_mixin.py:188} INFO - [2025-12-07T22:57:55.133+0000] {dag.py:3954} INFO - Setting next_dagrun for flujo_etl_completo to 2025-12-07 22:00:00+00:00, run_after=2025-12-07 23:00:00+00:00
[2025-12-07T22:57:55.169+0000] {processor.py:183} INFO - Processing /opt/airflow/dags/pipeline_completo.py took 0.224 seconds
[2025-12-07T22:58:25.293+0000] {processor.py:161} INFO - Started process (PID=239) to work on /opt/airflow/dags/pipeline_completo.py
[2025-12-07T22:58:25.294+0000] {processor.py:830} INFO - Processing file /opt/airflow/dags/pipeline_completo.py for tasks to queue
[2025-12-07T22:58:25.296+0000] {logging_mixin.py:188} INFO - [2025-12-07T22:58:25.295+0000] {dagbag.py:545} INFO - Filling up the DagBag from /opt/airflow/dags/pipeline_completo.py
[2025-12-07T22:58:25.320+0000] {processor.py:840} INFO - DAG(s) 'flujo_etl_completo' retrieved from /opt/airflow/dags/pipeline_completo.py
[2025-12-07T22:58:25.341+0000] {logging_mixin.py:188} INFO - [2025-12-07T22:58:25.341+0000] {dag.py:3096} INFO - Sync 1 DAGs
[2025-12-07T22:58:25.360+0000] {logging_mixin.py:188} INFO - [2025-12-07T22:58:25.360+0000] {dag.py:3954} INFO - Setting next_dagrun for flujo_etl_completo to 2025-12-07 22:00:00+00:00, run_after=2025-12-07 23:00:00+00:00
[2025-12-07T22:58:25.377+0000] {processor.py:183} INFO - Processing /opt/airflow/dags/pipeline_completo.py took 0.089 seconds
[2025-12-07T22:58:55.571+0000] {processor.py:161} INFO - Started process (PID=244) to work on /opt/airflow/dags/pipeline_completo.py
[2025-12-07T22:58:55.573+0000] {processor.py:830} INFO - Processing file /opt/airflow/dags/pipeline_completo.py for tasks to queue
[2025-12-07T22:58:55.575+0000] {logging_mixin.py:188} INFO - [2025-12-07T22:58:55.575+0000] {dagbag.py:545} INFO - Filling up the DagBag from /opt/airflow/dags/pipeline_completo.py
[2025-12-07T22:58:55.605+0000] {processor.py:840} INFO - DAG(s) 'flujo_etl_completo' retrieved from /opt/airflow/dags/pipeline_completo.py
[2025-12-07T22:58:55.629+0000] {logging_mixin.py:188} INFO - [2025-12-07T22:58:55.629+0000] {dag.py:3096} INFO - Sync 1 DAGs
[2025-12-07T22:58:55.650+0000] {logging_mixin.py:188} INFO - [2025-12-07T22:58:55.649+0000] {dag.py:3954} INFO - Setting next_dagrun for flujo_etl_completo to 2025-12-07 22:00:00+00:00, run_after=2025-12-07 23:00:00+00:00
[2025-12-07T22:58:55.671+0000] {processor.py:183} INFO - Processing /opt/airflow/dags/pipeline_completo.py took 0.105 seconds
[2025-12-07T22:59:25.959+0000] {processor.py:161} INFO - Started process (PID=249) to work on /opt/airflow/dags/pipeline_completo.py
[2025-12-07T22:59:25.961+0000] {processor.py:830} INFO - Processing file /opt/airflow/dags/pipeline_completo.py for tasks to queue
[2025-12-07T22:59:25.963+0000] {logging_mixin.py:188} INFO - [2025-12-07T22:59:25.962+0000] {dagbag.py:545} INFO - Filling up the DagBag from /opt/airflow/dags/pipeline_completo.py
[2025-12-07T22:59:25.995+0000] {processor.py:840} INFO - DAG(s) 'flujo_etl_completo' retrieved from /opt/airflow/dags/pipeline_completo.py
[2025-12-07T22:59:26.025+0000] {logging_mixin.py:188} INFO - [2025-12-07T22:59:26.025+0000] {dag.py:3096} INFO - Sync 1 DAGs
[2025-12-07T22:59:26.051+0000] {logging_mixin.py:188} INFO - [2025-12-07T22:59:26.051+0000] {dag.py:3954} INFO - Setting next_dagrun for flujo_etl_completo to 2025-12-07 22:00:00+00:00, run_after=2025-12-07 23:00:00+00:00
[2025-12-07T22:59:26.078+0000] {processor.py:183} INFO - Processing /opt/airflow/dags/pipeline_completo.py took 0.125 seconds
[2025-12-07T22:59:56.201+0000] {processor.py:161} INFO - Started process (PID=254) to work on /opt/airflow/dags/pipeline_completo.py
[2025-12-07T22:59:56.202+0000] {processor.py:830} INFO - Processing file /opt/airflow/dags/pipeline_completo.py for tasks to queue
[2025-12-07T22:59:56.204+0000] {logging_mixin.py:188} INFO - [2025-12-07T22:59:56.204+0000] {dagbag.py:545} INFO - Filling up the DagBag from /opt/airflow/dags/pipeline_completo.py
[2025-12-07T22:59:56.230+0000] {processor.py:840} INFO - DAG(s) 'flujo_etl_completo' retrieved from /opt/airflow/dags/pipeline_completo.py
[2025-12-07T22:59:56.255+0000] {logging_mixin.py:188} INFO - [2025-12-07T22:59:56.255+0000] {dag.py:3096} INFO - Sync 1 DAGs
[2025-12-07T22:59:56.275+0000] {logging_mixin.py:188} INFO - [2025-12-07T22:59:56.275+0000] {dag.py:3954} INFO - Setting next_dagrun for flujo_etl_completo to 2025-12-07 22:00:00+00:00, run_after=2025-12-07 23:00:00+00:00
[2025-12-07T22:59:56.292+0000] {processor.py:183} INFO - Processing /opt/airflow/dags/pipeline_completo.py took 0.096 seconds
[2025-12-07T23:00:26.654+0000] {processor.py:161} INFO - Started process (PID=263) to work on /opt/airflow/dags/pipeline_completo.py
[2025-12-07T23:00:26.656+0000] {processor.py:830} INFO - Processing file /opt/airflow/dags/pipeline_completo.py for tasks to queue
[2025-12-07T23:00:26.658+0000] {logging_mixin.py:188} INFO - [2025-12-07T23:00:26.658+0000] {dagbag.py:545} INFO - Filling up the DagBag from /opt/airflow/dags/pipeline_completo.py
[2025-12-07T23:00:26.690+0000] {processor.py:840} INFO - DAG(s) 'flujo_etl_completo' retrieved from /opt/airflow/dags/pipeline_completo.py
[2025-12-07T23:00:26.718+0000] {logging_mixin.py:188} INFO - [2025-12-07T23:00:26.717+0000] {dag.py:3096} INFO - Sync 1 DAGs
[2025-12-07T23:00:26.741+0000] {logging_mixin.py:188} INFO - [2025-12-07T23:00:26.741+0000] {dag.py:3954} INFO - Setting next_dagrun for flujo_etl_completo to 2025-12-07 23:00:00+00:00, run_after=2025-12-08 00:00:00+00:00
[2025-12-07T23:00:26.762+0000] {processor.py:183} INFO - Processing /opt/airflow/dags/pipeline_completo.py took 0.115 seconds
[2025-12-07T23:00:57.185+0000] {processor.py:161} INFO - Started process (PID=268) to work on /opt/airflow/dags/pipeline_completo.py
[2025-12-07T23:00:57.187+0000] {processor.py:830} INFO - Processing file /opt/airflow/dags/pipeline_completo.py for tasks to queue
[2025-12-07T23:00:57.192+0000] {logging_mixin.py:188} INFO - [2025-12-07T23:00:57.191+0000] {dagbag.py:545} INFO - Filling up the DagBag from /opt/airflow/dags/pipeline_completo.py
[2025-12-07T23:00:57.258+0000] {processor.py:840} INFO - DAG(s) 'flujo_etl_completo' retrieved from /opt/airflow/dags/pipeline_completo.py
[2025-12-07T23:00:57.335+0000] {logging_mixin.py:188} INFO - [2025-12-07T23:00:57.334+0000] {dag.py:3096} INFO - Sync 1 DAGs
[2025-12-07T23:00:57.391+0000] {logging_mixin.py:188} INFO - [2025-12-07T23:00:57.391+0000] {dag.py:3954} INFO - Setting next_dagrun for flujo_etl_completo to 2025-12-07 23:00:00+00:00, run_after=2025-12-08 00:00:00+00:00
[2025-12-07T23:00:57.434+0000] {processor.py:183} INFO - Processing /opt/airflow/dags/pipeline_completo.py took 0.264 seconds
[2025-12-07T23:01:27.575+0000] {processor.py:161} INFO - Started process (PID=273) to work on /opt/airflow/dags/pipeline_completo.py
[2025-12-07T23:01:27.578+0000] {processor.py:830} INFO - Processing file /opt/airflow/dags/pipeline_completo.py for tasks to queue
[2025-12-07T23:01:27.585+0000] {logging_mixin.py:188} INFO - [2025-12-07T23:01:27.583+0000] {dagbag.py:545} INFO - Filling up the DagBag from /opt/airflow/dags/pipeline_completo.py
[2025-12-07T23:01:27.667+0000] {processor.py:840} INFO - DAG(s) 'flujo_etl_completo' retrieved from /opt/airflow/dags/pipeline_completo.py
[2025-12-07T23:01:27.741+0000] {logging_mixin.py:188} INFO - [2025-12-07T23:01:27.740+0000] {dag.py:3096} INFO - Sync 1 DAGs
[2025-12-07T23:01:27.799+0000] {logging_mixin.py:188} INFO - [2025-12-07T23:01:27.798+0000] {dag.py:3954} INFO - Setting next_dagrun for flujo_etl_completo to 2025-12-07 23:00:00+00:00, run_after=2025-12-08 00:00:00+00:00
[2025-12-07T23:01:27.848+0000] {processor.py:183} INFO - Processing /opt/airflow/dags/pipeline_completo.py took 0.303 seconds
[2025-12-07T23:01:58.192+0000] {processor.py:161} INFO - Started process (PID=280) to work on /opt/airflow/dags/pipeline_completo.py
[2025-12-07T23:01:58.194+0000] {processor.py:830} INFO - Processing file /opt/airflow/dags/pipeline_completo.py for tasks to queue
[2025-12-07T23:01:58.198+0000] {logging_mixin.py:188} INFO - [2025-12-07T23:01:58.197+0000] {dagbag.py:545} INFO - Filling up the DagBag from /opt/airflow/dags/pipeline_completo.py
[2025-12-07T23:01:58.236+0000] {processor.py:840} INFO - DAG(s) 'flujo_etl_completo' retrieved from /opt/airflow/dags/pipeline_completo.py
[2025-12-07T23:01:58.265+0000] {logging_mixin.py:188} INFO - [2025-12-07T23:01:58.264+0000] {dag.py:3096} INFO - Sync 1 DAGs
[2025-12-07T23:01:58.290+0000] {logging_mixin.py:188} INFO - [2025-12-07T23:01:58.290+0000] {dag.py:3954} INFO - Setting next_dagrun for flujo_etl_completo to 2025-12-07 23:00:00+00:00, run_after=2025-12-08 00:00:00+00:00
[2025-12-07T23:01:58.320+0000] {processor.py:183} INFO - Processing /opt/airflow/dags/pipeline_completo.py took 0.135 seconds
[2025-12-07T23:06:55.400+0000] {processor.py:161} INFO - Started process (PID=169) to work on /opt/airflow/dags/pipeline_completo.py
[2025-12-07T23:06:55.403+0000] {processor.py:830} INFO - Processing file /opt/airflow/dags/pipeline_completo.py for tasks to queue
[2025-12-07T23:06:55.406+0000] {logging_mixin.py:188} INFO - [2025-12-07T23:06:55.405+0000] {dagbag.py:545} INFO - Filling up the DagBag from /opt/airflow/dags/pipeline_completo.py
[2025-12-07T23:06:55.451+0000] {processor.py:840} INFO - DAG(s) 'flujo_etl_completo' retrieved from /opt/airflow/dags/pipeline_completo.py
[2025-12-07T23:06:55.704+0000] {logging_mixin.py:188} INFO - [2025-12-07T23:06:55.703+0000] {override.py:1829} INFO - Created Permission View: can edit on DAG:flujo_etl_completo
[2025-12-07T23:06:55.720+0000] {logging_mixin.py:188} INFO - [2025-12-07T23:06:55.719+0000] {override.py:1829} INFO - Created Permission View: can delete on DAG:flujo_etl_completo
[2025-12-07T23:06:55.727+0000] {logging_mixin.py:188} INFO - [2025-12-07T23:06:55.727+0000] {override.py:1829} INFO - Created Permission View: can read on DAG:flujo_etl_completo
[2025-12-07T23:06:55.729+0000] {logging_mixin.py:188} INFO - [2025-12-07T23:06:55.728+0000] {dag.py:3096} INFO - Sync 1 DAGs
[2025-12-07T23:06:55.739+0000] {logging_mixin.py:188} INFO - [2025-12-07T23:06:55.739+0000] {dag.py:3118} INFO - Creating ORM DAG for flujo_etl_completo
[2025-12-07T23:06:55.751+0000] {logging_mixin.py:188} INFO - [2025-12-07T23:06:55.751+0000] {dag.py:3954} INFO - Setting next_dagrun for flujo_etl_completo to 2025-12-07 22:00:00+00:00, run_after=2025-12-07 23:00:00+00:00
[2025-12-07T23:06:55.780+0000] {processor.py:183} INFO - Processing /opt/airflow/dags/pipeline_completo.py took 0.385 seconds
[2025-12-07T23:07:26.452+0000] {processor.py:161} INFO - Started process (PID=178) to work on /opt/airflow/dags/pipeline_completo.py
[2025-12-07T23:07:26.469+0000] {processor.py:830} INFO - Processing file /opt/airflow/dags/pipeline_completo.py for tasks to queue
[2025-12-07T23:07:26.492+0000] {logging_mixin.py:188} INFO - [2025-12-07T23:07:26.488+0000] {dagbag.py:545} INFO - Filling up the DagBag from /opt/airflow/dags/pipeline_completo.py
[2025-12-07T23:07:26.760+0000] {processor.py:840} INFO - DAG(s) 'flujo_etl_completo' retrieved from /opt/airflow/dags/pipeline_completo.py
[2025-12-07T23:07:26.820+0000] {logging_mixin.py:188} INFO - [2025-12-07T23:07:26.820+0000] {dag.py:3096} INFO - Sync 1 DAGs
[2025-12-07T23:07:26.927+0000] {logging_mixin.py:188} INFO - [2025-12-07T23:07:26.927+0000] {dag.py:3954} INFO - Setting next_dagrun for flujo_etl_completo to 2025-12-07 23:00:00+00:00, run_after=2025-12-08 00:00:00+00:00
[2025-12-07T23:07:26.964+0000] {processor.py:183} INFO - Processing /opt/airflow/dags/pipeline_completo.py took 0.521 seconds
[2025-12-07T23:07:57.091+0000] {processor.py:161} INFO - Started process (PID=183) to work on /opt/airflow/dags/pipeline_completo.py
[2025-12-07T23:07:57.095+0000] {processor.py:830} INFO - Processing file /opt/airflow/dags/pipeline_completo.py for tasks to queue
[2025-12-07T23:07:57.102+0000] {logging_mixin.py:188} INFO - [2025-12-07T23:07:57.099+0000] {dagbag.py:545} INFO - Filling up the DagBag from /opt/airflow/dags/pipeline_completo.py
[2025-12-07T23:07:57.491+0000] {processor.py:840} INFO - DAG(s) 'flujo_etl_completo' retrieved from /opt/airflow/dags/pipeline_completo.py
[2025-12-07T23:07:57.556+0000] {logging_mixin.py:188} INFO - [2025-12-07T23:07:57.556+0000] {dag.py:3096} INFO - Sync 1 DAGs
[2025-12-07T23:07:57.629+0000] {logging_mixin.py:188} INFO - [2025-12-07T23:07:57.628+0000] {dag.py:3954} INFO - Setting next_dagrun for flujo_etl_completo to 2025-12-07 23:00:00+00:00, run_after=2025-12-08 00:00:00+00:00
[2025-12-07T23:07:57.711+0000] {processor.py:183} INFO - Processing /opt/airflow/dags/pipeline_completo.py took 0.629 seconds
[2025-12-07T23:08:28.166+0000] {processor.py:161} INFO - Started process (PID=190) to work on /opt/airflow/dags/pipeline_completo.py
[2025-12-07T23:08:28.167+0000] {processor.py:830} INFO - Processing file /opt/airflow/dags/pipeline_completo.py for tasks to queue
[2025-12-07T23:08:28.169+0000] {logging_mixin.py:188} INFO - [2025-12-07T23:08:28.169+0000] {dagbag.py:545} INFO - Filling up the DagBag from /opt/airflow/dags/pipeline_completo.py
[2025-12-07T23:08:28.200+0000] {processor.py:840} INFO - DAG(s) 'flujo_etl_completo' retrieved from /opt/airflow/dags/pipeline_completo.py
[2025-12-07T23:08:28.231+0000] {logging_mixin.py:188} INFO - [2025-12-07T23:08:28.231+0000] {dag.py:3096} INFO - Sync 1 DAGs
[2025-12-07T23:08:28.255+0000] {logging_mixin.py:188} INFO - [2025-12-07T23:08:28.255+0000] {dag.py:3954} INFO - Setting next_dagrun for flujo_etl_completo to 2025-12-07 23:00:00+00:00, run_after=2025-12-08 00:00:00+00:00
[2025-12-07T23:08:28.280+0000] {processor.py:183} INFO - Processing /opt/airflow/dags/pipeline_completo.py took 0.120 seconds
[2025-12-07T23:08:58.432+0000] {processor.py:161} INFO - Started process (PID=197) to work on /opt/airflow/dags/pipeline_completo.py
[2025-12-07T23:08:58.433+0000] {processor.py:830} INFO - Processing file /opt/airflow/dags/pipeline_completo.py for tasks to queue
[2025-12-07T23:08:58.435+0000] {logging_mixin.py:188} INFO - [2025-12-07T23:08:58.435+0000] {dagbag.py:545} INFO - Filling up the DagBag from /opt/airflow/dags/pipeline_completo.py
[2025-12-07T23:08:58.468+0000] {processor.py:840} INFO - DAG(s) 'flujo_etl_completo' retrieved from /opt/airflow/dags/pipeline_completo.py
[2025-12-07T23:08:58.489+0000] {logging_mixin.py:188} INFO - [2025-12-07T23:08:58.488+0000] {dag.py:3096} INFO - Sync 1 DAGs
[2025-12-07T23:08:58.506+0000] {logging_mixin.py:188} INFO - [2025-12-07T23:08:58.506+0000] {dag.py:3954} INFO - Setting next_dagrun for flujo_etl_completo to 2025-12-07 23:00:00+00:00, run_after=2025-12-08 00:00:00+00:00
[2025-12-07T23:08:58.525+0000] {processor.py:183} INFO - Processing /opt/airflow/dags/pipeline_completo.py took 0.098 seconds
[2025-12-07T23:09:28.830+0000] {processor.py:161} INFO - Started process (PID=202) to work on /opt/airflow/dags/pipeline_completo.py
[2025-12-07T23:09:28.831+0000] {processor.py:830} INFO - Processing file /opt/airflow/dags/pipeline_completo.py for tasks to queue
[2025-12-07T23:09:28.832+0000] {logging_mixin.py:188} INFO - [2025-12-07T23:09:28.832+0000] {dagbag.py:545} INFO - Filling up the DagBag from /opt/airflow/dags/pipeline_completo.py
[2025-12-07T23:09:28.861+0000] {processor.py:840} INFO - DAG(s) 'flujo_etl_completo' retrieved from /opt/airflow/dags/pipeline_completo.py
[2025-12-07T23:09:28.880+0000] {logging_mixin.py:188} INFO - [2025-12-07T23:09:28.880+0000] {dag.py:3096} INFO - Sync 1 DAGs
[2025-12-07T23:09:28.898+0000] {logging_mixin.py:188} INFO - [2025-12-07T23:09:28.898+0000] {dag.py:3954} INFO - Setting next_dagrun for flujo_etl_completo to 2025-12-07 23:00:00+00:00, run_after=2025-12-08 00:00:00+00:00
[2025-12-07T23:09:28.937+0000] {processor.py:183} INFO - Processing /opt/airflow/dags/pipeline_completo.py took 0.112 seconds
[2025-12-07T23:09:59.089+0000] {processor.py:161} INFO - Started process (PID=207) to work on /opt/airflow/dags/pipeline_completo.py
[2025-12-07T23:09:59.090+0000] {processor.py:830} INFO - Processing file /opt/airflow/dags/pipeline_completo.py for tasks to queue
[2025-12-07T23:09:59.092+0000] {logging_mixin.py:188} INFO - [2025-12-07T23:09:59.092+0000] {dagbag.py:545} INFO - Filling up the DagBag from /opt/airflow/dags/pipeline_completo.py
[2025-12-07T23:09:59.117+0000] {processor.py:840} INFO - DAG(s) 'flujo_etl_completo' retrieved from /opt/airflow/dags/pipeline_completo.py
[2025-12-07T23:09:59.137+0000] {logging_mixin.py:188} INFO - [2025-12-07T23:09:59.137+0000] {dag.py:3096} INFO - Sync 1 DAGs
[2025-12-07T23:09:59.154+0000] {logging_mixin.py:188} INFO - [2025-12-07T23:09:59.154+0000] {dag.py:3954} INFO - Setting next_dagrun for flujo_etl_completo to 2025-12-07 23:00:00+00:00, run_after=2025-12-08 00:00:00+00:00
[2025-12-07T23:09:59.190+0000] {processor.py:183} INFO - Processing /opt/airflow/dags/pipeline_completo.py took 0.106 seconds
[2025-12-07T23:10:29.490+0000] {processor.py:161} INFO - Started process (PID=212) to work on /opt/airflow/dags/pipeline_completo.py
[2025-12-07T23:10:29.491+0000] {processor.py:830} INFO - Processing file /opt/airflow/dags/pipeline_completo.py for tasks to queue
[2025-12-07T23:10:29.493+0000] {logging_mixin.py:188} INFO - [2025-12-07T23:10:29.493+0000] {dagbag.py:545} INFO - Filling up the DagBag from /opt/airflow/dags/pipeline_completo.py
[2025-12-07T23:10:29.521+0000] {processor.py:840} INFO - DAG(s) 'flujo_etl_completo' retrieved from /opt/airflow/dags/pipeline_completo.py
[2025-12-07T23:10:29.545+0000] {logging_mixin.py:188} INFO - [2025-12-07T23:10:29.545+0000] {dag.py:3096} INFO - Sync 1 DAGs
[2025-12-07T23:10:29.564+0000] {logging_mixin.py:188} INFO - [2025-12-07T23:10:29.564+0000] {dag.py:3954} INFO - Setting next_dagrun for flujo_etl_completo to 2025-12-07 23:00:00+00:00, run_after=2025-12-08 00:00:00+00:00
[2025-12-07T23:10:29.638+0000] {processor.py:183} INFO - Processing /opt/airflow/dags/pipeline_completo.py took 0.154 seconds
[2025-12-07T23:10:59.795+0000] {processor.py:161} INFO - Started process (PID=217) to work on /opt/airflow/dags/pipeline_completo.py
[2025-12-07T23:10:59.796+0000] {processor.py:830} INFO - Processing file /opt/airflow/dags/pipeline_completo.py for tasks to queue
[2025-12-07T23:10:59.797+0000] {logging_mixin.py:188} INFO - [2025-12-07T23:10:59.797+0000] {dagbag.py:545} INFO - Filling up the DagBag from /opt/airflow/dags/pipeline_completo.py
[2025-12-07T23:10:59.826+0000] {processor.py:840} INFO - DAG(s) 'flujo_etl_completo' retrieved from /opt/airflow/dags/pipeline_completo.py
[2025-12-07T23:10:59.847+0000] {logging_mixin.py:188} INFO - [2025-12-07T23:10:59.847+0000] {dag.py:3096} INFO - Sync 1 DAGs
[2025-12-07T23:10:59.872+0000] {logging_mixin.py:188} INFO - [2025-12-07T23:10:59.872+0000] {dag.py:3954} INFO - Setting next_dagrun for flujo_etl_completo to 2025-12-07 23:00:00+00:00, run_after=2025-12-08 00:00:00+00:00
[2025-12-07T23:10:59.889+0000] {processor.py:183} INFO - Processing /opt/airflow/dags/pipeline_completo.py took 0.100 seconds
[2025-12-07T23:11:30.069+0000] {processor.py:161} INFO - Started process (PID=222) to work on /opt/airflow/dags/pipeline_completo.py
[2025-12-07T23:11:30.070+0000] {processor.py:830} INFO - Processing file /opt/airflow/dags/pipeline_completo.py for tasks to queue
[2025-12-07T23:11:30.072+0000] {logging_mixin.py:188} INFO - [2025-12-07T23:11:30.072+0000] {dagbag.py:545} INFO - Filling up the DagBag from /opt/airflow/dags/pipeline_completo.py
[2025-12-07T23:11:30.098+0000] {processor.py:840} INFO - DAG(s) 'flujo_etl_completo' retrieved from /opt/airflow/dags/pipeline_completo.py
[2025-12-07T23:11:30.120+0000] {logging_mixin.py:188} INFO - [2025-12-07T23:11:30.119+0000] {dag.py:3096} INFO - Sync 1 DAGs
[2025-12-07T23:11:30.138+0000] {logging_mixin.py:188} INFO - [2025-12-07T23:11:30.137+0000] {dag.py:3954} INFO - Setting next_dagrun for flujo_etl_completo to 2025-12-07 23:00:00+00:00, run_after=2025-12-08 00:00:00+00:00
[2025-12-07T23:11:30.163+0000] {processor.py:183} INFO - Processing /opt/airflow/dags/pipeline_completo.py took 0.100 seconds
[2025-12-07T23:12:00.741+0000] {processor.py:161} INFO - Started process (PID=227) to work on /opt/airflow/dags/pipeline_completo.py
[2025-12-07T23:12:00.742+0000] {processor.py:830} INFO - Processing file /opt/airflow/dags/pipeline_completo.py for tasks to queue
[2025-12-07T23:12:00.744+0000] {logging_mixin.py:188} INFO - [2025-12-07T23:12:00.744+0000] {dagbag.py:545} INFO - Filling up the DagBag from /opt/airflow/dags/pipeline_completo.py
[2025-12-07T23:12:00.782+0000] {processor.py:840} INFO - DAG(s) 'flujo_etl_completo' retrieved from /opt/airflow/dags/pipeline_completo.py
[2025-12-07T23:12:00.821+0000] {logging_mixin.py:188} INFO - [2025-12-07T23:12:00.821+0000] {dag.py:3096} INFO - Sync 1 DAGs
[2025-12-07T23:12:00.856+0000] {logging_mixin.py:188} INFO - [2025-12-07T23:12:00.856+0000] {dag.py:3954} INFO - Setting next_dagrun for flujo_etl_completo to 2025-12-07 23:00:00+00:00, run_after=2025-12-08 00:00:00+00:00
[2025-12-07T23:12:00.878+0000] {processor.py:183} INFO - Processing /opt/airflow/dags/pipeline_completo.py took 0.141 seconds
[2025-12-07T23:12:31.019+0000] {processor.py:161} INFO - Started process (PID=232) to work on /opt/airflow/dags/pipeline_completo.py
[2025-12-07T23:12:31.020+0000] {processor.py:830} INFO - Processing file /opt/airflow/dags/pipeline_completo.py for tasks to queue
[2025-12-07T23:12:31.022+0000] {logging_mixin.py:188} INFO - [2025-12-07T23:12:31.022+0000] {dagbag.py:545} INFO - Filling up the DagBag from /opt/airflow/dags/pipeline_completo.py
[2025-12-07T23:12:31.052+0000] {processor.py:840} INFO - DAG(s) 'flujo_etl_completo' retrieved from /opt/airflow/dags/pipeline_completo.py
[2025-12-07T23:12:31.075+0000] {logging_mixin.py:188} INFO - [2025-12-07T23:12:31.075+0000] {dag.py:3096} INFO - Sync 1 DAGs
[2025-12-07T23:12:31.097+0000] {logging_mixin.py:188} INFO - [2025-12-07T23:12:31.097+0000] {dag.py:3954} INFO - Setting next_dagrun for flujo_etl_completo to 2025-12-07 23:00:00+00:00, run_after=2025-12-08 00:00:00+00:00
[2025-12-07T23:12:31.122+0000] {processor.py:183} INFO - Processing /opt/airflow/dags/pipeline_completo.py took 0.109 seconds
[2025-12-07T23:13:01.364+0000] {processor.py:161} INFO - Started process (PID=237) to work on /opt/airflow/dags/pipeline_completo.py
[2025-12-07T23:13:01.365+0000] {processor.py:830} INFO - Processing file /opt/airflow/dags/pipeline_completo.py for tasks to queue
[2025-12-07T23:13:01.367+0000] {logging_mixin.py:188} INFO - [2025-12-07T23:13:01.367+0000] {dagbag.py:545} INFO - Filling up the DagBag from /opt/airflow/dags/pipeline_completo.py
[2025-12-07T23:13:01.432+0000] {processor.py:840} INFO - DAG(s) 'flujo_etl_completo' retrieved from /opt/airflow/dags/pipeline_completo.py
[2025-12-07T23:13:01.462+0000] {logging_mixin.py:188} INFO - [2025-12-07T23:13:01.462+0000] {dag.py:3096} INFO - Sync 1 DAGs
[2025-12-07T23:13:01.516+0000] {logging_mixin.py:188} INFO - [2025-12-07T23:13:01.516+0000] {dag.py:3954} INFO - Setting next_dagrun for flujo_etl_completo to 2025-12-07 23:00:00+00:00, run_after=2025-12-08 00:00:00+00:00
[2025-12-07T23:13:01.555+0000] {processor.py:183} INFO - Processing /opt/airflow/dags/pipeline_completo.py took 0.196 seconds
[2025-12-07T23:13:31.991+0000] {processor.py:161} INFO - Started process (PID=242) to work on /opt/airflow/dags/pipeline_completo.py
[2025-12-07T23:13:31.996+0000] {processor.py:830} INFO - Processing file /opt/airflow/dags/pipeline_completo.py for tasks to queue
[2025-12-07T23:13:32.005+0000] {logging_mixin.py:188} INFO - [2025-12-07T23:13:32.004+0000] {dagbag.py:545} INFO - Filling up the DagBag from /opt/airflow/dags/pipeline_completo.py
[2025-12-07T23:13:32.277+0000] {processor.py:840} INFO - DAG(s) 'flujo_etl_completo' retrieved from /opt/airflow/dags/pipeline_completo.py
[2025-12-07T23:13:32.309+0000] {logging_mixin.py:188} INFO - [2025-12-07T23:13:32.308+0000] {dag.py:3096} INFO - Sync 1 DAGs
[2025-12-07T23:13:32.339+0000] {logging_mixin.py:188} INFO - [2025-12-07T23:13:32.338+0000] {dag.py:3954} INFO - Setting next_dagrun for flujo_etl_completo to 2025-12-07 23:00:00+00:00, run_after=2025-12-08 00:00:00+00:00
[2025-12-07T23:13:32.376+0000] {processor.py:183} INFO - Processing /opt/airflow/dags/pipeline_completo.py took 0.390 seconds
[2025-12-07T23:14:02.747+0000] {processor.py:161} INFO - Started process (PID=247) to work on /opt/airflow/dags/pipeline_completo.py
[2025-12-07T23:14:02.748+0000] {processor.py:830} INFO - Processing file /opt/airflow/dags/pipeline_completo.py for tasks to queue
[2025-12-07T23:14:02.750+0000] {logging_mixin.py:188} INFO - [2025-12-07T23:14:02.750+0000] {dagbag.py:545} INFO - Filling up the DagBag from /opt/airflow/dags/pipeline_completo.py
[2025-12-07T23:14:02.780+0000] {processor.py:840} INFO - DAG(s) 'flujo_etl_completo' retrieved from /opt/airflow/dags/pipeline_completo.py
[2025-12-07T23:14:02.803+0000] {logging_mixin.py:188} INFO - [2025-12-07T23:14:02.803+0000] {dag.py:3096} INFO - Sync 1 DAGs
[2025-12-07T23:14:02.832+0000] {logging_mixin.py:188} INFO - [2025-12-07T23:14:02.831+0000] {dag.py:3954} INFO - Setting next_dagrun for flujo_etl_completo to 2025-12-07 23:00:00+00:00, run_after=2025-12-08 00:00:00+00:00
[2025-12-07T23:14:02.864+0000] {processor.py:183} INFO - Processing /opt/airflow/dags/pipeline_completo.py took 0.122 seconds
[2025-12-07T23:14:05.923+0000] {processor.py:161} INFO - Started process (PID=252) to work on /opt/airflow/dags/pipeline_completo.py
[2025-12-07T23:14:05.925+0000] {processor.py:830} INFO - Processing file /opt/airflow/dags/pipeline_completo.py for tasks to queue
[2025-12-07T23:14:05.928+0000] {logging_mixin.py:188} INFO - [2025-12-07T23:14:05.928+0000] {dagbag.py:545} INFO - Filling up the DagBag from /opt/airflow/dags/pipeline_completo.py
[2025-12-07T23:14:05.982+0000] {processor.py:840} INFO - DAG(s) 'flujo_etl_completo' retrieved from /opt/airflow/dags/pipeline_completo.py
[2025-12-07T23:14:06.003+0000] {logging_mixin.py:188} INFO - [2025-12-07T23:14:06.003+0000] {dag.py:3096} INFO - Sync 1 DAGs
[2025-12-07T23:14:06.024+0000] {logging_mixin.py:188} INFO - [2025-12-07T23:14:06.024+0000] {dag.py:3954} INFO - Setting next_dagrun for flujo_etl_completo to 2025-12-07 23:00:00+00:00, run_after=2025-12-08 00:00:00+00:00
[2025-12-07T23:14:06.053+0000] {processor.py:183} INFO - Processing /opt/airflow/dags/pipeline_completo.py took 0.134 seconds
[2025-12-07T23:14:36.222+0000] {processor.py:161} INFO - Started process (PID=257) to work on /opt/airflow/dags/pipeline_completo.py
[2025-12-07T23:14:36.224+0000] {processor.py:830} INFO - Processing file /opt/airflow/dags/pipeline_completo.py for tasks to queue
[2025-12-07T23:14:36.227+0000] {logging_mixin.py:188} INFO - [2025-12-07T23:14:36.227+0000] {dagbag.py:545} INFO - Filling up the DagBag from /opt/airflow/dags/pipeline_completo.py
[2025-12-07T23:14:36.271+0000] {processor.py:840} INFO - DAG(s) 'flujo_etl_completo' retrieved from /opt/airflow/dags/pipeline_completo.py
[2025-12-07T23:14:36.313+0000] {logging_mixin.py:188} INFO - [2025-12-07T23:14:36.313+0000] {dag.py:3096} INFO - Sync 1 DAGs
[2025-12-07T23:14:36.343+0000] {logging_mixin.py:188} INFO - [2025-12-07T23:14:36.343+0000] {dag.py:3954} INFO - Setting next_dagrun for flujo_etl_completo to 2025-12-07 23:00:00+00:00, run_after=2025-12-08 00:00:00+00:00
[2025-12-07T23:14:36.371+0000] {processor.py:183} INFO - Processing /opt/airflow/dags/pipeline_completo.py took 0.161 seconds
[2025-12-07T23:15:06.587+0000] {processor.py:161} INFO - Started process (PID=262) to work on /opt/airflow/dags/pipeline_completo.py
[2025-12-07T23:15:06.588+0000] {processor.py:830} INFO - Processing file /opt/airflow/dags/pipeline_completo.py for tasks to queue
[2025-12-07T23:15:06.591+0000] {logging_mixin.py:188} INFO - [2025-12-07T23:15:06.591+0000] {dagbag.py:545} INFO - Filling up the DagBag from /opt/airflow/dags/pipeline_completo.py
[2025-12-07T23:15:06.624+0000] {processor.py:840} INFO - DAG(s) 'flujo_etl_completo' retrieved from /opt/airflow/dags/pipeline_completo.py
[2025-12-07T23:15:06.649+0000] {logging_mixin.py:188} INFO - [2025-12-07T23:15:06.649+0000] {dag.py:3096} INFO - Sync 1 DAGs
[2025-12-07T23:15:06.670+0000] {logging_mixin.py:188} INFO - [2025-12-07T23:15:06.670+0000] {dag.py:3954} INFO - Setting next_dagrun for flujo_etl_completo to 2025-12-07 23:00:00+00:00, run_after=2025-12-08 00:00:00+00:00
[2025-12-07T23:15:06.689+0000] {processor.py:183} INFO - Processing /opt/airflow/dags/pipeline_completo.py took 0.106 seconds
[2025-12-07T23:15:36.898+0000] {processor.py:161} INFO - Started process (PID=267) to work on /opt/airflow/dags/pipeline_completo.py
[2025-12-07T23:15:36.899+0000] {processor.py:830} INFO - Processing file /opt/airflow/dags/pipeline_completo.py for tasks to queue
[2025-12-07T23:15:36.901+0000] {logging_mixin.py:188} INFO - [2025-12-07T23:15:36.901+0000] {dagbag.py:545} INFO - Filling up the DagBag from /opt/airflow/dags/pipeline_completo.py
[2025-12-07T23:15:36.928+0000] {processor.py:840} INFO - DAG(s) 'flujo_etl_completo' retrieved from /opt/airflow/dags/pipeline_completo.py
[2025-12-07T23:15:36.947+0000] {logging_mixin.py:188} INFO - [2025-12-07T23:15:36.947+0000] {dag.py:3096} INFO - Sync 1 DAGs
[2025-12-07T23:15:36.964+0000] {logging_mixin.py:188} INFO - [2025-12-07T23:15:36.964+0000] {dag.py:3954} INFO - Setting next_dagrun for flujo_etl_completo to 2025-12-07 23:00:00+00:00, run_after=2025-12-08 00:00:00+00:00
[2025-12-07T23:15:36.982+0000] {processor.py:183} INFO - Processing /opt/airflow/dags/pipeline_completo.py took 0.089 seconds
[2025-12-07T23:16:07.285+0000] {processor.py:161} INFO - Started process (PID=272) to work on /opt/airflow/dags/pipeline_completo.py
[2025-12-07T23:16:07.286+0000] {processor.py:830} INFO - Processing file /opt/airflow/dags/pipeline_completo.py for tasks to queue
[2025-12-07T23:16:07.289+0000] {logging_mixin.py:188} INFO - [2025-12-07T23:16:07.288+0000] {dagbag.py:545} INFO - Filling up the DagBag from /opt/airflow/dags/pipeline_completo.py
[2025-12-07T23:16:07.329+0000] {processor.py:840} INFO - DAG(s) 'flujo_etl_completo' retrieved from /opt/airflow/dags/pipeline_completo.py
[2025-12-07T23:16:07.353+0000] {logging_mixin.py:188} INFO - [2025-12-07T23:16:07.352+0000] {dag.py:3096} INFO - Sync 1 DAGs
[2025-12-07T23:16:07.372+0000] {logging_mixin.py:188} INFO - [2025-12-07T23:16:07.372+0000] {dag.py:3954} INFO - Setting next_dagrun for flujo_etl_completo to 2025-12-07 23:00:00+00:00, run_after=2025-12-08 00:00:00+00:00
[2025-12-07T23:16:07.395+0000] {processor.py:183} INFO - Processing /opt/airflow/dags/pipeline_completo.py took 0.115 seconds
[2025-12-07T23:16:37.551+0000] {processor.py:161} INFO - Started process (PID=277) to work on /opt/airflow/dags/pipeline_completo.py
[2025-12-07T23:16:37.552+0000] {processor.py:830} INFO - Processing file /opt/airflow/dags/pipeline_completo.py for tasks to queue
[2025-12-07T23:16:37.553+0000] {logging_mixin.py:188} INFO - [2025-12-07T23:16:37.553+0000] {dagbag.py:545} INFO - Filling up the DagBag from /opt/airflow/dags/pipeline_completo.py
[2025-12-07T23:16:37.575+0000] {processor.py:840} INFO - DAG(s) 'flujo_etl_completo' retrieved from /opt/airflow/dags/pipeline_completo.py
[2025-12-07T23:16:37.598+0000] {logging_mixin.py:188} INFO - [2025-12-07T23:16:37.598+0000] {dag.py:3096} INFO - Sync 1 DAGs
[2025-12-07T23:16:37.615+0000] {logging_mixin.py:188} INFO - [2025-12-07T23:16:37.615+0000] {dag.py:3954} INFO - Setting next_dagrun for flujo_etl_completo to 2025-12-07 23:00:00+00:00, run_after=2025-12-08 00:00:00+00:00
[2025-12-07T23:16:37.631+0000] {processor.py:183} INFO - Processing /opt/airflow/dags/pipeline_completo.py took 0.086 seconds
[2025-12-07T23:17:08.212+0000] {processor.py:161} INFO - Started process (PID=282) to work on /opt/airflow/dags/pipeline_completo.py
[2025-12-07T23:17:08.213+0000] {processor.py:830} INFO - Processing file /opt/airflow/dags/pipeline_completo.py for tasks to queue
[2025-12-07T23:17:08.215+0000] {logging_mixin.py:188} INFO - [2025-12-07T23:17:08.214+0000] {dagbag.py:545} INFO - Filling up the DagBag from /opt/airflow/dags/pipeline_completo.py
[2025-12-07T23:17:08.239+0000] {processor.py:840} INFO - DAG(s) 'flujo_etl_completo' retrieved from /opt/airflow/dags/pipeline_completo.py
[2025-12-07T23:17:08.260+0000] {logging_mixin.py:188} INFO - [2025-12-07T23:17:08.260+0000] {dag.py:3096} INFO - Sync 1 DAGs
[2025-12-07T23:17:08.278+0000] {logging_mixin.py:188} INFO - [2025-12-07T23:17:08.278+0000] {dag.py:3954} INFO - Setting next_dagrun for flujo_etl_completo to 2025-12-07 23:00:00+00:00, run_after=2025-12-08 00:00:00+00:00
[2025-12-07T23:17:08.298+0000] {processor.py:183} INFO - Processing /opt/airflow/dags/pipeline_completo.py took 0.091 seconds
[2025-12-07T23:17:38.461+0000] {processor.py:161} INFO - Started process (PID=287) to work on /opt/airflow/dags/pipeline_completo.py
[2025-12-07T23:17:38.468+0000] {processor.py:830} INFO - Processing file /opt/airflow/dags/pipeline_completo.py for tasks to queue
[2025-12-07T23:17:38.472+0000] {logging_mixin.py:188} INFO - [2025-12-07T23:17:38.472+0000] {dagbag.py:545} INFO - Filling up the DagBag from /opt/airflow/dags/pipeline_completo.py
[2025-12-07T23:17:38.514+0000] {processor.py:840} INFO - DAG(s) 'flujo_etl_completo' retrieved from /opt/airflow/dags/pipeline_completo.py
[2025-12-07T23:17:38.538+0000] {logging_mixin.py:188} INFO - [2025-12-07T23:17:38.538+0000] {dag.py:3096} INFO - Sync 1 DAGs
[2025-12-07T23:17:38.556+0000] {logging_mixin.py:188} INFO - [2025-12-07T23:17:38.556+0000] {dag.py:3954} INFO - Setting next_dagrun for flujo_etl_completo to 2025-12-07 23:00:00+00:00, run_after=2025-12-08 00:00:00+00:00
[2025-12-07T23:17:38.573+0000] {processor.py:183} INFO - Processing /opt/airflow/dags/pipeline_completo.py took 0.122 seconds
[2025-12-07T23:31:36.602+0000] {processor.py:161} INFO - Started process (PID=168) to work on /opt/airflow/dags/pipeline_completo.py
[2025-12-07T23:31:36.604+0000] {processor.py:830} INFO - Processing file /opt/airflow/dags/pipeline_completo.py for tasks to queue
[2025-12-07T23:31:36.607+0000] {logging_mixin.py:188} INFO - [2025-12-07T23:31:36.607+0000] {dagbag.py:545} INFO - Filling up the DagBag from /opt/airflow/dags/pipeline_completo.py
[2025-12-07T23:31:36.694+0000] {processor.py:840} INFO - DAG(s) 'flujo_etl_completo' retrieved from /opt/airflow/dags/pipeline_completo.py
[2025-12-07T23:31:36.918+0000] {logging_mixin.py:188} INFO - [2025-12-07T23:31:36.917+0000] {override.py:1829} INFO - Created Permission View: can read on DAG:flujo_etl_completo
[2025-12-07T23:31:36.929+0000] {logging_mixin.py:188} INFO - [2025-12-07T23:31:36.928+0000] {override.py:1829} INFO - Created Permission View: can edit on DAG:flujo_etl_completo
[2025-12-07T23:31:36.938+0000] {logging_mixin.py:188} INFO - [2025-12-07T23:31:36.937+0000] {override.py:1829} INFO - Created Permission View: can delete on DAG:flujo_etl_completo
[2025-12-07T23:31:36.942+0000] {logging_mixin.py:188} INFO - [2025-12-07T23:31:36.941+0000] {dag.py:3096} INFO - Sync 1 DAGs
[2025-12-07T23:31:36.953+0000] {logging_mixin.py:188} INFO - [2025-12-07T23:31:36.953+0000] {dag.py:3118} INFO - Creating ORM DAG for flujo_etl_completo
[2025-12-07T23:31:36.964+0000] {logging_mixin.py:188} INFO - [2025-12-07T23:31:36.964+0000] {dag.py:3954} INFO - Setting next_dagrun for flujo_etl_completo to 2025-12-07 22:00:00+00:00, run_after=2025-12-07 23:00:00+00:00
[2025-12-07T23:31:36.989+0000] {processor.py:183} INFO - Processing /opt/airflow/dags/pipeline_completo.py took 0.395 seconds
[2025-12-07T23:32:07.567+0000] {processor.py:161} INFO - Started process (PID=177) to work on /opt/airflow/dags/pipeline_completo.py
[2025-12-07T23:32:07.571+0000] {processor.py:830} INFO - Processing file /opt/airflow/dags/pipeline_completo.py for tasks to queue
[2025-12-07T23:32:07.581+0000] {logging_mixin.py:188} INFO - [2025-12-07T23:32:07.576+0000] {dagbag.py:545} INFO - Filling up the DagBag from /opt/airflow/dags/pipeline_completo.py
[2025-12-07T23:32:07.655+0000] {processor.py:840} INFO - DAG(s) 'flujo_etl_completo' retrieved from /opt/airflow/dags/pipeline_completo.py
[2025-12-07T23:32:07.698+0000] {logging_mixin.py:188} INFO - [2025-12-07T23:32:07.697+0000] {dag.py:3096} INFO - Sync 1 DAGs
[2025-12-07T23:32:07.760+0000] {logging_mixin.py:188} INFO - [2025-12-07T23:32:07.759+0000] {dag.py:3954} INFO - Setting next_dagrun for flujo_etl_completo to 2025-12-07 23:00:00+00:00, run_after=2025-12-08 00:00:00+00:00
[2025-12-07T23:32:07.794+0000] {processor.py:183} INFO - Processing /opt/airflow/dags/pipeline_completo.py took 0.234 seconds
[2025-12-07T23:32:38.137+0000] {processor.py:161} INFO - Started process (PID=182) to work on /opt/airflow/dags/pipeline_completo.py
[2025-12-07T23:32:38.139+0000] {processor.py:830} INFO - Processing file /opt/airflow/dags/pipeline_completo.py for tasks to queue
[2025-12-07T23:32:38.144+0000] {logging_mixin.py:188} INFO - [2025-12-07T23:32:38.142+0000] {dagbag.py:545} INFO - Filling up the DagBag from /opt/airflow/dags/pipeline_completo.py
[2025-12-07T23:32:38.214+0000] {processor.py:840} INFO - DAG(s) 'flujo_etl_completo' retrieved from /opt/airflow/dags/pipeline_completo.py
[2025-12-07T23:32:38.282+0000] {logging_mixin.py:188} INFO - [2025-12-07T23:32:38.281+0000] {dag.py:3096} INFO - Sync 1 DAGs
[2025-12-07T23:32:38.380+0000] {logging_mixin.py:188} INFO - [2025-12-07T23:32:38.378+0000] {dag.py:3954} INFO - Setting next_dagrun for flujo_etl_completo to 2025-12-07 23:00:00+00:00, run_after=2025-12-08 00:00:00+00:00
[2025-12-07T23:32:38.499+0000] {processor.py:183} INFO - Processing /opt/airflow/dags/pipeline_completo.py took 0.375 seconds
[2025-12-07T23:33:09.207+0000] {processor.py:161} INFO - Started process (PID=187) to work on /opt/airflow/dags/pipeline_completo.py
[2025-12-07T23:33:09.209+0000] {processor.py:830} INFO - Processing file /opt/airflow/dags/pipeline_completo.py for tasks to queue
[2025-12-07T23:33:09.211+0000] {logging_mixin.py:188} INFO - [2025-12-07T23:33:09.211+0000] {dagbag.py:545} INFO - Filling up the DagBag from /opt/airflow/dags/pipeline_completo.py
[2025-12-07T23:33:09.252+0000] {processor.py:840} INFO - DAG(s) 'flujo_etl_completo' retrieved from /opt/airflow/dags/pipeline_completo.py
[2025-12-07T23:33:09.286+0000] {logging_mixin.py:188} INFO - [2025-12-07T23:33:09.286+0000] {dag.py:3096} INFO - Sync 1 DAGs
[2025-12-07T23:33:09.311+0000] {logging_mixin.py:188} INFO - [2025-12-07T23:33:09.311+0000] {dag.py:3954} INFO - Setting next_dagrun for flujo_etl_completo to 2025-12-07 23:00:00+00:00, run_after=2025-12-08 00:00:00+00:00
[2025-12-07T23:33:09.334+0000] {processor.py:183} INFO - Processing /opt/airflow/dags/pipeline_completo.py took 0.133 seconds
[2025-12-07T23:33:39.620+0000] {processor.py:161} INFO - Started process (PID=194) to work on /opt/airflow/dags/pipeline_completo.py
[2025-12-07T23:33:39.622+0000] {processor.py:830} INFO - Processing file /opt/airflow/dags/pipeline_completo.py for tasks to queue
[2025-12-07T23:33:39.624+0000] {logging_mixin.py:188} INFO - [2025-12-07T23:33:39.624+0000] {dagbag.py:545} INFO - Filling up the DagBag from /opt/airflow/dags/pipeline_completo.py
[2025-12-07T23:33:39.666+0000] {processor.py:840} INFO - DAG(s) 'flujo_etl_completo' retrieved from /opt/airflow/dags/pipeline_completo.py
[2025-12-07T23:33:39.691+0000] {logging_mixin.py:188} INFO - [2025-12-07T23:33:39.690+0000] {dag.py:3096} INFO - Sync 1 DAGs
[2025-12-07T23:33:39.714+0000] {logging_mixin.py:188} INFO - [2025-12-07T23:33:39.713+0000] {dag.py:3954} INFO - Setting next_dagrun for flujo_etl_completo to 2025-12-07 23:00:00+00:00, run_after=2025-12-08 00:00:00+00:00
[2025-12-07T23:33:39.735+0000] {processor.py:183} INFO - Processing /opt/airflow/dags/pipeline_completo.py took 0.120 seconds
[2025-12-07T23:34:09.883+0000] {processor.py:161} INFO - Started process (PID=199) to work on /opt/airflow/dags/pipeline_completo.py
[2025-12-07T23:34:09.884+0000] {processor.py:830} INFO - Processing file /opt/airflow/dags/pipeline_completo.py for tasks to queue
[2025-12-07T23:34:09.885+0000] {logging_mixin.py:188} INFO - [2025-12-07T23:34:09.885+0000] {dagbag.py:545} INFO - Filling up the DagBag from /opt/airflow/dags/pipeline_completo.py
[2025-12-07T23:34:09.913+0000] {processor.py:840} INFO - DAG(s) 'flujo_etl_completo' retrieved from /opt/airflow/dags/pipeline_completo.py
[2025-12-07T23:34:09.936+0000] {logging_mixin.py:188} INFO - [2025-12-07T23:34:09.936+0000] {dag.py:3096} INFO - Sync 1 DAGs
[2025-12-07T23:34:09.957+0000] {logging_mixin.py:188} INFO - [2025-12-07T23:34:09.957+0000] {dag.py:3954} INFO - Setting next_dagrun for flujo_etl_completo to 2025-12-07 23:00:00+00:00, run_after=2025-12-08 00:00:00+00:00
[2025-12-07T23:34:09.977+0000] {processor.py:183} INFO - Processing /opt/airflow/dags/pipeline_completo.py took 0.100 seconds
[2025-12-07T23:34:40.233+0000] {processor.py:161} INFO - Started process (PID=204) to work on /opt/airflow/dags/pipeline_completo.py
[2025-12-07T23:34:40.235+0000] {processor.py:830} INFO - Processing file /opt/airflow/dags/pipeline_completo.py for tasks to queue
[2025-12-07T23:34:40.237+0000] {logging_mixin.py:188} INFO - [2025-12-07T23:34:40.237+0000] {dagbag.py:545} INFO - Filling up the DagBag from /opt/airflow/dags/pipeline_completo.py
[2025-12-07T23:34:40.264+0000] {processor.py:840} INFO - DAG(s) 'flujo_etl_completo' retrieved from /opt/airflow/dags/pipeline_completo.py
[2025-12-07T23:34:40.285+0000] {logging_mixin.py:188} INFO - [2025-12-07T23:34:40.285+0000] {dag.py:3096} INFO - Sync 1 DAGs
[2025-12-07T23:34:40.302+0000] {logging_mixin.py:188} INFO - [2025-12-07T23:34:40.302+0000] {dag.py:3954} INFO - Setting next_dagrun for flujo_etl_completo to 2025-12-07 23:00:00+00:00, run_after=2025-12-08 00:00:00+00:00
[2025-12-07T23:34:40.319+0000] {processor.py:183} INFO - Processing /opt/airflow/dags/pipeline_completo.py took 0.090 seconds
[2025-12-07T23:35:10.513+0000] {processor.py:161} INFO - Started process (PID=209) to work on /opt/airflow/dags/pipeline_completo.py
[2025-12-07T23:35:10.515+0000] {processor.py:830} INFO - Processing file /opt/airflow/dags/pipeline_completo.py for tasks to queue
[2025-12-07T23:35:10.516+0000] {logging_mixin.py:188} INFO - [2025-12-07T23:35:10.516+0000] {dagbag.py:545} INFO - Filling up the DagBag from /opt/airflow/dags/pipeline_completo.py
[2025-12-07T23:35:10.545+0000] {processor.py:840} INFO - DAG(s) 'flujo_etl_completo' retrieved from /opt/airflow/dags/pipeline_completo.py
[2025-12-07T23:35:10.566+0000] {logging_mixin.py:188} INFO - [2025-12-07T23:35:10.566+0000] {dag.py:3096} INFO - Sync 1 DAGs
[2025-12-07T23:35:10.585+0000] {logging_mixin.py:188} INFO - [2025-12-07T23:35:10.584+0000] {dag.py:3954} INFO - Setting next_dagrun for flujo_etl_completo to 2025-12-07 23:00:00+00:00, run_after=2025-12-08 00:00:00+00:00
[2025-12-07T23:35:10.603+0000] {processor.py:183} INFO - Processing /opt/airflow/dags/pipeline_completo.py took 0.095 seconds
[2025-12-07T23:35:40.867+0000] {processor.py:161} INFO - Started process (PID=214) to work on /opt/airflow/dags/pipeline_completo.py
[2025-12-07T23:35:40.868+0000] {processor.py:830} INFO - Processing file /opt/airflow/dags/pipeline_completo.py for tasks to queue
[2025-12-07T23:35:40.870+0000] {logging_mixin.py:188} INFO - [2025-12-07T23:35:40.870+0000] {dagbag.py:545} INFO - Filling up the DagBag from /opt/airflow/dags/pipeline_completo.py
[2025-12-07T23:35:40.897+0000] {processor.py:840} INFO - DAG(s) 'flujo_etl_completo' retrieved from /opt/airflow/dags/pipeline_completo.py
[2025-12-07T23:35:40.919+0000] {logging_mixin.py:188} INFO - [2025-12-07T23:35:40.918+0000] {dag.py:3096} INFO - Sync 1 DAGs
[2025-12-07T23:35:40.938+0000] {logging_mixin.py:188} INFO - [2025-12-07T23:35:40.938+0000] {dag.py:3954} INFO - Setting next_dagrun for flujo_etl_completo to 2025-12-07 23:00:00+00:00, run_after=2025-12-08 00:00:00+00:00
[2025-12-07T23:35:40.957+0000] {processor.py:183} INFO - Processing /opt/airflow/dags/pipeline_completo.py took 0.094 seconds
[2025-12-07T23:36:11.486+0000] {processor.py:161} INFO - Started process (PID=219) to work on /opt/airflow/dags/pipeline_completo.py
[2025-12-07T23:36:11.487+0000] {processor.py:830} INFO - Processing file /opt/airflow/dags/pipeline_completo.py for tasks to queue
[2025-12-07T23:36:11.491+0000] {logging_mixin.py:188} INFO - [2025-12-07T23:36:11.490+0000] {dagbag.py:545} INFO - Filling up the DagBag from /opt/airflow/dags/pipeline_completo.py
[2025-12-07T23:36:11.566+0000] {processor.py:840} INFO - DAG(s) 'flujo_etl_completo' retrieved from /opt/airflow/dags/pipeline_completo.py
[2025-12-07T23:36:11.595+0000] {logging_mixin.py:188} INFO - [2025-12-07T23:36:11.594+0000] {dag.py:3096} INFO - Sync 1 DAGs
[2025-12-07T23:36:11.619+0000] {logging_mixin.py:188} INFO - [2025-12-07T23:36:11.619+0000] {dag.py:3954} INFO - Setting next_dagrun for flujo_etl_completo to 2025-12-07 23:00:00+00:00, run_after=2025-12-08 00:00:00+00:00
[2025-12-07T23:36:11.646+0000] {processor.py:183} INFO - Processing /opt/airflow/dags/pipeline_completo.py took 0.166 seconds
[2025-12-07T23:36:41.895+0000] {processor.py:161} INFO - Started process (PID=224) to work on /opt/airflow/dags/pipeline_completo.py
[2025-12-07T23:36:41.896+0000] {processor.py:830} INFO - Processing file /opt/airflow/dags/pipeline_completo.py for tasks to queue
[2025-12-07T23:36:41.898+0000] {logging_mixin.py:188} INFO - [2025-12-07T23:36:41.898+0000] {dagbag.py:545} INFO - Filling up the DagBag from /opt/airflow/dags/pipeline_completo.py
[2025-12-07T23:36:41.931+0000] {processor.py:840} INFO - DAG(s) 'flujo_etl_completo' retrieved from /opt/airflow/dags/pipeline_completo.py
[2025-12-07T23:36:41.952+0000] {logging_mixin.py:188} INFO - [2025-12-07T23:36:41.952+0000] {dag.py:3096} INFO - Sync 1 DAGs
[2025-12-07T23:36:41.978+0000] {logging_mixin.py:188} INFO - [2025-12-07T23:36:41.978+0000] {dag.py:3954} INFO - Setting next_dagrun for flujo_etl_completo to 2025-12-07 23:00:00+00:00, run_after=2025-12-08 00:00:00+00:00
[2025-12-07T23:36:42.003+0000] {processor.py:183} INFO - Processing /opt/airflow/dags/pipeline_completo.py took 0.113 seconds
[2025-12-07T23:37:12.220+0000] {processor.py:161} INFO - Started process (PID=229) to work on /opt/airflow/dags/pipeline_completo.py
[2025-12-07T23:37:12.222+0000] {processor.py:830} INFO - Processing file /opt/airflow/dags/pipeline_completo.py for tasks to queue
[2025-12-07T23:37:12.224+0000] {logging_mixin.py:188} INFO - [2025-12-07T23:37:12.223+0000] {dagbag.py:545} INFO - Filling up the DagBag from /opt/airflow/dags/pipeline_completo.py
[2025-12-07T23:37:12.250+0000] {processor.py:840} INFO - DAG(s) 'flujo_etl_completo' retrieved from /opt/airflow/dags/pipeline_completo.py
[2025-12-07T23:37:12.273+0000] {logging_mixin.py:188} INFO - [2025-12-07T23:37:12.272+0000] {dag.py:3096} INFO - Sync 1 DAGs
[2025-12-07T23:37:12.291+0000] {logging_mixin.py:188} INFO - [2025-12-07T23:37:12.291+0000] {dag.py:3954} INFO - Setting next_dagrun for flujo_etl_completo to 2025-12-07 23:00:00+00:00, run_after=2025-12-08 00:00:00+00:00
[2025-12-07T23:37:12.324+0000] {processor.py:183} INFO - Processing /opt/airflow/dags/pipeline_completo.py took 0.109 seconds
