[2025-12-07T12:38:23.546+0000] {manager.py:470} INFO - Processing files using up to 2 processes at a time 
[2025-12-07T12:38:23.548+0000] {manager.py:471} INFO - Process each file at most once every 30 seconds
[2025-12-07T12:38:23.550+0000] {manager.py:472} INFO - Checking for new files in /opt/airflow/dags every 300 seconds
[2025-12-07T12:38:23.552+0000] {manager.py:737} INFO - Searching for files in /opt/airflow/dags
[2025-12-07T12:38:23.581+0000] {manager.py:740} INFO - There are 1 files in /opt/airflow/dags
[2025-12-07T12:38:24.422+0000] {manager.py:878} INFO - 
================================================================================
DAG File Processing Stats

File Path                                 PID  Runtime      # DAGs    # Errors  Last Runtime    Last Run
--------------------------------------  -----  ---------  --------  ----------  --------------  ----------
/opt/airflow/dags/pipeline_completo.py    168  0.09s             0           0
================================================================================
[2025-12-07T12:38:54.582+0000] {manager.py:878} INFO - 
================================================================================
DAG File Processing Stats

File Path                               PID    Runtime      # DAGs    # Errors  Last Runtime    Last Run
--------------------------------------  -----  ---------  --------  ----------  --------------  -------------------
/opt/airflow/dags/pipeline_completo.py                           1           0  1.02s           2025-12-07T12:38:25
================================================================================
[2025-12-07T12:39:24.936+0000] {manager.py:878} INFO - 
================================================================================
DAG File Processing Stats

File Path                               PID    Runtime      # DAGs    # Errors  Last Runtime    Last Run
--------------------------------------  -----  ---------  --------  ----------  --------------  -------------------
/opt/airflow/dags/pipeline_completo.py                           1           0  0.37s           2025-12-07T12:38:55
================================================================================
[2025-12-07T12:39:55.488+0000] {manager.py:878} INFO - 
================================================================================
DAG File Processing Stats

File Path                               PID    Runtime      # DAGs    # Errors  Last Runtime    Last Run
--------------------------------------  -----  ---------  --------  ----------  --------------  -------------------
/opt/airflow/dags/pipeline_completo.py                           1           0  0.14s           2025-12-07T12:39:26
================================================================================
[2025-12-07T12:40:25.805+0000] {manager.py:878} INFO - 
================================================================================
DAG File Processing Stats

File Path                               PID    Runtime      # DAGs    # Errors  Last Runtime    Last Run
--------------------------------------  -----  ---------  --------  ----------  --------------  -------------------
/opt/airflow/dags/pipeline_completo.py                           1           0  0.15s           2025-12-07T12:39:56
================================================================================
[2025-12-07T12:40:56.060+0000] {manager.py:878} INFO - 
================================================================================
DAG File Processing Stats

File Path                               PID    Runtime      # DAGs    # Errors  Last Runtime    Last Run
--------------------------------------  -----  ---------  --------  ----------  --------------  -------------------
/opt/airflow/dags/pipeline_completo.py                           1           0  0.15s           2025-12-07T12:40:26
================================================================================
[2025-12-07T12:41:26.372+0000] {manager.py:878} INFO - 
================================================================================
DAG File Processing Stats

File Path                               PID    Runtime      # DAGs    # Errors  Last Runtime    Last Run
--------------------------------------  -----  ---------  --------  ----------  --------------  -------------------
/opt/airflow/dags/pipeline_completo.py                           1           0  0.17s           2025-12-07T12:40:57
================================================================================
[2025-12-07T12:41:56.683+0000] {manager.py:878} INFO - 
================================================================================
DAG File Processing Stats

File Path                               PID    Runtime      # DAGs    # Errors  Last Runtime    Last Run
--------------------------------------  -----  ---------  --------  ----------  --------------  -------------------
/opt/airflow/dags/pipeline_completo.py                           1           0  0.13s           2025-12-07T12:41:27
================================================================================
[2025-12-07T12:42:26.906+0000] {manager.py:878} INFO - 
================================================================================
DAG File Processing Stats

File Path                               PID    Runtime      # DAGs    # Errors  Last Runtime    Last Run
--------------------------------------  -----  ---------  --------  ----------  --------------  -------------------
/opt/airflow/dags/pipeline_completo.py                           1           0  0.14s           2025-12-07T12:41:57
================================================================================
[2025-12-07T12:42:57.260+0000] {manager.py:878} INFO - 
================================================================================
DAG File Processing Stats

File Path                               PID    Runtime      # DAGs    # Errors  Last Runtime    Last Run
--------------------------------------  -----  ---------  --------  ----------  --------------  -------------------
/opt/airflow/dags/pipeline_completo.py                           1           0  0.15s           2025-12-07T12:42:28
================================================================================
[2025-12-07T12:43:23.588+0000] {manager.py:737} INFO - Searching for files in /opt/airflow/dags
[2025-12-07T12:43:23.620+0000] {manager.py:740} INFO - There are 1 files in /opt/airflow/dags
[2025-12-07T12:43:27.549+0000] {manager.py:878} INFO - 
================================================================================
DAG File Processing Stats

File Path                               PID    Runtime      # DAGs    # Errors  Last Runtime    Last Run
--------------------------------------  -----  ---------  --------  ----------  --------------  -------------------
/opt/airflow/dags/pipeline_completo.py                           1           0  0.13s           2025-12-07T12:42:58
================================================================================
[2025-12-07T12:43:57.891+0000] {manager.py:878} INFO - 
================================================================================
DAG File Processing Stats

File Path                               PID    Runtime      # DAGs    # Errors  Last Runtime    Last Run
--------------------------------------  -----  ---------  --------  ----------  --------------  -------------------
/opt/airflow/dags/pipeline_completo.py                           1           0  0.16s           2025-12-07T12:43:28
================================================================================
[2025-12-07T12:44:28.162+0000] {manager.py:878} INFO - 
================================================================================
DAG File Processing Stats

File Path                               PID    Runtime      # DAGs    # Errors  Last Runtime    Last Run
--------------------------------------  -----  ---------  --------  ----------  --------------  -------------------
/opt/airflow/dags/pipeline_completo.py                           1           0  0.15s           2025-12-07T12:43:59
================================================================================
[2025-12-07T12:44:58.510+0000] {manager.py:878} INFO - 
================================================================================
DAG File Processing Stats

File Path                               PID    Runtime      # DAGs    # Errors  Last Runtime    Last Run
--------------------------------------  -----  ---------  --------  ----------  --------------  -------------------
/opt/airflow/dags/pipeline_completo.py                           1           0  0.21s           2025-12-07T12:44:29
================================================================================
[2025-12-07T12:45:28.900+0000] {manager.py:878} INFO - 
================================================================================
DAG File Processing Stats

File Path                               PID    Runtime      # DAGs    # Errors  Last Runtime    Last Run
--------------------------------------  -----  ---------  --------  ----------  --------------  -------------------
/opt/airflow/dags/pipeline_completo.py                           1           0  0.13s           2025-12-07T12:44:59
================================================================================
[2025-12-07T12:45:59.179+0000] {manager.py:878} INFO - 
================================================================================
DAG File Processing Stats

File Path                               PID    Runtime      # DAGs    # Errors  Last Runtime    Last Run
--------------------------------------  -----  ---------  --------  ----------  --------------  -------------------
/opt/airflow/dags/pipeline_completo.py                           1           0  0.15s           2025-12-07T12:45:30
================================================================================
[2025-12-07T12:46:29.638+0000] {manager.py:878} INFO - 
================================================================================
DAG File Processing Stats

File Path                               PID    Runtime      # DAGs    # Errors  Last Runtime    Last Run
--------------------------------------  -----  ---------  --------  ----------  --------------  -------------------
/opt/airflow/dags/pipeline_completo.py                           1           0  0.13s           2025-12-07T12:46:00
================================================================================
[2025-12-07T12:46:59.942+0000] {manager.py:878} INFO - 
================================================================================
DAG File Processing Stats

File Path                               PID    Runtime      # DAGs    # Errors  Last Runtime    Last Run
--------------------------------------  -----  ---------  --------  ----------  --------------  -------------------
/opt/airflow/dags/pipeline_completo.py                           1           0  0.13s           2025-12-07T12:46:30
================================================================================
[2025-12-07T12:47:30.273+0000] {manager.py:878} INFO - 
================================================================================
DAG File Processing Stats

File Path                               PID    Runtime      # DAGs    # Errors  Last Runtime    Last Run
--------------------------------------  -----  ---------  --------  ----------  --------------  -------------------
/opt/airflow/dags/pipeline_completo.py                           1           0  0.15s           2025-12-07T12:47:01
================================================================================
[2025-12-07T12:48:00.659+0000] {manager.py:878} INFO - 
================================================================================
DAG File Processing Stats

File Path                               PID    Runtime      # DAGs    # Errors  Last Runtime    Last Run
--------------------------------------  -----  ---------  --------  ----------  --------------  -------------------
/opt/airflow/dags/pipeline_completo.py                           1           0  0.43s           2025-12-07T12:47:31
================================================================================
[2025-12-07T12:48:24.187+0000] {manager.py:737} INFO - Searching for files in /opt/airflow/dags
[2025-12-07T12:48:24.545+0000] {manager.py:740} INFO - There are 1 files in /opt/airflow/dags
[2025-12-07T12:48:30.726+0000] {manager.py:878} INFO - 
================================================================================
DAG File Processing Stats

File Path                               PID    Runtime      # DAGs    # Errors  Last Runtime    Last Run
--------------------------------------  -----  ---------  --------  ----------  --------------  -------------------
/opt/airflow/dags/pipeline_completo.py                           1           0  0.15s           2025-12-07T12:48:02
================================================================================
[2025-12-07T12:49:00.986+0000] {manager.py:878} INFO - 
================================================================================
DAG File Processing Stats

File Path                               PID    Runtime      # DAGs    # Errors  Last Runtime    Last Run
--------------------------------------  -----  ---------  --------  ----------  --------------  -------------------
/opt/airflow/dags/pipeline_completo.py                           1           0  0.12s           2025-12-07T12:48:32
================================================================================
[2025-12-07T12:49:31.323+0000] {manager.py:878} INFO - 
================================================================================
DAG File Processing Stats

File Path                               PID    Runtime      # DAGs    # Errors  Last Runtime    Last Run
--------------------------------------  -----  ---------  --------  ----------  --------------  -------------------
/opt/airflow/dags/pipeline_completo.py                           1           0  0.13s           2025-12-07T12:49:03
================================================================================
[2025-12-07T12:50:01.645+0000] {manager.py:878} INFO - 
================================================================================
DAG File Processing Stats

File Path                               PID    Runtime      # DAGs    # Errors  Last Runtime    Last Run
--------------------------------------  -----  ---------  --------  ----------  --------------  -------------------
/opt/airflow/dags/pipeline_completo.py                           1           0  0.13s           2025-12-07T12:49:33
================================================================================
[2025-12-07T12:50:31.967+0000] {manager.py:878} INFO - 
================================================================================
DAG File Processing Stats

File Path                               PID    Runtime      # DAGs    # Errors  Last Runtime    Last Run
--------------------------------------  -----  ---------  --------  ----------  --------------  -------------------
/opt/airflow/dags/pipeline_completo.py                           1           0  0.13s           2025-12-07T12:50:03
================================================================================
[2025-12-07T12:51:02.294+0000] {manager.py:878} INFO - 
================================================================================
DAG File Processing Stats

File Path                               PID    Runtime      # DAGs    # Errors  Last Runtime    Last Run
--------------------------------------  -----  ---------  --------  ----------  --------------  -------------------
/opt/airflow/dags/pipeline_completo.py                           1           0  0.14s           2025-12-07T12:50:34
================================================================================
[2025-12-07T12:51:07.233+0000] {manager.py:452} INFO - Exiting gracefully upon receiving signal 15
[2025-12-07T12:54:43.461+0000] {manager.py:470} INFO - Processing files using up to 2 processes at a time 
[2025-12-07T12:54:43.463+0000] {manager.py:471} INFO - Process each file at most once every 30 seconds
[2025-12-07T12:54:43.466+0000] {manager.py:472} INFO - Checking for new files in /opt/airflow/dags every 300 seconds
[2025-12-07T12:54:43.468+0000] {manager.py:737} INFO - Searching for files in /opt/airflow/dags
[2025-12-07T12:54:43.502+0000] {manager.py:740} INFO - There are 1 files in /opt/airflow/dags
[2025-12-07T12:54:43.976+0000] {manager.py:878} INFO - 
================================================================================
DAG File Processing Stats

File Path                                 PID  Runtime      # DAGs    # Errors  Last Runtime    Last Run
--------------------------------------  -----  ---------  --------  ----------  --------------  ----------
/opt/airflow/dags/pipeline_completo.py    168  0.09s             0           0
================================================================================
[2025-12-07T12:55:14.196+0000] {manager.py:878} INFO - 
================================================================================
DAG File Processing Stats

File Path                               PID    Runtime      # DAGs    # Errors  Last Runtime    Last Run
--------------------------------------  -----  ---------  --------  ----------  --------------  -------------------
/opt/airflow/dags/pipeline_completo.py                           1           0  0.47s           2025-12-07T12:54:44
================================================================================
[2025-12-07T12:55:44.819+0000] {manager.py:878} INFO - 
================================================================================
DAG File Processing Stats

File Path                               PID    Runtime      # DAGs    # Errors  Last Runtime    Last Run
--------------------------------------  -----  ---------  --------  ----------  --------------  -------------------
/opt/airflow/dags/pipeline_completo.py                           1           0  0.23s           2025-12-07T12:55:14
================================================================================
[2025-12-07T12:56:15.336+0000] {manager.py:878} INFO - 
================================================================================
DAG File Processing Stats

File Path                                 PID  Runtime      # DAGs    # Errors  Last Runtime    Last Run
--------------------------------------  -----  ---------  --------  ----------  --------------  -------------------
/opt/airflow/dags/pipeline_completo.py    191  0.00s             1           0  0.15s           2025-12-07T12:55:45
================================================================================
[2025-12-07T12:56:45.731+0000] {manager.py:878} INFO - 
================================================================================
DAG File Processing Stats

File Path                                 PID  Runtime      # DAGs    # Errors  Last Runtime    Last Run
--------------------------------------  -----  ---------  --------  ----------  --------------  -------------------
/opt/airflow/dags/pipeline_completo.py    196  0.01s             1           0  0.24s           2025-12-07T12:56:15
================================================================================
[2025-12-07T12:57:16.016+0000] {manager.py:878} INFO - 
================================================================================
DAG File Processing Stats

File Path                               PID    Runtime      # DAGs    # Errors  Last Runtime    Last Run
--------------------------------------  -----  ---------  --------  ----------  --------------  -------------------
/opt/airflow/dags/pipeline_completo.py                           1           0  0.33s           2025-12-07T12:56:46
================================================================================
[2025-12-07T12:57:46.574+0000] {manager.py:878} INFO - 
================================================================================
DAG File Processing Stats

File Path                                 PID  Runtime      # DAGs    # Errors  Last Runtime    Last Run
--------------------------------------  -----  ---------  --------  ----------  --------------  -------------------
/opt/airflow/dags/pipeline_completo.py    206  0.00s             1           0  0.12s           2025-12-07T12:57:16
================================================================================
[2025-12-07T12:58:16.865+0000] {manager.py:878} INFO - 
================================================================================
DAG File Processing Stats

File Path                                 PID  Runtime      # DAGs    # Errors  Last Runtime    Last Run
--------------------------------------  -----  ---------  --------  ----------  --------------  -------------------
/opt/airflow/dags/pipeline_completo.py    211  0.00s             1           0  0.12s           2025-12-07T12:57:46
================================================================================
[2025-12-07T12:58:47.146+0000] {manager.py:878} INFO - 
================================================================================
DAG File Processing Stats

File Path                                 PID  Runtime      # DAGs    # Errors  Last Runtime    Last Run
--------------------------------------  -----  ---------  --------  ----------  --------------  -------------------
/opt/airflow/dags/pipeline_completo.py    216  0.01s             1           0  0.13s           2025-12-07T12:58:16
================================================================================
[2025-12-07T12:58:58.092+0000] {manager.py:452} INFO - Exiting gracefully upon receiving signal 15
[2025-12-07T13:00:33.636+0000] {manager.py:470} INFO - Processing files using up to 2 processes at a time 
[2025-12-07T13:00:33.638+0000] {manager.py:471} INFO - Process each file at most once every 30 seconds
[2025-12-07T13:00:33.641+0000] {manager.py:472} INFO - Checking for new files in /opt/airflow/dags every 300 seconds
[2025-12-07T13:00:33.644+0000] {manager.py:737} INFO - Searching for files in /opt/airflow/dags
[2025-12-07T13:00:33.700+0000] {manager.py:740} INFO - There are 1 files in /opt/airflow/dags
[2025-12-07T13:00:34.677+0000] {manager.py:878} INFO - 
================================================================================
DAG File Processing Stats

File Path                                 PID  Runtime      # DAGs    # Errors  Last Runtime    Last Run
--------------------------------------  -----  ---------  --------  ----------  --------------  ----------
/opt/airflow/dags/pipeline_completo.py    168  0.17s             0           0
================================================================================
[2025-12-07T13:01:04.905+0000] {manager.py:878} INFO - 
================================================================================
DAG File Processing Stats

File Path                               PID    Runtime      # DAGs    # Errors  Last Runtime    Last Run
--------------------------------------  -----  ---------  --------  ----------  --------------  -------------------
/opt/airflow/dags/pipeline_completo.py                           1           0  1.34s           2025-12-07T13:00:35
================================================================================
[2025-12-07T13:01:35.347+0000] {manager.py:878} INFO - 
================================================================================
DAG File Processing Stats

File Path                               PID    Runtime      # DAGs    # Errors  Last Runtime    Last Run
--------------------------------------  -----  ---------  --------  ----------  --------------  -------------------
/opt/airflow/dags/pipeline_completo.py                           1           0  0.18s           2025-12-07T13:01:06
================================================================================
[2025-12-07T13:02:05.580+0000] {manager.py:878} INFO - 
================================================================================
DAG File Processing Stats

File Path                               PID    Runtime      # DAGs    # Errors  Last Runtime    Last Run
--------------------------------------  -----  ---------  --------  ----------  --------------  -------------------
/opt/airflow/dags/pipeline_completo.py                           1           0  0.15s           2025-12-07T13:01:36
================================================================================
[2025-12-07T13:02:35.899+0000] {manager.py:878} INFO - 
================================================================================
DAG File Processing Stats

File Path                               PID    Runtime      # DAGs    # Errors  Last Runtime    Last Run
--------------------------------------  -----  ---------  --------  ----------  --------------  -------------------
/opt/airflow/dags/pipeline_completo.py                           1           0  0.24s           2025-12-07T13:02:06
================================================================================
[2025-12-07T13:03:06.321+0000] {manager.py:878} INFO - 
================================================================================
DAG File Processing Stats

File Path                               PID    Runtime      # DAGs    # Errors  Last Runtime    Last Run
--------------------------------------  -----  ---------  --------  ----------  --------------  -------------------
/opt/airflow/dags/pipeline_completo.py                           1           0  0.25s           2025-12-07T13:02:37
================================================================================
[2025-12-07T13:03:36.592+0000] {manager.py:878} INFO - 
================================================================================
DAG File Processing Stats

File Path                               PID    Runtime      # DAGs    # Errors  Last Runtime    Last Run
--------------------------------------  -----  ---------  --------  ----------  --------------  -------------------
/opt/airflow/dags/pipeline_completo.py                           1           0  0.15s           2025-12-07T13:03:07
================================================================================
[2025-12-07T13:04:06.926+0000] {manager.py:878} INFO - 
================================================================================
DAG File Processing Stats

File Path                               PID    Runtime      # DAGs    # Errors  Last Runtime    Last Run
--------------------------------------  -----  ---------  --------  ----------  --------------  -------------------
/opt/airflow/dags/pipeline_completo.py                           1           0  0.12s           2025-12-07T13:03:37
================================================================================
[2025-12-07T13:04:37.219+0000] {manager.py:878} INFO - 
================================================================================
DAG File Processing Stats

File Path                               PID    Runtime      # DAGs    # Errors  Last Runtime    Last Run
--------------------------------------  -----  ---------  --------  ----------  --------------  -------------------
/opt/airflow/dags/pipeline_completo.py                           1           0  0.43s           2025-12-07T13:04:08
================================================================================
[2025-12-07T13:05:07.887+0000] {manager.py:878} INFO - 
================================================================================
DAG File Processing Stats

File Path                               PID    Runtime      # DAGs    # Errors  Last Runtime    Last Run
--------------------------------------  -----  ---------  --------  ----------  --------------  -------------------
/opt/airflow/dags/pipeline_completo.py                           1           0  0.14s           2025-12-07T13:04:38
================================================================================
[2025-12-07T13:05:34.213+0000] {manager.py:737} INFO - Searching for files in /opt/airflow/dags
[2025-12-07T13:05:34.250+0000] {manager.py:740} INFO - There are 1 files in /opt/airflow/dags
[2025-12-07T13:05:38.318+0000] {manager.py:878} INFO - 
================================================================================
DAG File Processing Stats

File Path                               PID    Runtime      # DAGs    # Errors  Last Runtime    Last Run
--------------------------------------  -----  ---------  --------  ----------  --------------  -------------------
/opt/airflow/dags/pipeline_completo.py                           1           0  0.13s           2025-12-07T13:05:09
================================================================================
[2025-12-07T13:06:08.642+0000] {manager.py:878} INFO - 
================================================================================
DAG File Processing Stats

File Path                               PID    Runtime      # DAGs    # Errors  Last Runtime    Last Run
--------------------------------------  -----  ---------  --------  ----------  --------------  -------------------
/opt/airflow/dags/pipeline_completo.py                           1           0  0.13s           2025-12-07T13:05:39
================================================================================
[2025-12-07T13:06:39.022+0000] {manager.py:878} INFO - 
================================================================================
DAG File Processing Stats

File Path                               PID    Runtime      # DAGs    # Errors  Last Runtime    Last Run
--------------------------------------  -----  ---------  --------  ----------  --------------  -------------------
/opt/airflow/dags/pipeline_completo.py                           1           0  0.15s           2025-12-07T13:06:09
================================================================================
[2025-12-07T13:07:09.374+0000] {manager.py:878} INFO - 
================================================================================
DAG File Processing Stats

File Path                               PID    Runtime      # DAGs    # Errors  Last Runtime    Last Run
--------------------------------------  -----  ---------  --------  ----------  --------------  -------------------
/opt/airflow/dags/pipeline_completo.py                           1           0  0.17s           2025-12-07T13:06:40
================================================================================
[2025-12-07T13:07:39.699+0000] {manager.py:878} INFO - 
================================================================================
DAG File Processing Stats

File Path                               PID    Runtime      # DAGs    # Errors  Last Runtime    Last Run
--------------------------------------  -----  ---------  --------  ----------  --------------  -------------------
/opt/airflow/dags/pipeline_completo.py                           1           0  0.19s           2025-12-07T13:07:10
================================================================================
[2025-12-07T13:08:10.015+0000] {manager.py:878} INFO - 
================================================================================
DAG File Processing Stats

File Path                               PID    Runtime      # DAGs    # Errors  Last Runtime    Last Run
--------------------------------------  -----  ---------  --------  ----------  --------------  -------------------
/opt/airflow/dags/pipeline_completo.py                           1           0  0.13s           2025-12-07T13:07:40
================================================================================
[2025-12-07T13:08:40.362+0000] {manager.py:878} INFO - 
================================================================================
DAG File Processing Stats

File Path                               PID    Runtime      # DAGs    # Errors  Last Runtime    Last Run
--------------------------------------  -----  ---------  --------  ----------  --------------  -------------------
/opt/airflow/dags/pipeline_completo.py                           1           0  0.17s           2025-12-07T13:08:11
================================================================================
[2025-12-07T13:09:10.705+0000] {manager.py:878} INFO - 
================================================================================
DAG File Processing Stats

File Path                               PID    Runtime      # DAGs    # Errors  Last Runtime    Last Run
--------------------------------------  -----  ---------  --------  ----------  --------------  -------------------
/opt/airflow/dags/pipeline_completo.py                           1           0  0.16s           2025-12-07T13:08:41
================================================================================
[2025-12-07T13:09:40.939+0000] {manager.py:878} INFO - 
================================================================================
DAG File Processing Stats

File Path                               PID    Runtime      # DAGs    # Errors  Last Runtime    Last Run
--------------------------------------  -----  ---------  --------  ----------  --------------  -------------------
/opt/airflow/dags/pipeline_completo.py                           1           0  0.11s           2025-12-07T13:09:11
================================================================================
[2025-12-07T13:10:11.335+0000] {manager.py:878} INFO - 
================================================================================
DAG File Processing Stats

File Path                               PID    Runtime      # DAGs    # Errors  Last Runtime    Last Run
--------------------------------------  -----  ---------  --------  ----------  --------------  -------------------
/opt/airflow/dags/pipeline_completo.py                           1           0  0.52s           2025-12-07T13:09:42
================================================================================
[2025-12-07T13:10:34.975+0000] {manager.py:737} INFO - Searching for files in /opt/airflow/dags
[2025-12-07T13:10:35.012+0000] {manager.py:740} INFO - There are 1 files in /opt/airflow/dags
[2025-12-07T13:10:42.079+0000] {manager.py:878} INFO - 
================================================================================
DAG File Processing Stats

File Path                               PID    Runtime      # DAGs    # Errors  Last Runtime    Last Run
--------------------------------------  -----  ---------  --------  ----------  --------------  -------------------
/opt/airflow/dags/pipeline_completo.py                           1           0  0.16s           2025-12-07T13:10:12
================================================================================
[2025-12-07T13:11:05.634+0000] {manager.py:452} INFO - Exiting gracefully upon receiving signal 15
[2025-12-07T18:13:22.404+0000] {manager.py:470} INFO - Processing files using up to 2 processes at a time 
[2025-12-07T18:13:22.416+0000] {manager.py:471} INFO - Process each file at most once every 30 seconds
[2025-12-07T18:13:22.429+0000] {manager.py:472} INFO - Checking for new files in /opt/airflow/dags every 300 seconds
[2025-12-07T18:13:22.437+0000] {manager.py:737} INFO - Searching for files in /opt/airflow/dags
[2025-12-07T18:13:22.542+0000] {manager.py:740} INFO - There are 1 files in /opt/airflow/dags
[2025-12-07T18:13:23.620+0000] {manager.py:878} INFO - 
================================================================================
DAG File Processing Stats

File Path                                 PID  Runtime      # DAGs    # Errors  Last Runtime    Last Run
--------------------------------------  -----  ---------  --------  ----------  --------------  ----------
/opt/airflow/dags/pipeline_completo.py    168  0.16s             0           0
================================================================================
[2025-12-07T18:13:53.930+0000] {manager.py:878} INFO - 
================================================================================
DAG File Processing Stats

File Path                               PID    Runtime      # DAGs    # Errors  Last Runtime    Last Run
--------------------------------------  -----  ---------  --------  ----------  --------------  -------------------
/opt/airflow/dags/pipeline_completo.py                           1           0  1.69s           2025-12-07T18:13:25
================================================================================
[2025-12-07T18:14:24.048+0000] {manager.py:878} INFO - 
================================================================================
DAG File Processing Stats

File Path                               PID    Runtime      # DAGs    # Errors  Last Runtime    Last Run
--------------------------------------  -----  ---------  --------  ----------  --------------  -------------------
/opt/airflow/dags/pipeline_completo.py                           1           0  0.23s           2025-12-07T18:13:55
================================================================================
[2025-12-07T18:14:54.471+0000] {manager.py:878} INFO - 
================================================================================
DAG File Processing Stats

File Path                               PID    Runtime      # DAGs    # Errors  Last Runtime    Last Run
--------------------------------------  -----  ---------  --------  ----------  --------------  -------------------
/opt/airflow/dags/pipeline_completo.py                           1           0  0.87s           2025-12-07T18:14:27
================================================================================
[2025-12-07T18:15:24.571+0000] {manager.py:878} INFO - 
================================================================================
DAG File Processing Stats

File Path                               PID    Runtime      # DAGs    # Errors  Last Runtime    Last Run
--------------------------------------  -----  ---------  --------  ----------  --------------  -------------------
/opt/airflow/dags/pipeline_completo.py                           1           0  0.66s           2025-12-07T18:14:58
================================================================================
[2025-12-07T18:15:55.368+0000] {manager.py:878} INFO - 
================================================================================
DAG File Processing Stats

File Path                               PID    Runtime      # DAGs    # Errors  Last Runtime    Last Run
--------------------------------------  -----  ---------  --------  ----------  --------------  -------------------
/opt/airflow/dags/pipeline_completo.py                           1           0  0.42s           2025-12-07T18:15:29
================================================================================
[2025-12-07T18:16:25.698+0000] {manager.py:878} INFO - 
================================================================================
DAG File Processing Stats

File Path                               PID    Runtime      # DAGs    # Errors  Last Runtime    Last Run
--------------------------------------  -----  ---------  --------  ----------  --------------  -------------------
/opt/airflow/dags/pipeline_completo.py                           1           0  0.20s           2025-12-07T18:15:59
================================================================================
[2025-12-07T18:16:56.303+0000] {manager.py:878} INFO - 
================================================================================
DAG File Processing Stats

File Path                               PID    Runtime      # DAGs    # Errors  Last Runtime    Last Run
--------------------------------------  -----  ---------  --------  ----------  --------------  -------------------
/opt/airflow/dags/pipeline_completo.py                           1           0  0.29s           2025-12-07T18:16:30
================================================================================
[2025-12-07T18:17:26.785+0000] {manager.py:878} INFO - 
================================================================================
DAG File Processing Stats

File Path                               PID    Runtime      # DAGs    # Errors  Last Runtime    Last Run
--------------------------------------  -----  ---------  --------  ----------  --------------  -------------------
/opt/airflow/dags/pipeline_completo.py                           1           0  0.22s           2025-12-07T18:17:00
================================================================================
[2025-12-07T18:17:56.913+0000] {manager.py:878} INFO - 
================================================================================
DAG File Processing Stats

File Path                               PID    Runtime      # DAGs    # Errors  Last Runtime    Last Run
--------------------------------------  -----  ---------  --------  ----------  --------------  -------------------
/opt/airflow/dags/pipeline_completo.py                           1           0  0.86s           2025-12-07T18:17:31
================================================================================
[2025-12-07T18:18:22.727+0000] {manager.py:737} INFO - Searching for files in /opt/airflow/dags
[2025-12-07T18:18:22.763+0000] {manager.py:740} INFO - There are 1 files in /opt/airflow/dags
[2025-12-07T18:18:27.277+0000] {manager.py:878} INFO - 
================================================================================
DAG File Processing Stats

File Path                               PID    Runtime      # DAGs    # Errors  Last Runtime    Last Run
--------------------------------------  -----  ---------  --------  ----------  --------------  -------------------
/opt/airflow/dags/pipeline_completo.py                           1           0  0.56s           2025-12-07T18:18:02
================================================================================
[2025-12-07T18:18:57.402+0000] {manager.py:878} INFO - 
================================================================================
DAG File Processing Stats

File Path                               PID    Runtime      # DAGs    # Errors  Last Runtime    Last Run
--------------------------------------  -----  ---------  --------  ----------  --------------  -------------------
/opt/airflow/dags/pipeline_completo.py                           1           0  0.30s           2025-12-07T18:18:33
================================================================================
[2025-12-07T18:19:27.734+0000] {manager.py:878} INFO - 
================================================================================
DAG File Processing Stats

File Path                               PID    Runtime      # DAGs    # Errors  Last Runtime    Last Run
--------------------------------------  -----  ---------  --------  ----------  --------------  -------------------
/opt/airflow/dags/pipeline_completo.py                           1           0  1.03s           2025-12-07T18:19:04
================================================================================
[2025-12-07T18:19:58.323+0000] {manager.py:878} INFO - 
================================================================================
DAG File Processing Stats

File Path                               PID    Runtime      # DAGs    # Errors  Last Runtime    Last Run
--------------------------------------  -----  ---------  --------  ----------  --------------  -------------------
/opt/airflow/dags/pipeline_completo.py                           1           0  0.23s           2025-12-07T18:19:35
================================================================================
[2025-12-07T18:20:28.739+0000] {manager.py:878} INFO - 
================================================================================
DAG File Processing Stats

File Path                               PID    Runtime      # DAGs    # Errors  Last Runtime    Last Run
--------------------------------------  -----  ---------  --------  ----------  --------------  -------------------
/opt/airflow/dags/pipeline_completo.py                           1           0  0.28s           2025-12-07T18:20:05
================================================================================
[2025-12-07T18:20:59.274+0000] {manager.py:878} INFO - 
================================================================================
DAG File Processing Stats

File Path                               PID    Runtime      # DAGs    # Errors  Last Runtime    Last Run
--------------------------------------  -----  ---------  --------  ----------  --------------  -------------------
/opt/airflow/dags/pipeline_completo.py                           1           0  0.31s           2025-12-07T18:20:36
================================================================================
[2025-12-07T18:21:29.697+0000] {manager.py:878} INFO - 
================================================================================
DAG File Processing Stats

File Path                               PID    Runtime      # DAGs    # Errors  Last Runtime    Last Run
--------------------------------------  -----  ---------  --------  ----------  --------------  -------------------
/opt/airflow/dags/pipeline_completo.py                           1           0  0.23s           2025-12-07T18:21:06
================================================================================
[2025-12-07T18:22:00.149+0000] {manager.py:878} INFO - 
================================================================================
DAG File Processing Stats

File Path                               PID    Runtime      # DAGs    # Errors  Last Runtime    Last Run
--------------------------------------  -----  ---------  --------  ----------  --------------  -------------------
/opt/airflow/dags/pipeline_completo.py                           1           0  0.20s           2025-12-07T18:21:37
================================================================================
[2025-12-07T18:22:30.475+0000] {manager.py:878} INFO - 
================================================================================
DAG File Processing Stats

File Path                               PID    Runtime      # DAGs    # Errors  Last Runtime    Last Run
--------------------------------------  -----  ---------  --------  ----------  --------------  -------------------
/opt/airflow/dags/pipeline_completo.py                           1           0  0.18s           2025-12-07T18:22:07
================================================================================
[2025-12-07T18:23:00.882+0000] {manager.py:878} INFO - 
================================================================================
DAG File Processing Stats

File Path                               PID    Runtime      # DAGs    # Errors  Last Runtime    Last Run
--------------------------------------  -----  ---------  --------  ----------  --------------  -------------------
/opt/airflow/dags/pipeline_completo.py                           1           0  0.17s           2025-12-07T18:22:37
================================================================================
[2025-12-07T18:23:23.156+0000] {manager.py:737} INFO - Searching for files in /opt/airflow/dags
[2025-12-07T18:23:23.191+0000] {manager.py:740} INFO - There are 1 files in /opt/airflow/dags
[2025-12-07T18:23:31.285+0000] {manager.py:878} INFO - 
================================================================================
DAG File Processing Stats

File Path                               PID    Runtime      # DAGs    # Errors  Last Runtime    Last Run
--------------------------------------  -----  ---------  --------  ----------  --------------  -------------------
/opt/airflow/dags/pipeline_completo.py                           1           0  0.21s           2025-12-07T18:23:08
================================================================================
[2025-12-07T18:24:01.783+0000] {manager.py:878} INFO - 
================================================================================
DAG File Processing Stats

File Path                               PID    Runtime      # DAGs    # Errors  Last Runtime    Last Run
--------------------------------------  -----  ---------  --------  ----------  --------------  -------------------
/opt/airflow/dags/pipeline_completo.py                           1           0  0.21s           2025-12-07T18:23:38
================================================================================
[2025-12-07T18:24:32.217+0000] {manager.py:878} INFO - 
================================================================================
DAG File Processing Stats

File Path                               PID    Runtime      # DAGs    # Errors  Last Runtime    Last Run
--------------------------------------  -----  ---------  --------  ----------  --------------  -------------------
/opt/airflow/dags/pipeline_completo.py                           1           0  0.43s           2025-12-07T18:24:09
================================================================================
[2025-12-07T18:25:02.971+0000] {manager.py:878} INFO - 
================================================================================
DAG File Processing Stats

File Path                               PID    Runtime      # DAGs    # Errors  Last Runtime    Last Run
--------------------------------------  -----  ---------  --------  ----------  --------------  -------------------
/opt/airflow/dags/pipeline_completo.py                           1           0  0.20s           2025-12-07T18:24:39
================================================================================
[2025-12-07T18:25:33.466+0000] {manager.py:878} INFO - 
================================================================================
DAG File Processing Stats

File Path                               PID    Runtime      # DAGs    # Errors  Last Runtime    Last Run
--------------------------------------  -----  ---------  --------  ----------  --------------  -------------------
/opt/airflow/dags/pipeline_completo.py                           1           0  0.24s           2025-12-07T18:25:10
================================================================================
[2025-12-07T18:26:03.687+0000] {manager.py:878} INFO - 
================================================================================
DAG File Processing Stats

File Path                               PID    Runtime      # DAGs    # Errors  Last Runtime    Last Run
--------------------------------------  -----  ---------  --------  ----------  --------------  -------------------
/opt/airflow/dags/pipeline_completo.py                           1           0  0.83s           2025-12-07T18:25:41
================================================================================
[2025-12-07T18:26:34.185+0000] {manager.py:878} INFO - 
================================================================================
DAG File Processing Stats

File Path                               PID    Runtime      # DAGs    # Errors  Last Runtime    Last Run
--------------------------------------  -----  ---------  --------  ----------  --------------  -------------------
/opt/airflow/dags/pipeline_completo.py                           1           0  0.18s           2025-12-07T18:26:11
================================================================================
[2025-12-07T18:27:04.562+0000] {manager.py:878} INFO - 
================================================================================
DAG File Processing Stats

File Path                               PID    Runtime      # DAGs    # Errors  Last Runtime    Last Run
--------------------------------------  -----  ---------  --------  ----------  --------------  -------------------
/opt/airflow/dags/pipeline_completo.py                           1           0  0.19s           2025-12-07T18:26:42
================================================================================
[2025-12-07T18:27:35.009+0000] {manager.py:878} INFO - 
================================================================================
DAG File Processing Stats

File Path                               PID    Runtime      # DAGs    # Errors  Last Runtime    Last Run
--------------------------------------  -----  ---------  --------  ----------  --------------  -------------------
/opt/airflow/dags/pipeline_completo.py                           1           0  0.38s           2025-12-07T18:27:13
================================================================================
[2025-12-07T18:28:05.387+0000] {manager.py:878} INFO - 
================================================================================
DAG File Processing Stats

File Path                               PID    Runtime      # DAGs    # Errors  Last Runtime    Last Run
--------------------------------------  -----  ---------  --------  ----------  --------------  -------------------
/opt/airflow/dags/pipeline_completo.py                           1           0  0.20s           2025-12-07T18:27:43
================================================================================
[2025-12-07T18:28:23.691+0000] {manager.py:737} INFO - Searching for files in /opt/airflow/dags
[2025-12-07T18:28:23.768+0000] {manager.py:740} INFO - There are 1 files in /opt/airflow/dags
[2025-12-07T18:28:35.946+0000] {manager.py:878} INFO - 
================================================================================
DAG File Processing Stats

File Path                               PID    Runtime      # DAGs    # Errors  Last Runtime    Last Run
--------------------------------------  -----  ---------  --------  ----------  --------------  -------------------
/opt/airflow/dags/pipeline_completo.py                           1           0  0.23s           2025-12-07T18:28:13
================================================================================
[2025-12-07T18:29:06.215+0000] {manager.py:878} INFO - 
================================================================================
DAG File Processing Stats

File Path                               PID    Runtime      # DAGs    # Errors  Last Runtime    Last Run
--------------------------------------  -----  ---------  --------  ----------  --------------  -------------------
/opt/airflow/dags/pipeline_completo.py                           1           0  0.78s           2025-12-07T18:28:44
================================================================================
[2025-12-07T18:29:37.009+0000] {manager.py:878} INFO - 
================================================================================
DAG File Processing Stats

File Path                               PID    Runtime      # DAGs    # Errors  Last Runtime    Last Run
--------------------------------------  -----  ---------  --------  ----------  --------------  -------------------
/opt/airflow/dags/pipeline_completo.py                           1           0  0.31s           2025-12-07T18:29:15
================================================================================
[2025-12-07T18:30:07.960+0000] {manager.py:878} INFO - 
================================================================================
DAG File Processing Stats

File Path                               PID    Runtime      # DAGs    # Errors  Last Runtime    Last Run
--------------------------------------  -----  ---------  --------  ----------  --------------  -------------------
/opt/airflow/dags/pipeline_completo.py                           1           0  0.85s           2025-12-07T18:29:47
================================================================================
[2025-12-07T18:30:38.348+0000] {manager.py:878} INFO - 
================================================================================
DAG File Processing Stats

File Path                               PID    Runtime      # DAGs    # Errors  Last Runtime    Last Run
--------------------------------------  -----  ---------  --------  ----------  --------------  -------------------
/opt/airflow/dags/pipeline_completo.py                           1           0  1.81s           2025-12-07T18:30:18
================================================================================
[2025-12-07T18:31:08.895+0000] {manager.py:878} INFO - 
================================================================================
DAG File Processing Stats

File Path                               PID    Runtime      # DAGs    # Errors  Last Runtime    Last Run
--------------------------------------  -----  ---------  --------  ----------  --------------  -------------------
/opt/airflow/dags/pipeline_completo.py                           1           0  0.36s           2025-12-07T18:30:49
================================================================================
[2025-12-07T18:31:39.034+0000] {manager.py:878} INFO - 
================================================================================
DAG File Processing Stats

File Path                               PID    Runtime      # DAGs    # Errors  Last Runtime    Last Run
--------------------------------------  -----  ---------  --------  ----------  --------------  -------------------
/opt/airflow/dags/pipeline_completo.py                           1           0  0.36s           2025-12-07T18:31:19
================================================================================
[2025-12-07T18:32:09.376+0000] {manager.py:878} INFO - 
================================================================================
DAG File Processing Stats

File Path                               PID    Runtime      # DAGs    # Errors  Last Runtime    Last Run
--------------------------------------  -----  ---------  --------  ----------  --------------  -------------------
/opt/airflow/dags/pipeline_completo.py                           1           0  0.45s           2025-12-07T18:31:50
================================================================================
[2025-12-07T18:32:39.552+0000] {manager.py:878} INFO - 
================================================================================
DAG File Processing Stats

File Path                               PID    Runtime      # DAGs    # Errors  Last Runtime    Last Run
--------------------------------------  -----  ---------  --------  ----------  --------------  -------------------
/opt/airflow/dags/pipeline_completo.py                           1           0  0.43s           2025-12-07T18:32:21
================================================================================
[2025-12-07T18:33:09.848+0000] {manager.py:878} INFO - 
================================================================================
DAG File Processing Stats

File Path                               PID    Runtime      # DAGs    # Errors  Last Runtime    Last Run
--------------------------------------  -----  ---------  --------  ----------  --------------  -------------------
/opt/airflow/dags/pipeline_completo.py                           1           0  0.26s           2025-12-07T18:32:51
================================================================================
[2025-12-07T18:33:23.988+0000] {manager.py:737} INFO - Searching for files in /opt/airflow/dags
[2025-12-07T18:33:24.054+0000] {manager.py:740} INFO - There are 1 files in /opt/airflow/dags
[2025-12-07T18:33:40.242+0000] {manager.py:878} INFO - 
================================================================================
DAG File Processing Stats

File Path                               PID    Runtime      # DAGs    # Errors  Last Runtime    Last Run
--------------------------------------  -----  ---------  --------  ----------  --------------  -------------------
/opt/airflow/dags/pipeline_completo.py                           1           0  0.23s           2025-12-07T18:33:22
================================================================================
[2025-12-07T18:34:10.735+0000] {manager.py:878} INFO - 
================================================================================
DAG File Processing Stats

File Path                               PID    Runtime      # DAGs    # Errors  Last Runtime    Last Run
--------------------------------------  -----  ---------  --------  ----------  --------------  -------------------
/opt/airflow/dags/pipeline_completo.py                           1           0  0.19s           2025-12-07T18:33:52
================================================================================
[2025-12-07T18:34:23.583+0000] {manager.py:452} INFO - Exiting gracefully upon receiving signal 15
[2025-12-07T18:34:23.581+0000] {manager.py:452} INFO - Exiting gracefully upon receiving signal 15
[2025-12-07T18:34:27.286+0000] {manager.py:452} INFO - Exiting gracefully upon receiving signal 15
[2025-12-07T18:38:37.103+0000] {manager.py:470} INFO - Processing files using up to 2 processes at a time 
[2025-12-07T18:38:37.105+0000] {manager.py:471} INFO - Process each file at most once every 30 seconds
[2025-12-07T18:38:37.107+0000] {manager.py:472} INFO - Checking for new files in /opt/airflow/dags every 300 seconds
[2025-12-07T18:38:37.109+0000] {manager.py:737} INFO - Searching for files in /opt/airflow/dags
[2025-12-07T18:38:37.143+0000] {manager.py:740} INFO - There are 1 files in /opt/airflow/dags
[2025-12-07T18:38:37.522+0000] {manager.py:878} INFO - 
================================================================================
DAG File Processing Stats

File Path                                 PID  Runtime      # DAGs    # Errors  Last Runtime    Last Run
--------------------------------------  -----  ---------  --------  ----------  --------------  ----------
/opt/airflow/dags/pipeline_completo.py    168  0.03s             0           0
================================================================================
[2025-12-07T18:39:07.809+0000] {manager.py:878} INFO - 
================================================================================
DAG File Processing Stats

File Path                               PID    Runtime      # DAGs    # Errors  Last Runtime    Last Run
--------------------------------------  -----  ---------  --------  ----------  --------------  -------------------
/opt/airflow/dags/pipeline_completo.py                           1           0  0.35s           2025-12-07T18:38:37
================================================================================
[2025-12-07T18:39:38.427+0000] {manager.py:878} INFO - 
================================================================================
DAG File Processing Stats

File Path                                 PID  Runtime      # DAGs    # Errors  Last Runtime    Last Run
--------------------------------------  -----  ---------  --------  ----------  --------------  -------------------
/opt/airflow/dags/pipeline_completo.py    186  0.01s             1           0  0.13s           2025-12-07T18:39:08
================================================================================
[2025-12-07T18:40:09.056+0000] {manager.py:878} INFO - 
================================================================================
DAG File Processing Stats

File Path                                 PID  Runtime      # DAGs    # Errors  Last Runtime    Last Run
--------------------------------------  -----  ---------  --------  ----------  --------------  -------------------
/opt/airflow/dags/pipeline_completo.py    191  0.01s             1           0  0.19s           2025-12-07T18:39:38
================================================================================
[2025-12-07T18:40:39.326+0000] {manager.py:878} INFO - 
================================================================================
DAG File Processing Stats

File Path                               PID    Runtime      # DAGs    # Errors  Last Runtime    Last Run
--------------------------------------  -----  ---------  --------  ----------  --------------  -------------------
/opt/airflow/dags/pipeline_completo.py                           1           0  0.51s           2025-12-07T18:40:09
================================================================================
[2025-12-07T18:41:09.428+0000] {manager.py:878} INFO - 
================================================================================
DAG File Processing Stats

File Path                               PID    Runtime      # DAGs    # Errors  Last Runtime    Last Run
--------------------------------------  -----  ---------  --------  ----------  --------------  -------------------
/opt/airflow/dags/pipeline_completo.py                           1           0  0.32s           2025-12-07T18:40:40
================================================================================
[2025-12-07T18:41:39.736+0000] {manager.py:878} INFO - 
================================================================================
DAG File Processing Stats

File Path                               PID    Runtime      # DAGs    # Errors  Last Runtime    Last Run
--------------------------------------  -----  ---------  --------  ----------  --------------  -------------------
/opt/airflow/dags/pipeline_completo.py                           1           0  0.14s           2025-12-07T18:41:10
================================================================================
[2025-12-07T18:41:57.099+0000] {manager.py:452} INFO - Exiting gracefully upon receiving signal 15
[2025-12-07T18:42:58.842+0000] {manager.py:470} INFO - Processing files using up to 2 processes at a time 
[2025-12-07T18:42:58.844+0000] {manager.py:471} INFO - Process each file at most once every 30 seconds
[2025-12-07T18:42:58.846+0000] {manager.py:472} INFO - Checking for new files in /opt/airflow/dags every 300 seconds
[2025-12-07T18:42:58.848+0000] {manager.py:737} INFO - Searching for files in /opt/airflow/dags
[2025-12-07T18:42:58.889+0000] {manager.py:740} INFO - There are 1 files in /opt/airflow/dags
[2025-12-07T18:42:59.231+0000] {manager.py:878} INFO - 
================================================================================
DAG File Processing Stats

File Path                                 PID  Runtime      # DAGs    # Errors  Last Runtime    Last Run
--------------------------------------  -----  ---------  --------  ----------  --------------  ----------
/opt/airflow/dags/pipeline_completo.py    168  0.04s             0           0
================================================================================
[2025-12-07T18:43:29.446+0000] {manager.py:878} INFO - 
================================================================================
DAG File Processing Stats

File Path                               PID    Runtime      # DAGs    # Errors  Last Runtime    Last Run
--------------------------------------  -----  ---------  --------  ----------  --------------  -------------------
/opt/airflow/dags/pipeline_completo.py                           1           0  0.44s           2025-12-07T18:42:59
================================================================================
[2025-12-07T18:44:00.057+0000] {manager.py:878} INFO - 
================================================================================
DAG File Processing Stats

File Path                                 PID  Runtime      # DAGs    # Errors  Last Runtime    Last Run
--------------------------------------  -----  ---------  --------  ----------  --------------  -------------------
/opt/airflow/dags/pipeline_completo.py    178  0.00s             1           0  0.17s           2025-12-07T18:43:30
================================================================================
[2025-12-07T18:44:30.437+0000] {manager.py:878} INFO - 
================================================================================
DAG File Processing Stats

File Path                                 PID  Runtime      # DAGs    # Errors  Last Runtime    Last Run
--------------------------------------  -----  ---------  --------  ----------  --------------  -------------------
/opt/airflow/dags/pipeline_completo.py    183  0.00s             1           0  0.13s           2025-12-07T18:44:00
================================================================================
[2025-12-07T18:45:00.670+0000] {manager.py:878} INFO - 
================================================================================
DAG File Processing Stats

File Path                                 PID  Runtime      # DAGs    # Errors  Last Runtime    Last Run
--------------------------------------  -----  ---------  --------  ----------  --------------  -------------------
/opt/airflow/dags/pipeline_completo.py    188  0.00s             1           0  0.13s           2025-12-07T18:44:30
================================================================================
[2025-12-07T18:45:31.006+0000] {manager.py:878} INFO - 
================================================================================
DAG File Processing Stats

File Path                                 PID  Runtime      # DAGs    # Errors  Last Runtime    Last Run
--------------------------------------  -----  ---------  --------  ----------  --------------  -------------------
/opt/airflow/dags/pipeline_completo.py    193  0.00s             1           0  0.12s           2025-12-07T18:45:00
================================================================================
[2025-12-07T18:46:01.259+0000] {manager.py:878} INFO - 
================================================================================
DAG File Processing Stats

File Path                                 PID  Runtime      # DAGs    # Errors  Last Runtime    Last Run
--------------------------------------  -----  ---------  --------  ----------  --------------  -------------------
/opt/airflow/dags/pipeline_completo.py    198  0.00s             1           0  0.11s           2025-12-07T18:45:31
================================================================================
[2025-12-07T18:46:31.593+0000] {manager.py:878} INFO - 
================================================================================
DAG File Processing Stats

File Path                                 PID  Runtime      # DAGs    # Errors  Last Runtime    Last Run
--------------------------------------  -----  ---------  --------  ----------  --------------  -------------------
/opt/airflow/dags/pipeline_completo.py    203  0.00s             1           0  0.13s           2025-12-07T18:46:01
================================================================================
[2025-12-07T18:47:01.885+0000] {manager.py:878} INFO - 
================================================================================
DAG File Processing Stats

File Path                                 PID  Runtime      # DAGs    # Errors  Last Runtime    Last Run
--------------------------------------  -----  ---------  --------  ----------  --------------  -------------------
/opt/airflow/dags/pipeline_completo.py    208  0.00s             1           0  0.13s           2025-12-07T18:46:31
================================================================================
[2025-12-07T18:47:32.138+0000] {manager.py:878} INFO - 
================================================================================
DAG File Processing Stats

File Path                                 PID  Runtime      # DAGs    # Errors  Last Runtime    Last Run
--------------------------------------  -----  ---------  --------  ----------  --------------  -------------------
/opt/airflow/dags/pipeline_completo.py    213  0.00s             1           0  0.12s           2025-12-07T18:47:01
================================================================================
[2025-12-07T18:47:59.364+0000] {manager.py:737} INFO - Searching for files in /opt/airflow/dags
[2025-12-07T18:47:59.404+0000] {manager.py:740} INFO - There are 1 files in /opt/airflow/dags
[2025-12-07T18:48:02.462+0000] {manager.py:878} INFO - 
================================================================================
DAG File Processing Stats

File Path                                 PID  Runtime      # DAGs    # Errors  Last Runtime    Last Run
--------------------------------------  -----  ---------  --------  ----------  --------------  -------------------
/opt/airflow/dags/pipeline_completo.py    218  0.00s             1           0  0.13s           2025-12-07T18:47:32
================================================================================
[2025-12-07T18:48:32.719+0000] {manager.py:878} INFO - 
================================================================================
DAG File Processing Stats

File Path                                 PID  Runtime      # DAGs    # Errors  Last Runtime    Last Run
--------------------------------------  -----  ---------  --------  ----------  --------------  -------------------
/opt/airflow/dags/pipeline_completo.py    223  0.00s             1           0  0.12s           2025-12-07T18:48:02
================================================================================
[2025-12-07T18:49:02.660+0000] {manager.py:452} INFO - Exiting gracefully upon receiving signal 15
[2025-12-07T18:50:30.920+0000] {manager.py:470} INFO - Processing files using up to 2 processes at a time 
[2025-12-07T18:50:30.922+0000] {manager.py:471} INFO - Process each file at most once every 30 seconds
[2025-12-07T18:50:30.924+0000] {manager.py:472} INFO - Checking for new files in /opt/airflow/dags every 300 seconds
[2025-12-07T18:50:30.926+0000] {manager.py:737} INFO - Searching for files in /opt/airflow/dags
[2025-12-07T18:50:30.957+0000] {manager.py:740} INFO - There are 1 files in /opt/airflow/dags
[2025-12-07T18:50:31.376+0000] {manager.py:878} INFO - 
================================================================================
DAG File Processing Stats

File Path                                 PID  Runtime      # DAGs    # Errors  Last Runtime    Last Run
--------------------------------------  -----  ---------  --------  ----------  --------------  ----------
/opt/airflow/dags/pipeline_completo.py    168  0.06s             0           0
================================================================================
[2025-12-07T18:51:01.574+0000] {manager.py:878} INFO - 
================================================================================
DAG File Processing Stats

File Path                               PID    Runtime      # DAGs    # Errors  Last Runtime    Last Run
--------------------------------------  -----  ---------  --------  ----------  --------------  -------------------
/opt/airflow/dags/pipeline_completo.py                           1           0  0.43s           2025-12-07T18:50:31
================================================================================
[2025-12-07T18:51:32.231+0000] {manager.py:878} INFO - 
================================================================================
DAG File Processing Stats

File Path                                 PID  Runtime      # DAGs    # Errors  Last Runtime    Last Run
--------------------------------------  -----  ---------  --------  ----------  --------------  -------------------
/opt/airflow/dags/pipeline_completo.py    178  0.00s             1           0  0.12s           2025-12-07T18:51:02
================================================================================
[2025-12-07T18:52:02.540+0000] {manager.py:878} INFO - 
================================================================================
DAG File Processing Stats

File Path                                 PID  Runtime      # DAGs    # Errors  Last Runtime    Last Run
--------------------------------------  -----  ---------  --------  ----------  --------------  -------------------
/opt/airflow/dags/pipeline_completo.py    183  0.00s             1           0  0.12s           2025-12-07T18:51:32
================================================================================
[2025-12-07T18:52:32.760+0000] {manager.py:878} INFO - 
================================================================================
DAG File Processing Stats

File Path                                 PID  Runtime      # DAGs    # Errors  Last Runtime    Last Run
--------------------------------------  -----  ---------  --------  ----------  --------------  -------------------
/opt/airflow/dags/pipeline_completo.py    196  0.00s             1           0  0.11s           2025-12-07T18:52:02
================================================================================
[2025-12-07T18:53:03.053+0000] {manager.py:878} INFO - 
================================================================================
DAG File Processing Stats

File Path                                 PID  Runtime      # DAGs    # Errors  Last Runtime    Last Run
--------------------------------------  -----  ---------  --------  ----------  --------------  -------------------
/opt/airflow/dags/pipeline_completo.py    201  0.01s             1           0  0.13s           2025-12-07T18:52:32
================================================================================
[2025-12-07T18:53:08.405+0000] {manager.py:452} INFO - Exiting gracefully upon receiving signal 15
[2025-12-07T19:05:38.151+0000] {manager.py:470} INFO - Processing files using up to 2 processes at a time 
[2025-12-07T19:05:38.154+0000] {manager.py:471} INFO - Process each file at most once every 30 seconds
[2025-12-07T19:05:38.158+0000] {manager.py:472} INFO - Checking for new files in /opt/airflow/dags every 300 seconds
[2025-12-07T19:05:38.162+0000] {manager.py:737} INFO - Searching for files in /opt/airflow/dags
[2025-12-07T19:05:38.216+0000] {manager.py:740} INFO - There are 1 files in /opt/airflow/dags
[2025-12-07T19:05:38.844+0000] {manager.py:878} INFO - 
================================================================================
DAG File Processing Stats

File Path                                 PID  Runtime      # DAGs    # Errors  Last Runtime    Last Run
--------------------------------------  -----  ---------  --------  ----------  --------------  ----------
/opt/airflow/dags/pipeline_completo.py    168  0.08s             0           0
================================================================================
[2025-12-07T19:06:08.856+0000] {manager.py:878} INFO - 
================================================================================
DAG File Processing Stats

File Path                               PID    Runtime      # DAGs    # Errors  Last Runtime    Last Run
--------------------------------------  -----  ---------  --------  ----------  --------------  -------------------
/opt/airflow/dags/pipeline_completo.py                           1           0  0.85s           2025-12-07T19:05:39
================================================================================
[2025-12-07T19:06:39.080+0000] {manager.py:878} INFO - 
================================================================================
DAG File Processing Stats

File Path                               PID    Runtime      # DAGs    # Errors  Last Runtime    Last Run
--------------------------------------  -----  ---------  --------  ----------  --------------  -------------------
/opt/airflow/dags/pipeline_completo.py                           1           0  0.13s           2025-12-07T19:06:10
================================================================================
[2025-12-07T19:07:09.397+0000] {manager.py:878} INFO - 
================================================================================
DAG File Processing Stats

File Path                               PID    Runtime      # DAGs    # Errors  Last Runtime    Last Run
--------------------------------------  -----  ---------  --------  ----------  --------------  -------------------
/opt/airflow/dags/pipeline_completo.py                           1           0  0.14s           2025-12-07T19:06:40
================================================================================
[2025-12-07T19:07:39.671+0000] {manager.py:878} INFO - 
================================================================================
DAG File Processing Stats

File Path                               PID    Runtime      # DAGs    # Errors  Last Runtime    Last Run
--------------------------------------  -----  ---------  --------  ----------  --------------  -------------------
/opt/airflow/dags/pipeline_completo.py                           1           0  0.17s           2025-12-07T19:07:10
================================================================================
[2025-12-07T19:08:09.997+0000] {manager.py:878} INFO - 
================================================================================
DAG File Processing Stats

File Path                               PID    Runtime      # DAGs    # Errors  Last Runtime    Last Run
--------------------------------------  -----  ---------  --------  ----------  --------------  -------------------
/opt/airflow/dags/pipeline_completo.py                           1           0  0.20s           2025-12-07T19:07:40
================================================================================
[2025-12-07T19:08:40.367+0000] {manager.py:878} INFO - 
================================================================================
DAG File Processing Stats

File Path                               PID    Runtime      # DAGs    # Errors  Last Runtime    Last Run
--------------------------------------  -----  ---------  --------  ----------  --------------  -------------------
/opt/airflow/dags/pipeline_completo.py                           1           0  0.14s           2025-12-07T19:08:11
================================================================================
[2025-12-07T19:09:10.687+0000] {manager.py:878} INFO - 
================================================================================
DAG File Processing Stats

File Path                               PID    Runtime      # DAGs    # Errors  Last Runtime    Last Run
--------------------------------------  -----  ---------  --------  ----------  --------------  -------------------
/opt/airflow/dags/pipeline_completo.py                           1           0  0.13s           2025-12-07T19:08:41
================================================================================
[2025-12-07T19:09:40.952+0000] {manager.py:878} INFO - 
================================================================================
DAG File Processing Stats

File Path                               PID    Runtime      # DAGs    # Errors  Last Runtime    Last Run
--------------------------------------  -----  ---------  --------  ----------  --------------  -------------------
/opt/airflow/dags/pipeline_completo.py                           1           0  0.13s           2025-12-07T19:09:11
================================================================================
[2025-12-07T19:10:11.376+0000] {manager.py:878} INFO - 
================================================================================
DAG File Processing Stats

File Path                               PID    Runtime      # DAGs    # Errors  Last Runtime    Last Run
--------------------------------------  -----  ---------  --------  ----------  --------------  -------------------
/opt/airflow/dags/pipeline_completo.py                           1           0  0.13s           2025-12-07T19:09:42
================================================================================
[2025-12-07T19:10:38.624+0000] {manager.py:737} INFO - Searching for files in /opt/airflow/dags
[2025-12-07T19:10:38.655+0000] {manager.py:740} INFO - There are 1 files in /opt/airflow/dags
[2025-12-07T19:10:41.708+0000] {manager.py:878} INFO - 
================================================================================
DAG File Processing Stats

File Path                               PID    Runtime      # DAGs    # Errors  Last Runtime    Last Run
--------------------------------------  -----  ---------  --------  ----------  --------------  -------------------
/opt/airflow/dags/pipeline_completo.py                           1           0  0.12s           2025-12-07T19:10:12
================================================================================
[2025-12-07T19:11:03.850+0000] {manager.py:452} INFO - Exiting gracefully upon receiving signal 15
[2025-12-07T19:12:34.223+0000] {manager.py:470} INFO - Processing files using up to 2 processes at a time 
[2025-12-07T19:12:34.226+0000] {manager.py:471} INFO - Process each file at most once every 30 seconds
[2025-12-07T19:12:34.228+0000] {manager.py:472} INFO - Checking for new files in /opt/airflow/dags every 300 seconds
[2025-12-07T19:12:34.230+0000] {manager.py:737} INFO - Searching for files in /opt/airflow/dags
[2025-12-07T19:12:34.276+0000] {manager.py:740} INFO - There are 1 files in /opt/airflow/dags
[2025-12-07T19:12:34.590+0000] {manager.py:878} INFO - 
================================================================================
DAG File Processing Stats

File Path                                 PID  Runtime      # DAGs    # Errors  Last Runtime    Last Run
--------------------------------------  -----  ---------  --------  ----------  --------------  ----------
/opt/airflow/dags/pipeline_completo.py    168  0.03s             0           0
================================================================================
[2025-12-07T19:13:04.849+0000] {manager.py:878} INFO - 
================================================================================
DAG File Processing Stats

File Path                               PID    Runtime      # DAGs    # Errors  Last Runtime    Last Run
--------------------------------------  -----  ---------  --------  ----------  --------------  -------------------
/opt/airflow/dags/pipeline_completo.py                           1           0  0.36s           2025-12-07T19:12:34
================================================================================
[2025-12-07T19:13:35.415+0000] {manager.py:878} INFO - 
================================================================================
DAG File Processing Stats

File Path                                 PID  Runtime      # DAGs    # Errors  Last Runtime    Last Run
--------------------------------------  -----  ---------  --------  ----------  --------------  -------------------
/opt/airflow/dags/pipeline_completo.py    178  0.00s             1           0  0.15s           2025-12-07T19:13:05
================================================================================
[2025-12-07T19:14:05.790+0000] {manager.py:878} INFO - 
================================================================================
DAG File Processing Stats

File Path                                 PID  Runtime      # DAGs    # Errors  Last Runtime    Last Run
--------------------------------------  -----  ---------  --------  ----------  --------------  -------------------
/opt/airflow/dags/pipeline_completo.py    183  0.00s             1           0  0.15s           2025-12-07T19:13:35
================================================================================
[2025-12-07T19:14:36.074+0000] {manager.py:878} INFO - 
================================================================================
DAG File Processing Stats

File Path                                 PID  Runtime      # DAGs    # Errors  Last Runtime    Last Run
--------------------------------------  -----  ---------  --------  ----------  --------------  -------------------
/opt/airflow/dags/pipeline_completo.py    188  0.00s             1           0  0.12s           2025-12-07T19:14:05
================================================================================
[2025-12-07T19:15:06.350+0000] {manager.py:878} INFO - 
================================================================================
DAG File Processing Stats

File Path                                 PID  Runtime      # DAGs    # Errors  Last Runtime    Last Run
--------------------------------------  -----  ---------  --------  ----------  --------------  -------------------
/opt/airflow/dags/pipeline_completo.py    193  0.00s             1           0  0.13s           2025-12-07T19:14:36
================================================================================
[2025-12-07T19:15:36.741+0000] {manager.py:878} INFO - 
================================================================================
DAG File Processing Stats

File Path                                 PID  Runtime      # DAGs    # Errors  Last Runtime    Last Run
--------------------------------------  -----  ---------  --------  ----------  --------------  -------------------
/opt/airflow/dags/pipeline_completo.py    198  0.00s             1           0  0.13s           2025-12-07T19:15:06
================================================================================
[2025-12-07T19:16:07.105+0000] {manager.py:878} INFO - 
================================================================================
DAG File Processing Stats

File Path                                 PID  Runtime      # DAGs    # Errors  Last Runtime    Last Run
--------------------------------------  -----  ---------  --------  ----------  --------------  -------------------
/opt/airflow/dags/pipeline_completo.py    267  0.02s             1           0  0.14s           2025-12-07T19:15:36
================================================================================
[2025-12-07T19:16:07.579+0000] {manager.py:452} INFO - Exiting gracefully upon receiving signal 15
[2025-12-07T19:17:10.925+0000] {manager.py:470} INFO - Processing files using up to 2 processes at a time 
[2025-12-07T19:17:10.927+0000] {manager.py:471} INFO - Process each file at most once every 30 seconds
[2025-12-07T19:17:10.929+0000] {manager.py:472} INFO - Checking for new files in /opt/airflow/dags every 300 seconds
[2025-12-07T19:17:10.931+0000] {manager.py:737} INFO - Searching for files in /opt/airflow/dags
[2025-12-07T19:17:10.967+0000] {manager.py:740} INFO - There are 1 files in /opt/airflow/dags
[2025-12-07T19:17:11.440+0000] {manager.py:878} INFO - 
================================================================================
DAG File Processing Stats

File Path                                 PID  Runtime      # DAGs    # Errors  Last Runtime    Last Run
--------------------------------------  -----  ---------  --------  ----------  --------------  ----------
/opt/airflow/dags/pipeline_completo.py    168  0.06s             0           0
================================================================================
[2025-12-07T19:17:41.735+0000] {manager.py:878} INFO - 
================================================================================
DAG File Processing Stats

File Path                               PID    Runtime      # DAGs    # Errors  Last Runtime    Last Run
--------------------------------------  -----  ---------  --------  ----------  --------------  -------------------
/opt/airflow/dags/pipeline_completo.py                           1           0  0.55s           2025-12-07T19:17:11
================================================================================
[2025-12-07T19:18:12.500+0000] {manager.py:878} INFO - 
================================================================================
DAG File Processing Stats

File Path                                 PID  Runtime      # DAGs    # Errors  Last Runtime    Last Run
--------------------------------------  -----  ---------  --------  ----------  --------------  -------------------
/opt/airflow/dags/pipeline_completo.py    178  0.00s             1           0  0.15s           2025-12-07T19:17:42
================================================================================
[2025-12-07T19:18:42.876+0000] {manager.py:878} INFO - 
================================================================================
DAG File Processing Stats

File Path                                 PID  Runtime      # DAGs    # Errors  Last Runtime    Last Run
--------------------------------------  -----  ---------  --------  ----------  --------------  -------------------
/opt/airflow/dags/pipeline_completo.py    191  0.00s             1           0  0.16s           2025-12-07T19:18:12
================================================================================
[2025-12-07T19:19:13.251+0000] {manager.py:878} INFO - 
================================================================================
DAG File Processing Stats

File Path                                 PID  Runtime      # DAGs    # Errors  Last Runtime    Last Run
--------------------------------------  -----  ---------  --------  ----------  --------------  -------------------
/opt/airflow/dags/pipeline_completo.py    196  0.00s             1           0  0.16s           2025-12-07T19:18:43
================================================================================
[2025-12-07T19:19:43.713+0000] {manager.py:878} INFO - 
================================================================================
DAG File Processing Stats

File Path                                 PID  Runtime      # DAGs    # Errors  Last Runtime    Last Run
--------------------------------------  -----  ---------  --------  ----------  --------------  -------------------
/opt/airflow/dags/pipeline_completo.py    201  0.00s             1           0  0.12s           2025-12-07T19:19:13
================================================================================
[2025-12-07T19:20:11.112+0000] {manager.py:452} INFO - Exiting gracefully upon receiving signal 15
[2025-12-07T19:21:16.059+0000] {manager.py:470} INFO - Processing files using up to 2 processes at a time 
[2025-12-07T19:21:16.062+0000] {manager.py:471} INFO - Process each file at most once every 30 seconds
[2025-12-07T19:21:16.063+0000] {manager.py:472} INFO - Checking for new files in /opt/airflow/dags every 300 seconds
[2025-12-07T19:21:16.065+0000] {manager.py:737} INFO - Searching for files in /opt/airflow/dags
[2025-12-07T19:21:16.102+0000] {manager.py:740} INFO - There are 1 files in /opt/airflow/dags
[2025-12-07T19:21:16.468+0000] {manager.py:878} INFO - 
================================================================================
DAG File Processing Stats

File Path                                 PID  Runtime      # DAGs    # Errors  Last Runtime    Last Run
--------------------------------------  -----  ---------  --------  ----------  --------------  ----------
/opt/airflow/dags/pipeline_completo.py    168  0.05s             0           0
================================================================================
[2025-12-07T19:21:46.736+0000] {manager.py:878} INFO - 
================================================================================
DAG File Processing Stats

File Path                               PID    Runtime      # DAGs    # Errors  Last Runtime    Last Run
--------------------------------------  -----  ---------  --------  ----------  --------------  -------------------
/opt/airflow/dags/pipeline_completo.py                           1           0  0.39s           2025-12-07T19:21:16
================================================================================
[2025-12-07T19:22:16.761+0000] {manager.py:878} INFO - 
================================================================================
DAG File Processing Stats

File Path                               PID    Runtime      # DAGs    # Errors  Last Runtime    Last Run
--------------------------------------  -----  ---------  --------  ----------  --------------  -------------------
/opt/airflow/dags/pipeline_completo.py                           1           0  0.39s           2025-12-07T19:21:47
================================================================================
[2025-12-07T19:22:47.041+0000] {manager.py:878} INFO - 
================================================================================
DAG File Processing Stats

File Path                               PID    Runtime      # DAGs    # Errors  Last Runtime    Last Run
--------------------------------------  -----  ---------  --------  ----------  --------------  -------------------
/opt/airflow/dags/pipeline_completo.py                           1           0  0.17s           2025-12-07T19:22:17
================================================================================
[2025-12-07T19:23:17.471+0000] {manager.py:878} INFO - 
================================================================================
DAG File Processing Stats

File Path                               PID    Runtime      # DAGs    # Errors  Last Runtime    Last Run
--------------------------------------  -----  ---------  --------  ----------  --------------  -------------------
/opt/airflow/dags/pipeline_completo.py                           1           0  0.12s           2025-12-07T19:22:48
================================================================================
[2025-12-07T19:23:47.769+0000] {manager.py:878} INFO - 
================================================================================
DAG File Processing Stats

File Path                               PID    Runtime      # DAGs    # Errors  Last Runtime    Last Run
--------------------------------------  -----  ---------  --------  ----------  --------------  -------------------
/opt/airflow/dags/pipeline_completo.py                           1           0  0.13s           2025-12-07T19:23:18
================================================================================
[2025-12-07T19:24:18.119+0000] {manager.py:878} INFO - 
================================================================================
DAG File Processing Stats

File Path                               PID    Runtime      # DAGs    # Errors  Last Runtime    Last Run
--------------------------------------  -----  ---------  --------  ----------  --------------  -------------------
/opt/airflow/dags/pipeline_completo.py                           1           0  0.16s           2025-12-07T19:23:48
================================================================================
[2025-12-07T19:24:48.503+0000] {manager.py:878} INFO - 
================================================================================
DAG File Processing Stats

File Path                               PID    Runtime      # DAGs    # Errors  Last Runtime    Last Run
--------------------------------------  -----  ---------  --------  ----------  --------------  -------------------
/opt/airflow/dags/pipeline_completo.py                           1           0  0.18s           2025-12-07T19:24:19
================================================================================
[2025-12-07T19:25:18.860+0000] {manager.py:878} INFO - 
================================================================================
DAG File Processing Stats

File Path                               PID    Runtime      # DAGs    # Errors  Last Runtime    Last Run
--------------------------------------  -----  ---------  --------  ----------  --------------  -------------------
/opt/airflow/dags/pipeline_completo.py                           1           0  0.15s           2025-12-07T19:24:49
================================================================================
[2025-12-07T19:25:49.235+0000] {manager.py:878} INFO - 
================================================================================
DAG File Processing Stats

File Path                               PID    Runtime      # DAGs    # Errors  Last Runtime    Last Run
--------------------------------------  -----  ---------  --------  ----------  --------------  -------------------
/opt/airflow/dags/pipeline_completo.py                           1           0  0.13s           2025-12-07T19:25:20
================================================================================
[2025-12-07T19:26:16.502+0000] {manager.py:737} INFO - Searching for files in /opt/airflow/dags
[2025-12-07T19:26:16.533+0000] {manager.py:740} INFO - There are 1 files in /opt/airflow/dags
[2025-12-07T19:26:19.573+0000] {manager.py:878} INFO - 
================================================================================
DAG File Processing Stats

File Path                               PID    Runtime      # DAGs    # Errors  Last Runtime    Last Run
--------------------------------------  -----  ---------  --------  ----------  --------------  -------------------
/opt/airflow/dags/pipeline_completo.py                           1           0  0.12s           2025-12-07T19:25:50
================================================================================
[2025-12-07T19:26:49.874+0000] {manager.py:878} INFO - 
================================================================================
DAG File Processing Stats

File Path                               PID    Runtime      # DAGs    # Errors  Last Runtime    Last Run
--------------------------------------  -----  ---------  --------  ----------  --------------  -------------------
/opt/airflow/dags/pipeline_completo.py                           1           0  0.14s           2025-12-07T19:26:20
================================================================================
[2025-12-07T19:27:20.281+0000] {manager.py:878} INFO - 
================================================================================
DAG File Processing Stats

File Path                               PID    Runtime      # DAGs    # Errors  Last Runtime    Last Run
--------------------------------------  -----  ---------  --------  ----------  --------------  -------------------
/opt/airflow/dags/pipeline_completo.py                           1           0  0.13s           2025-12-07T19:26:51
================================================================================
[2025-12-07T19:27:50.610+0000] {manager.py:878} INFO - 
================================================================================
DAG File Processing Stats

File Path                               PID    Runtime      # DAGs    # Errors  Last Runtime    Last Run
--------------------------------------  -----  ---------  --------  ----------  --------------  -------------------
/opt/airflow/dags/pipeline_completo.py                           1           0  0.13s           2025-12-07T19:27:21
================================================================================
[2025-12-07T19:28:21.021+0000] {manager.py:878} INFO - 
================================================================================
DAG File Processing Stats

File Path                               PID    Runtime      # DAGs    # Errors  Last Runtime    Last Run
--------------------------------------  -----  ---------  --------  ----------  --------------  -------------------
/opt/airflow/dags/pipeline_completo.py                           1           0  0.12s           2025-12-07T19:27:51
================================================================================
[2025-12-07T19:28:51.269+0000] {manager.py:878} INFO - 
================================================================================
DAG File Processing Stats

File Path                               PID    Runtime      # DAGs    # Errors  Last Runtime    Last Run
--------------------------------------  -----  ---------  --------  ----------  --------------  -------------------
/opt/airflow/dags/pipeline_completo.py                           1           0  0.12s           2025-12-07T19:28:22
================================================================================
[2025-12-07T19:29:21.752+0000] {manager.py:878} INFO - 
================================================================================
DAG File Processing Stats

File Path                               PID    Runtime      # DAGs    # Errors  Last Runtime    Last Run
--------------------------------------  -----  ---------  --------  ----------  --------------  -------------------
/opt/airflow/dags/pipeline_completo.py                           1           0  0.13s           2025-12-07T19:28:52
================================================================================
[2025-12-07T19:29:52.150+0000] {manager.py:878} INFO - 
================================================================================
DAG File Processing Stats

File Path                               PID    Runtime      # DAGs    # Errors  Last Runtime    Last Run
--------------------------------------  -----  ---------  --------  ----------  --------------  -------------------
/opt/airflow/dags/pipeline_completo.py                           1           0  0.17s           2025-12-07T19:29:22
================================================================================
[2025-12-07T19:30:22.504+0000] {manager.py:878} INFO - 
================================================================================
DAG File Processing Stats

File Path                               PID    Runtime      # DAGs    # Errors  Last Runtime    Last Run
--------------------------------------  -----  ---------  --------  ----------  --------------  -------------------
/opt/airflow/dags/pipeline_completo.py                           1           0  0.14s           2025-12-07T19:29:53
================================================================================
[2025-12-07T19:30:42.146+0000] {manager.py:452} INFO - Exiting gracefully upon receiving signal 15
[2025-12-07T19:40:18.141+0000] {manager.py:470} INFO - Processing files using up to 2 processes at a time 
[2025-12-07T19:40:18.144+0000] {manager.py:471} INFO - Process each file at most once every 30 seconds
[2025-12-07T19:40:18.146+0000] {manager.py:472} INFO - Checking for new files in /opt/airflow/dags every 300 seconds
[2025-12-07T19:40:18.149+0000] {manager.py:737} INFO - Searching for files in /opt/airflow/dags
[2025-12-07T19:40:18.199+0000] {manager.py:740} INFO - There are 1 files in /opt/airflow/dags
[2025-12-07T19:40:18.697+0000] {manager.py:878} INFO - 
================================================================================
DAG File Processing Stats

File Path                                 PID  Runtime      # DAGs    # Errors  Last Runtime    Last Run
--------------------------------------  -----  ---------  --------  ----------  --------------  ----------
/opt/airflow/dags/pipeline_completo.py    168  0.05s             0           0
================================================================================
[2025-12-07T19:40:48.900+0000] {manager.py:878} INFO - 
================================================================================
DAG File Processing Stats

File Path                               PID    Runtime      # DAGs    # Errors  Last Runtime    Last Run
--------------------------------------  -----  ---------  --------  ----------  --------------  -------------------
/opt/airflow/dags/pipeline_completo.py                           1           0  0.50s           2025-12-07T19:40:19
================================================================================
[2025-12-07T19:41:18.952+0000] {manager.py:878} INFO - 
================================================================================
DAG File Processing Stats

File Path                               PID    Runtime      # DAGs    # Errors  Last Runtime    Last Run
--------------------------------------  -----  ---------  --------  ----------  --------------  -------------------
/opt/airflow/dags/pipeline_completo.py                           1           0  0.32s           2025-12-07T19:40:49
================================================================================
[2025-12-07T19:41:49.192+0000] {manager.py:878} INFO - 
================================================================================
DAG File Processing Stats

File Path                               PID    Runtime      # DAGs    # Errors  Last Runtime    Last Run
--------------------------------------  -----  ---------  --------  ----------  --------------  -------------------
/opt/airflow/dags/pipeline_completo.py                           1           0  0.28s           2025-12-07T19:41:20
================================================================================
[2025-12-07T19:42:19.680+0000] {manager.py:878} INFO - 
================================================================================
DAG File Processing Stats

File Path                               PID    Runtime      # DAGs    # Errors  Last Runtime    Last Run
--------------------------------------  -----  ---------  --------  ----------  --------------  -------------------
/opt/airflow/dags/pipeline_completo.py                           1           0  0.30s           2025-12-07T19:41:50
================================================================================
[2025-12-07T19:42:50.213+0000] {manager.py:878} INFO - 
================================================================================
DAG File Processing Stats

File Path                               PID    Runtime      # DAGs    # Errors  Last Runtime    Last Run
--------------------------------------  -----  ---------  --------  ----------  --------------  -------------------
/opt/airflow/dags/pipeline_completo.py                           1           0  0.13s           2025-12-07T19:42:21
================================================================================
[2025-12-07T19:42:55.682+0000] {manager.py:452} INFO - Exiting gracefully upon receiving signal 15
[2025-12-07T19:51:08.118+0000] {manager.py:470} INFO - Processing files using up to 2 processes at a time 
[2025-12-07T19:51:08.121+0000] {manager.py:471} INFO - Process each file at most once every 30 seconds
[2025-12-07T19:51:08.123+0000] {manager.py:472} INFO - Checking for new files in /opt/airflow/dags every 300 seconds
[2025-12-07T19:51:08.125+0000] {manager.py:737} INFO - Searching for files in /opt/airflow/dags
[2025-12-07T19:51:08.170+0000] {manager.py:740} INFO - There are 1 files in /opt/airflow/dags
[2025-12-07T19:51:08.643+0000] {manager.py:878} INFO - 
================================================================================
DAG File Processing Stats

File Path                                 PID  Runtime      # DAGs    # Errors  Last Runtime    Last Run
--------------------------------------  -----  ---------  --------  ----------  --------------  ----------
/opt/airflow/dags/pipeline_completo.py    168  0.04s             0           0
================================================================================
[2025-12-07T19:51:38.923+0000] {manager.py:878} INFO - 
================================================================================
DAG File Processing Stats

File Path                               PID    Runtime      # DAGs    # Errors  Last Runtime    Last Run
--------------------------------------  -----  ---------  --------  ----------  --------------  -------------------
/opt/airflow/dags/pipeline_completo.py                           1           0  0.41s           2025-12-07T19:51:09
================================================================================
[2025-12-07T19:52:09.087+0000] {manager.py:878} INFO - 
================================================================================
DAG File Processing Stats

File Path                               PID    Runtime      # DAGs    # Errors  Last Runtime    Last Run
--------------------------------------  -----  ---------  --------  ----------  --------------  -------------------
/opt/airflow/dags/pipeline_completo.py                           1           0  0.50s           2025-12-07T19:51:39
================================================================================
[2025-12-07T19:52:39.350+0000] {manager.py:878} INFO - 
================================================================================
DAG File Processing Stats

File Path                               PID    Runtime      # DAGs    # Errors  Last Runtime    Last Run
--------------------------------------  -----  ---------  --------  ----------  --------------  -------------------
/opt/airflow/dags/pipeline_completo.py                           1           0  0.37s           2025-12-07T19:52:10
================================================================================
[2025-12-07T19:53:09.907+0000] {manager.py:878} INFO - 
================================================================================
DAG File Processing Stats

File Path                               PID    Runtime      # DAGs    # Errors  Last Runtime    Last Run
--------------------------------------  -----  ---------  --------  ----------  --------------  -------------------
/opt/airflow/dags/pipeline_completo.py                           1           0  0.28s           2025-12-07T19:52:40
================================================================================
[2025-12-07T19:53:40.476+0000] {manager.py:878} INFO - 
================================================================================
DAG File Processing Stats

File Path                               PID    Runtime      # DAGs    # Errors  Last Runtime    Last Run
--------------------------------------  -----  ---------  --------  ----------  --------------  -------------------
/opt/airflow/dags/pipeline_completo.py                           1           0  0.13s           2025-12-07T19:53:11
================================================================================
[2025-12-07T19:54:10.786+0000] {manager.py:878} INFO - 
================================================================================
DAG File Processing Stats

File Path                               PID    Runtime      # DAGs    # Errors  Last Runtime    Last Run
--------------------------------------  -----  ---------  --------  ----------  --------------  -------------------
/opt/airflow/dags/pipeline_completo.py                           1           0  0.14s           2025-12-07T19:53:41
================================================================================
[2025-12-07T19:54:41.034+0000] {manager.py:878} INFO - 
================================================================================
DAG File Processing Stats

File Path                               PID    Runtime      # DAGs    # Errors  Last Runtime    Last Run
--------------------------------------  -----  ---------  --------  ----------  --------------  -------------------
/opt/airflow/dags/pipeline_completo.py                           1           0  0.12s           2025-12-07T19:54:11
================================================================================
[2025-12-07T19:55:10.681+0000] {manager.py:452} INFO - Exiting gracefully upon receiving signal 15
[2025-12-07T20:00:22.908+0000] {manager.py:470} INFO - Processing files using up to 2 processes at a time 
[2025-12-07T20:00:22.911+0000] {manager.py:471} INFO - Process each file at most once every 30 seconds
[2025-12-07T20:00:22.914+0000] {manager.py:472} INFO - Checking for new files in /opt/airflow/dags every 300 seconds
[2025-12-07T20:00:22.916+0000] {manager.py:737} INFO - Searching for files in /opt/airflow/dags
[2025-12-07T20:00:22.957+0000] {manager.py:740} INFO - There are 1 files in /opt/airflow/dags
[2025-12-07T20:00:23.401+0000] {manager.py:878} INFO - 
================================================================================
DAG File Processing Stats

File Path                                 PID  Runtime      # DAGs    # Errors  Last Runtime    Last Run
--------------------------------------  -----  ---------  --------  ----------  --------------  ----------
/opt/airflow/dags/pipeline_completo.py    168  0.04s             0           0
================================================================================
[2025-12-07T20:00:53.732+0000] {manager.py:878} INFO - 
================================================================================
DAG File Processing Stats

File Path                               PID    Runtime      # DAGs    # Errors  Last Runtime    Last Run
--------------------------------------  -----  ---------  --------  ----------  --------------  -------------------
/opt/airflow/dags/pipeline_completo.py                           1           0  0.48s           2025-12-07T20:00:23
================================================================================
[2025-12-07T20:01:23.753+0000] {manager.py:878} INFO - 
================================================================================
DAG File Processing Stats

File Path                               PID    Runtime      # DAGs    # Errors  Last Runtime    Last Run
--------------------------------------  -----  ---------  --------  ----------  --------------  -------------------
/opt/airflow/dags/pipeline_completo.py                           1           0  0.38s           2025-12-07T20:00:54
================================================================================
[2025-12-07T20:01:53.994+0000] {manager.py:878} INFO - 
================================================================================
DAG File Processing Stats

File Path                               PID    Runtime      # DAGs    # Errors  Last Runtime    Last Run
--------------------------------------  -----  ---------  --------  ----------  --------------  -------------------
/opt/airflow/dags/pipeline_completo.py                           1           0  0.34s           2025-12-07T20:01:25
================================================================================
[2025-12-07T20:02:24.053+0000] {manager.py:878} INFO - 
================================================================================
DAG File Processing Stats

File Path                               PID    Runtime      # DAGs    # Errors  Last Runtime    Last Run
--------------------------------------  -----  ---------  --------  ----------  --------------  -------------------
/opt/airflow/dags/pipeline_completo.py                           1           0  0.56s           2025-12-07T20:01:55
================================================================================
[2025-12-07T20:02:54.284+0000] {manager.py:878} INFO - 
================================================================================
DAG File Processing Stats

File Path                               PID    Runtime      # DAGs    # Errors  Last Runtime    Last Run
--------------------------------------  -----  ---------  --------  ----------  --------------  -------------------
/opt/airflow/dags/pipeline_completo.py                           1           0  0.14s           2025-12-07T20:02:26
================================================================================
[2025-12-07T20:03:24.582+0000] {manager.py:878} INFO - 
================================================================================
DAG File Processing Stats

File Path                               PID    Runtime      # DAGs    # Errors  Last Runtime    Last Run
--------------------------------------  -----  ---------  --------  ----------  --------------  -------------------
/opt/airflow/dags/pipeline_completo.py                           1           0  0.16s           2025-12-07T20:02:56
================================================================================
[2025-12-07T20:03:54.861+0000] {manager.py:878} INFO - 
================================================================================
DAG File Processing Stats

File Path                               PID    Runtime      # DAGs    # Errors  Last Runtime    Last Run
--------------------------------------  -----  ---------  --------  ----------  --------------  -------------------
/opt/airflow/dags/pipeline_completo.py                           1           0  0.14s           2025-12-07T20:03:26
================================================================================
[2025-12-07T20:04:25.136+0000] {manager.py:878} INFO - 
================================================================================
DAG File Processing Stats

File Path                               PID    Runtime      # DAGs    # Errors  Last Runtime    Last Run
--------------------------------------  -----  ---------  --------  ----------  --------------  -------------------
/opt/airflow/dags/pipeline_completo.py                           1           0  0.14s           2025-12-07T20:03:57
================================================================================
[2025-12-07T20:04:55.472+0000] {manager.py:878} INFO - 
================================================================================
DAG File Processing Stats

File Path                               PID    Runtime      # DAGs    # Errors  Last Runtime    Last Run
--------------------------------------  -----  ---------  --------  ----------  --------------  -------------------
/opt/airflow/dags/pipeline_completo.py                           1           0  0.12s           2025-12-07T20:04:27
================================================================================
[2025-12-07T20:05:23.712+0000] {manager.py:737} INFO - Searching for files in /opt/airflow/dags
[2025-12-07T20:05:23.745+0000] {manager.py:740} INFO - There are 1 files in /opt/airflow/dags
[2025-12-07T20:05:25.799+0000] {manager.py:878} INFO - 
================================================================================
DAG File Processing Stats

File Path                               PID    Runtime      # DAGs    # Errors  Last Runtime    Last Run
--------------------------------------  -----  ---------  --------  ----------  --------------  -------------------
/opt/airflow/dags/pipeline_completo.py                           1           0  0.16s           2025-12-07T20:04:57
================================================================================
[2025-12-07T20:05:56.137+0000] {manager.py:878} INFO - 
================================================================================
DAG File Processing Stats

File Path                               PID    Runtime      # DAGs    # Errors  Last Runtime    Last Run
--------------------------------------  -----  ---------  --------  ----------  --------------  -------------------
/opt/airflow/dags/pipeline_completo.py                           1           0  0.13s           2025-12-07T20:05:27
================================================================================
[2025-12-07T20:06:26.393+0000] {manager.py:878} INFO - 
================================================================================
DAG File Processing Stats

File Path                               PID    Runtime      # DAGs    # Errors  Last Runtime    Last Run
--------------------------------------  -----  ---------  --------  ----------  --------------  -------------------
/opt/airflow/dags/pipeline_completo.py                           1           0  0.17s           2025-12-07T20:05:58
================================================================================
[2025-12-07T20:06:56.766+0000] {manager.py:878} INFO - 
================================================================================
DAG File Processing Stats

File Path                               PID    Runtime      # DAGs    # Errors  Last Runtime    Last Run
--------------------------------------  -----  ---------  --------  ----------  --------------  -------------------
/opt/airflow/dags/pipeline_completo.py                           1           0  0.14s           2025-12-07T20:06:28
================================================================================
[2025-12-07T20:07:27.045+0000] {manager.py:878} INFO - 
================================================================================
DAG File Processing Stats

File Path                               PID    Runtime      # DAGs    # Errors  Last Runtime    Last Run
--------------------------------------  -----  ---------  --------  ----------  --------------  -------------------
/opt/airflow/dags/pipeline_completo.py                           1           0  0.13s           2025-12-07T20:06:58
================================================================================
[2025-12-07T20:07:57.358+0000] {manager.py:878} INFO - 
================================================================================
DAG File Processing Stats

File Path                               PID    Runtime      # DAGs    # Errors  Last Runtime    Last Run
--------------------------------------  -----  ---------  --------  ----------  --------------  -------------------
/opt/airflow/dags/pipeline_completo.py                           1           0  0.13s           2025-12-07T20:07:29
================================================================================
[2025-12-07T20:08:27.613+0000] {manager.py:878} INFO - 
================================================================================
DAG File Processing Stats

File Path                               PID    Runtime      # DAGs    # Errors  Last Runtime    Last Run
--------------------------------------  -----  ---------  --------  ----------  --------------  -------------------
/opt/airflow/dags/pipeline_completo.py                           1           0  0.13s           2025-12-07T20:07:59
================================================================================
[2025-12-07T20:08:57.962+0000] {manager.py:878} INFO - 
================================================================================
DAG File Processing Stats

File Path                               PID    Runtime      # DAGs    # Errors  Last Runtime    Last Run
--------------------------------------  -----  ---------  --------  ----------  --------------  -------------------
/opt/airflow/dags/pipeline_completo.py                           1           0  0.14s           2025-12-07T20:08:29
================================================================================
[2025-12-07T20:09:28.186+0000] {manager.py:878} INFO - 
================================================================================
DAG File Processing Stats

File Path                               PID    Runtime      # DAGs    # Errors  Last Runtime    Last Run
--------------------------------------  -----  ---------  --------  ----------  --------------  -------------------
/opt/airflow/dags/pipeline_completo.py                           1           0  0.15s           2025-12-07T20:09:00
================================================================================
[2025-12-07T20:09:35.800+0000] {manager.py:452} INFO - Exiting gracefully upon receiving signal 15
[2025-12-07T20:14:03.287+0000] {manager.py:470} INFO - Processing files using up to 2 processes at a time 
[2025-12-07T20:14:03.293+0000] {manager.py:471} INFO - Process each file at most once every 30 seconds
[2025-12-07T20:14:03.296+0000] {manager.py:472} INFO - Checking for new files in /opt/airflow/dags every 300 seconds
[2025-12-07T20:14:03.301+0000] {manager.py:737} INFO - Searching for files in /opt/airflow/dags
[2025-12-07T20:14:03.344+0000] {manager.py:740} INFO - There are 1 files in /opt/airflow/dags
[2025-12-07T20:14:03.957+0000] {manager.py:878} INFO - 
================================================================================
DAG File Processing Stats

File Path                                 PID  Runtime      # DAGs    # Errors  Last Runtime    Last Run
--------------------------------------  -----  ---------  --------  ----------  --------------  ----------
/opt/airflow/dags/pipeline_completo.py    167  0.06s             0           0
================================================================================
[2025-12-07T20:14:34.247+0000] {manager.py:878} INFO - 
================================================================================
DAG File Processing Stats

File Path                               PID    Runtime      # DAGs    # Errors  Last Runtime    Last Run
--------------------------------------  -----  ---------  --------  ----------  --------------  -------------------
/opt/airflow/dags/pipeline_completo.py                           1           0  0.56s           2025-12-07T20:14:04
================================================================================
[2025-12-07T20:15:04.468+0000] {manager.py:878} INFO - 
================================================================================
DAG File Processing Stats

File Path                               PID    Runtime      # DAGs    # Errors  Last Runtime    Last Run
--------------------------------------  -----  ---------  --------  ----------  --------------  -------------------
/opt/airflow/dags/pipeline_completo.py                           1           0  0.45s           2025-12-07T20:14:35
================================================================================
[2025-12-07T20:15:34.685+0000] {manager.py:878} INFO - 
================================================================================
DAG File Processing Stats

File Path                               PID    Runtime      # DAGs    # Errors  Last Runtime    Last Run
--------------------------------------  -----  ---------  --------  ----------  --------------  -------------------
/opt/airflow/dags/pipeline_completo.py                           1           0  0.45s           2025-12-07T20:15:05
================================================================================
[2025-12-07T20:16:05.375+0000] {manager.py:878} INFO - 
================================================================================
DAG File Processing Stats

File Path                               PID    Runtime      # DAGs    # Errors  Last Runtime    Last Run
--------------------------------------  -----  ---------  --------  ----------  --------------  -------------------
/opt/airflow/dags/pipeline_completo.py                           1           0  0.26s           2025-12-07T20:15:36
================================================================================
[2025-12-07T20:16:35.855+0000] {manager.py:878} INFO - 
================================================================================
DAG File Processing Stats

File Path                               PID    Runtime      # DAGs    # Errors  Last Runtime    Last Run
--------------------------------------  -----  ---------  --------  ----------  --------------  -------------------
/opt/airflow/dags/pipeline_completo.py                           1           0  0.18s           2025-12-07T20:16:06
================================================================================
[2025-12-07T20:17:06.252+0000] {manager.py:878} INFO - 
================================================================================
DAG File Processing Stats

File Path                               PID    Runtime      # DAGs    # Errors  Last Runtime    Last Run
--------------------------------------  -----  ---------  --------  ----------  --------------  -------------------
/opt/airflow/dags/pipeline_completo.py                           1           0  0.15s           2025-12-07T20:16:37
================================================================================
[2025-12-07T20:17:36.521+0000] {manager.py:878} INFO - 
================================================================================
DAG File Processing Stats

File Path                               PID    Runtime      # DAGs    # Errors  Last Runtime    Last Run
--------------------------------------  -----  ---------  --------  ----------  --------------  -------------------
/opt/airflow/dags/pipeline_completo.py                           1           0  0.17s           2025-12-07T20:17:07
================================================================================
[2025-12-07T20:18:07.039+0000] {manager.py:878} INFO - 
================================================================================
DAG File Processing Stats

File Path                               PID    Runtime      # DAGs    # Errors  Last Runtime    Last Run
--------------------------------------  -----  ---------  --------  ----------  --------------  -------------------
/opt/airflow/dags/pipeline_completo.py                           1           0  0.16s           2025-12-07T20:17:37
================================================================================
[2025-12-07T20:18:37.560+0000] {manager.py:878} INFO - 
================================================================================
DAG File Processing Stats

File Path                               PID    Runtime      # DAGs    # Errors  Last Runtime    Last Run
--------------------------------------  -----  ---------  --------  ----------  --------------  -------------------
/opt/airflow/dags/pipeline_completo.py                           1           0  0.24s           2025-12-07T20:18:08
================================================================================
[2025-12-07T20:19:04.093+0000] {manager.py:737} INFO - Searching for files in /opt/airflow/dags
[2025-12-07T20:19:04.369+0000] {manager.py:740} INFO - There are 1 files in /opt/airflow/dags
[2025-12-07T20:19:08.491+0000] {manager.py:878} INFO - 
================================================================================
DAG File Processing Stats

File Path                               PID    Runtime      # DAGs    # Errors  Last Runtime    Last Run
--------------------------------------  -----  ---------  --------  ----------  --------------  -------------------
/opt/airflow/dags/pipeline_completo.py                           1           0  0.34s           2025-12-07T20:18:38
================================================================================
[2025-12-07T20:19:39.061+0000] {manager.py:878} INFO - 
================================================================================
DAG File Processing Stats

File Path                               PID    Runtime      # DAGs    # Errors  Last Runtime    Last Run
--------------------------------------  -----  ---------  --------  ----------  --------------  -------------------
/opt/airflow/dags/pipeline_completo.py                           1           0  0.31s           2025-12-07T20:19:09
================================================================================
[2025-12-07T20:20:09.838+0000] {manager.py:878} INFO - 
================================================================================
DAG File Processing Stats

File Path                               PID    Runtime      # DAGs    # Errors  Last Runtime    Last Run
--------------------------------------  -----  ---------  --------  ----------  --------------  -------------------
/opt/airflow/dags/pipeline_completo.py                           1           0  0.31s           2025-12-07T20:19:40
================================================================================
[2025-12-07T20:20:40.292+0000] {manager.py:878} INFO - 
================================================================================
DAG File Processing Stats

File Path                               PID    Runtime      # DAGs    # Errors  Last Runtime    Last Run
--------------------------------------  -----  ---------  --------  ----------  --------------  -------------------
/opt/airflow/dags/pipeline_completo.py                           1           0  0.29s           2025-12-07T20:20:11
================================================================================
[2025-12-07T20:21:11.096+0000] {manager.py:878} INFO - 
================================================================================
DAG File Processing Stats

File Path                               PID    Runtime      # DAGs    # Errors  Last Runtime    Last Run
--------------------------------------  -----  ---------  --------  ----------  --------------  -------------------
/opt/airflow/dags/pipeline_completo.py                           1           0  0.44s           2025-12-07T20:20:41
================================================================================
[2025-12-07T20:21:41.552+0000] {manager.py:878} INFO - 
================================================================================
DAG File Processing Stats

File Path                               PID    Runtime      # DAGs    # Errors  Last Runtime    Last Run
--------------------------------------  -----  ---------  --------  ----------  --------------  -------------------
/opt/airflow/dags/pipeline_completo.py                           1           0  0.32s           2025-12-07T20:21:12
================================================================================
[2025-12-07T20:22:11.838+0000] {manager.py:878} INFO - 
================================================================================
DAG File Processing Stats

File Path                               PID    Runtime      # DAGs    # Errors  Last Runtime    Last Run
--------------------------------------  -----  ---------  --------  ----------  --------------  -------------------
/opt/airflow/dags/pipeline_completo.py                           1           0  0.16s           2025-12-07T20:21:42
================================================================================
[2025-12-07T20:22:42.195+0000] {manager.py:878} INFO - 
================================================================================
DAG File Processing Stats

File Path                               PID    Runtime      # DAGs    # Errors  Last Runtime    Last Run
--------------------------------------  -----  ---------  --------  ----------  --------------  -------------------
/opt/airflow/dags/pipeline_completo.py                           1           0  0.18s           2025-12-07T20:22:13
================================================================================
[2025-12-07T20:23:12.526+0000] {manager.py:878} INFO - 
================================================================================
DAG File Processing Stats

File Path                               PID    Runtime      # DAGs    # Errors  Last Runtime    Last Run
--------------------------------------  -----  ---------  --------  ----------  --------------  -------------------
/opt/airflow/dags/pipeline_completo.py                           1           0  0.15s           2025-12-07T20:22:43
================================================================================
[2025-12-07T20:23:42.828+0000] {manager.py:878} INFO - 
================================================================================
DAG File Processing Stats

File Path                               PID    Runtime      # DAGs    # Errors  Last Runtime    Last Run
--------------------------------------  -----  ---------  --------  ----------  --------------  -------------------
/opt/airflow/dags/pipeline_completo.py                           1           0  0.13s           2025-12-07T20:23:13
================================================================================
[2025-12-07T20:24:04.186+0000] {manager.py:737} INFO - Searching for files in /opt/airflow/dags
[2025-12-07T20:24:04.485+0000] {manager.py:740} INFO - There are 1 files in /opt/airflow/dags
[2025-12-07T20:24:13.184+0000] {manager.py:878} INFO - 
================================================================================
DAG File Processing Stats

File Path                               PID    Runtime      # DAGs    # Errors  Last Runtime    Last Run
--------------------------------------  -----  ---------  --------  ----------  --------------  -------------------
/opt/airflow/dags/pipeline_completo.py                           1           0  0.19s           2025-12-07T20:23:44
================================================================================
[2025-12-07T20:24:43.458+0000] {manager.py:878} INFO - 
================================================================================
DAG File Processing Stats

File Path                               PID    Runtime      # DAGs    # Errors  Last Runtime    Last Run
--------------------------------------  -----  ---------  --------  ----------  --------------  -------------------
/opt/airflow/dags/pipeline_completo.py                           1           0  0.18s           2025-12-07T20:24:14
================================================================================
[2025-12-07T20:25:13.906+0000] {manager.py:878} INFO - 
================================================================================
DAG File Processing Stats

File Path                               PID    Runtime      # DAGs    # Errors  Last Runtime    Last Run
--------------------------------------  -----  ---------  --------  ----------  --------------  -------------------
/opt/airflow/dags/pipeline_completo.py                           1           0  0.18s           2025-12-07T20:24:44
================================================================================
[2025-12-07T20:25:44.271+0000] {manager.py:878} INFO - 
================================================================================
DAG File Processing Stats

File Path                               PID    Runtime      # DAGs    # Errors  Last Runtime    Last Run
--------------------------------------  -----  ---------  --------  ----------  --------------  -------------------
/opt/airflow/dags/pipeline_completo.py                           1           0  0.34s           2025-12-07T20:25:15
================================================================================
[2025-12-07T20:26:14.301+0000] {manager.py:878} INFO - 
================================================================================
DAG File Processing Stats

File Path                               PID    Runtime      # DAGs    # Errors  Last Runtime    Last Run
--------------------------------------  -----  ---------  --------  ----------  --------------  -------------------
/opt/airflow/dags/pipeline_completo.py                           1           0  0.46s           2025-12-07T20:25:46
================================================================================
[2025-12-07T20:26:44.566+0000] {manager.py:878} INFO - 
================================================================================
DAG File Processing Stats

File Path                               PID    Runtime      # DAGs    # Errors  Last Runtime    Last Run
--------------------------------------  -----  ---------  --------  ----------  --------------  -------------------
/opt/airflow/dags/pipeline_completo.py                           1           0  0.20s           2025-12-07T20:26:16
================================================================================
[2025-12-07T20:27:14.820+0000] {manager.py:878} INFO - 
================================================================================
DAG File Processing Stats

File Path                               PID    Runtime      # DAGs    # Errors  Last Runtime    Last Run
--------------------------------------  -----  ---------  --------  ----------  --------------  -------------------
/opt/airflow/dags/pipeline_completo.py                           1           0  0.15s           2025-12-07T20:26:46
================================================================================
[2025-12-07T20:27:45.211+0000] {manager.py:878} INFO - 
================================================================================
DAG File Processing Stats

File Path                               PID    Runtime      # DAGs    # Errors  Last Runtime    Last Run
--------------------------------------  -----  ---------  --------  ----------  --------------  -------------------
/opt/airflow/dags/pipeline_completo.py                           1           0  0.16s           2025-12-07T20:27:17
================================================================================
[2025-12-07T20:28:15.515+0000] {manager.py:878} INFO - 
================================================================================
DAG File Processing Stats

File Path                               PID    Runtime      # DAGs    # Errors  Last Runtime    Last Run
--------------------------------------  -----  ---------  --------  ----------  --------------  -------------------
/opt/airflow/dags/pipeline_completo.py                           1           0  0.16s           2025-12-07T20:27:47
================================================================================
[2025-12-07T20:28:45.867+0000] {manager.py:878} INFO - 
================================================================================
DAG File Processing Stats

File Path                               PID    Runtime      # DAGs    # Errors  Last Runtime    Last Run
--------------------------------------  -----  ---------  --------  ----------  --------------  -------------------
/opt/airflow/dags/pipeline_completo.py                           1           0  0.16s           2025-12-07T20:28:17
================================================================================
[2025-12-07T20:29:04.220+0000] {manager.py:737} INFO - Searching for files in /opt/airflow/dags
[2025-12-07T20:29:04.275+0000] {manager.py:740} INFO - There are 1 files in /opt/airflow/dags
[2025-12-07T20:29:16.199+0000] {manager.py:878} INFO - 
================================================================================
DAG File Processing Stats

File Path                               PID    Runtime      # DAGs    # Errors  Last Runtime    Last Run
--------------------------------------  -----  ---------  --------  ----------  --------------  -------------------
/opt/airflow/dags/pipeline_completo.py                           1           0  0.20s           2025-12-07T20:28:48
================================================================================
[2025-12-07T20:29:46.707+0000] {manager.py:878} INFO - 
================================================================================
DAG File Processing Stats

File Path                               PID    Runtime      # DAGs    # Errors  Last Runtime    Last Run
--------------------------------------  -----  ---------  --------  ----------  --------------  -------------------
/opt/airflow/dags/pipeline_completo.py                           1           0  0.16s           2025-12-07T20:29:18
================================================================================
[2025-12-07T20:30:17.011+0000] {manager.py:878} INFO - 
================================================================================
DAG File Processing Stats

File Path                               PID    Runtime      # DAGs    # Errors  Last Runtime    Last Run
--------------------------------------  -----  ---------  --------  ----------  --------------  -------------------
/opt/airflow/dags/pipeline_completo.py                           1           0  0.15s           2025-12-07T20:29:48
================================================================================
[2025-12-07T20:30:47.325+0000] {manager.py:878} INFO - 
================================================================================
DAG File Processing Stats

File Path                               PID    Runtime      # DAGs    # Errors  Last Runtime    Last Run
--------------------------------------  -----  ---------  --------  ----------  --------------  -------------------
/opt/airflow/dags/pipeline_completo.py                           1           0  0.15s           2025-12-07T20:30:19
================================================================================
[2025-12-07T20:31:17.662+0000] {manager.py:878} INFO - 
================================================================================
DAG File Processing Stats

File Path                               PID    Runtime      # DAGs    # Errors  Last Runtime    Last Run
--------------------------------------  -----  ---------  --------  ----------  --------------  -------------------
/opt/airflow/dags/pipeline_completo.py                           1           0  0.18s           2025-12-07T20:30:49
================================================================================
[2025-12-07T20:31:48.025+0000] {manager.py:878} INFO - 
================================================================================
DAG File Processing Stats

File Path                               PID    Runtime      # DAGs    # Errors  Last Runtime    Last Run
--------------------------------------  -----  ---------  --------  ----------  --------------  -------------------
/opt/airflow/dags/pipeline_completo.py                           1           0  0.16s           2025-12-07T20:31:19
================================================================================
[2025-12-07T20:32:18.322+0000] {manager.py:878} INFO - 
================================================================================
DAG File Processing Stats

File Path                               PID    Runtime      # DAGs    # Errors  Last Runtime    Last Run
--------------------------------------  -----  ---------  --------  ----------  --------------  -------------------
/opt/airflow/dags/pipeline_completo.py                           1           0  0.18s           2025-12-07T20:31:50
================================================================================
[2025-12-07T20:32:48.723+0000] {manager.py:878} INFO - 
================================================================================
DAG File Processing Stats

File Path                               PID    Runtime      # DAGs    # Errors  Last Runtime    Last Run
--------------------------------------  -----  ---------  --------  ----------  --------------  -------------------
/opt/airflow/dags/pipeline_completo.py                           1           0  0.18s           2025-12-07T20:32:20
================================================================================
[2025-12-07T20:33:19.025+0000] {manager.py:878} INFO - 
================================================================================
DAG File Processing Stats

File Path                               PID    Runtime      # DAGs    # Errors  Last Runtime    Last Run
--------------------------------------  -----  ---------  --------  ----------  --------------  -------------------
/opt/airflow/dags/pipeline_completo.py                           1           0  0.19s           2025-12-07T20:32:50
================================================================================
[2025-12-07T20:33:49.314+0000] {manager.py:878} INFO - 
================================================================================
DAG File Processing Stats

File Path                               PID    Runtime      # DAGs    # Errors  Last Runtime    Last Run
--------------------------------------  -----  ---------  --------  ----------  --------------  -------------------
/opt/airflow/dags/pipeline_completo.py                           1           0  0.15s           2025-12-07T20:33:21
================================================================================
[2025-12-07T20:34:04.553+0000] {manager.py:737} INFO - Searching for files in /opt/airflow/dags
[2025-12-07T20:34:04.621+0000] {manager.py:740} INFO - There are 1 files in /opt/airflow/dags
[2025-12-07T20:34:19.784+0000] {manager.py:878} INFO - 
================================================================================
DAG File Processing Stats

File Path                               PID    Runtime      # DAGs    # Errors  Last Runtime    Last Run
--------------------------------------  -----  ---------  --------  ----------  --------------  -------------------
/opt/airflow/dags/pipeline_completo.py                           1           0  0.23s           2025-12-07T20:33:51
================================================================================
[2025-12-07T20:34:50.039+0000] {manager.py:878} INFO - 
================================================================================
DAG File Processing Stats

File Path                               PID    Runtime      # DAGs    # Errors  Last Runtime    Last Run
--------------------------------------  -----  ---------  --------  ----------  --------------  -------------------
/opt/airflow/dags/pipeline_completo.py                           1           0  0.17s           2025-12-07T20:34:21
================================================================================
[2025-12-07T20:35:20.410+0000] {manager.py:878} INFO - 
================================================================================
DAG File Processing Stats

File Path                               PID    Runtime      # DAGs    # Errors  Last Runtime    Last Run
--------------------------------------  -----  ---------  --------  ----------  --------------  -------------------
/opt/airflow/dags/pipeline_completo.py                           1           0  0.16s           2025-12-07T20:34:52
================================================================================
[2025-12-07T20:35:50.778+0000] {manager.py:878} INFO - 
================================================================================
DAG File Processing Stats

File Path                               PID    Runtime      # DAGs    # Errors  Last Runtime    Last Run
--------------------------------------  -----  ---------  --------  ----------  --------------  -------------------
/opt/airflow/dags/pipeline_completo.py                           1           0  0.33s           2025-12-07T20:35:22
================================================================================
[2025-12-07T20:36:21.417+0000] {manager.py:878} INFO - 
================================================================================
DAG File Processing Stats

File Path                               PID    Runtime      # DAGs    # Errors  Last Runtime    Last Run
--------------------------------------  -----  ---------  --------  ----------  --------------  -------------------
/opt/airflow/dags/pipeline_completo.py                           1           0  0.20s           2025-12-07T20:35:53
================================================================================
[2025-12-07T20:36:51.855+0000] {manager.py:878} INFO - 
================================================================================
DAG File Processing Stats

File Path                               PID    Runtime      # DAGs    # Errors  Last Runtime    Last Run
--------------------------------------  -----  ---------  --------  ----------  --------------  -------------------
/opt/airflow/dags/pipeline_completo.py                           1           0  0.18s           2025-12-07T20:36:23
================================================================================
[2025-12-07T20:37:22.117+0000] {manager.py:878} INFO - 
================================================================================
DAG File Processing Stats

File Path                               PID    Runtime      # DAGs    # Errors  Last Runtime    Last Run
--------------------------------------  -----  ---------  --------  ----------  --------------  -------------------
/opt/airflow/dags/pipeline_completo.py                           1           0  0.18s           2025-12-07T20:36:54
================================================================================
[2025-12-07T20:37:52.502+0000] {manager.py:878} INFO - 
================================================================================
DAG File Processing Stats

File Path                               PID    Runtime      # DAGs    # Errors  Last Runtime    Last Run
--------------------------------------  -----  ---------  --------  ----------  --------------  -------------------
/opt/airflow/dags/pipeline_completo.py                           1           0  0.18s           2025-12-07T20:37:24
================================================================================
[2025-12-07T20:39:01.235+0000] {manager.py:878} INFO - 
================================================================================
DAG File Processing Stats

File Path                               PID    Runtime      # DAGs    # Errors  Last Runtime    Last Run
--------------------------------------  -----  ---------  --------  ----------  --------------  -------------------
/opt/airflow/dags/pipeline_completo.py                           1           0  0.14s           2025-12-07T20:38:39
================================================================================
[2025-12-07T20:39:05.256+0000] {manager.py:737} INFO - Searching for files in /opt/airflow/dags
[2025-12-07T20:39:05.282+0000] {manager.py:740} INFO - There are 1 files in /opt/airflow/dags
[2025-12-07T20:39:31.481+0000] {manager.py:878} INFO - 
================================================================================
DAG File Processing Stats

File Path                               PID    Runtime      # DAGs    # Errors  Last Runtime    Last Run
--------------------------------------  -----  ---------  --------  ----------  --------------  -------------------
/opt/airflow/dags/pipeline_completo.py                           1           0  0.13s           2025-12-07T20:39:09
================================================================================
[2025-12-07T20:40:01.904+0000] {manager.py:878} INFO - 
================================================================================
DAG File Processing Stats

File Path                               PID    Runtime      # DAGs    # Errors  Last Runtime    Last Run
--------------------------------------  -----  ---------  --------  ----------  --------------  -------------------
/opt/airflow/dags/pipeline_completo.py                           1           0  0.14s           2025-12-07T20:39:39
================================================================================
[2025-12-07T20:40:32.218+0000] {manager.py:878} INFO - 
================================================================================
DAG File Processing Stats

File Path                               PID    Runtime      # DAGs    # Errors  Last Runtime    Last Run
--------------------------------------  -----  ---------  --------  ----------  --------------  -------------------
/opt/airflow/dags/pipeline_completo.py                           1           0  0.12s           2025-12-07T20:40:10
================================================================================
[2025-12-07T20:41:02.476+0000] {manager.py:878} INFO - 
================================================================================
DAG File Processing Stats

File Path                               PID    Runtime      # DAGs    # Errors  Last Runtime    Last Run
--------------------------------------  -----  ---------  --------  ----------  --------------  -------------------
/opt/airflow/dags/pipeline_completo.py                           1           0  0.12s           2025-12-07T20:40:40
================================================================================
[2025-12-07T20:41:32.834+0000] {manager.py:878} INFO - 
================================================================================
DAG File Processing Stats

File Path                               PID    Runtime      # DAGs    # Errors  Last Runtime    Last Run
--------------------------------------  -----  ---------  --------  ----------  --------------  -------------------
/opt/airflow/dags/pipeline_completo.py                           1           0  0.13s           2025-12-07T20:41:10
================================================================================
[2025-12-07T20:42:03.159+0000] {manager.py:878} INFO - 
================================================================================
DAG File Processing Stats

File Path                               PID    Runtime      # DAGs    # Errors  Last Runtime    Last Run
--------------------------------------  -----  ---------  --------  ----------  --------------  -------------------
/opt/airflow/dags/pipeline_completo.py                           1           0  0.16s           2025-12-07T20:41:41
================================================================================
[2025-12-07T20:42:33.479+0000] {manager.py:878} INFO - 
================================================================================
DAG File Processing Stats

File Path                               PID    Runtime      # DAGs    # Errors  Last Runtime    Last Run
--------------------------------------  -----  ---------  --------  ----------  --------------  -------------------
/opt/airflow/dags/pipeline_completo.py                           1           0  0.16s           2025-12-07T20:42:11
================================================================================
[2025-12-07T20:43:03.797+0000] {manager.py:878} INFO - 
================================================================================
DAG File Processing Stats

File Path                               PID    Runtime      # DAGs    # Errors  Last Runtime    Last Run
--------------------------------------  -----  ---------  --------  ----------  --------------  -------------------
/opt/airflow/dags/pipeline_completo.py                           1           0  0.13s           2025-12-07T20:42:41
================================================================================
[2025-12-07T20:43:34.107+0000] {manager.py:878} INFO - 
================================================================================
DAG File Processing Stats

File Path                               PID    Runtime      # DAGs    # Errors  Last Runtime    Last Run
--------------------------------------  -----  ---------  --------  ----------  --------------  -------------------
/opt/airflow/dags/pipeline_completo.py                           1           0  0.12s           2025-12-07T20:43:11
================================================================================
[2025-12-07T20:44:04.465+0000] {manager.py:878} INFO - 
================================================================================
DAG File Processing Stats

File Path                               PID    Runtime      # DAGs    # Errors  Last Runtime    Last Run
--------------------------------------  -----  ---------  --------  ----------  --------------  -------------------
/opt/airflow/dags/pipeline_completo.py                           1           0  0.12s           2025-12-07T20:43:42
================================================================================
[2025-12-07T20:44:05.473+0000] {manager.py:737} INFO - Searching for files in /opt/airflow/dags
[2025-12-07T20:44:05.505+0000] {manager.py:740} INFO - There are 1 files in /opt/airflow/dags
[2025-12-07T20:44:34.796+0000] {manager.py:878} INFO - 
================================================================================
DAG File Processing Stats

File Path                               PID    Runtime      # DAGs    # Errors  Last Runtime    Last Run
--------------------------------------  -----  ---------  --------  ----------  --------------  -------------------
/opt/airflow/dags/pipeline_completo.py                           1           0  0.20s           2025-12-07T20:44:12
================================================================================
[2025-12-07T20:45:05.233+0000] {manager.py:878} INFO - 
================================================================================
DAG File Processing Stats

File Path                               PID    Runtime      # DAGs    # Errors  Last Runtime    Last Run
--------------------------------------  -----  ---------  --------  ----------  --------------  -------------------
/opt/airflow/dags/pipeline_completo.py                           1           0  0.20s           2025-12-07T20:44:43
================================================================================
[2025-12-07T20:45:35.525+0000] {manager.py:878} INFO - 
================================================================================
DAG File Processing Stats

File Path                               PID    Runtime      # DAGs    # Errors  Last Runtime    Last Run
--------------------------------------  -----  ---------  --------  ----------  --------------  -------------------
/opt/airflow/dags/pipeline_completo.py                           1           0  0.12s           2025-12-07T20:45:13
================================================================================
[2025-12-07T20:46:05.847+0000] {manager.py:878} INFO - 
================================================================================
DAG File Processing Stats

File Path                               PID    Runtime      # DAGs    # Errors  Last Runtime    Last Run
--------------------------------------  -----  ---------  --------  ----------  --------------  -------------------
/opt/airflow/dags/pipeline_completo.py                           1           0  0.13s           2025-12-07T20:45:43
================================================================================
[2025-12-07T20:46:36.132+0000] {manager.py:878} INFO - 
================================================================================
DAG File Processing Stats

File Path                               PID    Runtime      # DAGs    # Errors  Last Runtime    Last Run
--------------------------------------  -----  ---------  --------  ----------  --------------  -------------------
/opt/airflow/dags/pipeline_completo.py                           1           0  0.12s           2025-12-07T20:46:14
================================================================================
[2025-12-07T20:47:06.454+0000] {manager.py:878} INFO - 
================================================================================
DAG File Processing Stats

File Path                               PID    Runtime      # DAGs    # Errors  Last Runtime    Last Run
--------------------------------------  -----  ---------  --------  ----------  --------------  -------------------
/opt/airflow/dags/pipeline_completo.py                           1           0  0.13s           2025-12-07T20:46:44
================================================================================
[2025-12-07T20:47:36.725+0000] {manager.py:878} INFO - 
================================================================================
DAG File Processing Stats

File Path                               PID    Runtime      # DAGs    # Errors  Last Runtime    Last Run
--------------------------------------  -----  ---------  --------  ----------  --------------  -------------------
/opt/airflow/dags/pipeline_completo.py                           1           0  0.12s           2025-12-07T20:47:14
================================================================================
[2025-12-07T20:48:07.005+0000] {manager.py:878} INFO - 
================================================================================
DAG File Processing Stats

File Path                               PID    Runtime      # DAGs    # Errors  Last Runtime    Last Run
--------------------------------------  -----  ---------  --------  ----------  --------------  -------------------
/opt/airflow/dags/pipeline_completo.py                           1           0  0.15s           2025-12-07T20:47:44
================================================================================
[2025-12-07T20:48:37.317+0000] {manager.py:878} INFO - 
================================================================================
DAG File Processing Stats

File Path                               PID    Runtime      # DAGs    # Errors  Last Runtime    Last Run
--------------------------------------  -----  ---------  --------  ----------  --------------  -------------------
/opt/airflow/dags/pipeline_completo.py                           1           0  0.13s           2025-12-07T20:48:15
================================================================================
[2025-12-07T20:49:05.563+0000] {manager.py:737} INFO - Searching for files in /opt/airflow/dags
[2025-12-07T20:49:05.587+0000] {manager.py:740} INFO - There are 1 files in /opt/airflow/dags
[2025-12-07T20:49:07.625+0000] {manager.py:878} INFO - 
================================================================================
DAG File Processing Stats

File Path                               PID    Runtime      # DAGs    # Errors  Last Runtime    Last Run
--------------------------------------  -----  ---------  --------  ----------  --------------  -------------------
/opt/airflow/dags/pipeline_completo.py                           1           0  0.14s           2025-12-07T20:48:45
================================================================================
[2025-12-07T20:49:37.926+0000] {manager.py:878} INFO - 
================================================================================
DAG File Processing Stats

File Path                               PID    Runtime      # DAGs    # Errors  Last Runtime    Last Run
--------------------------------------  -----  ---------  --------  ----------  --------------  -------------------
/opt/airflow/dags/pipeline_completo.py                           1           0  0.11s           2025-12-07T20:49:15
================================================================================
[2025-12-07T20:50:08.168+0000] {manager.py:878} INFO - 
================================================================================
DAG File Processing Stats

File Path                               PID    Runtime      # DAGs    # Errors  Last Runtime    Last Run
--------------------------------------  -----  ---------  --------  ----------  --------------  -------------------
/opt/airflow/dags/pipeline_completo.py                           1           0  0.13s           2025-12-07T20:49:46
================================================================================
[2025-12-07T20:50:38.618+0000] {manager.py:878} INFO - 
================================================================================
DAG File Processing Stats

File Path                               PID    Runtime      # DAGs    # Errors  Last Runtime    Last Run
--------------------------------------  -----  ---------  --------  ----------  --------------  -------------------
/opt/airflow/dags/pipeline_completo.py                           1           0  0.47s           2025-12-07T20:50:16
================================================================================
[2025-12-07T20:51:09.178+0000] {manager.py:878} INFO - 
================================================================================
DAG File Processing Stats

File Path                               PID    Runtime      # DAGs    # Errors  Last Runtime    Last Run
--------------------------------------  -----  ---------  --------  ----------  --------------  -------------------
/opt/airflow/dags/pipeline_completo.py                           1           0  0.17s           2025-12-07T20:50:47
================================================================================
[2025-12-07T20:51:39.404+0000] {manager.py:878} INFO - 
================================================================================
DAG File Processing Stats

File Path                               PID    Runtime      # DAGs    # Errors  Last Runtime    Last Run
--------------------------------------  -----  ---------  --------  ----------  --------------  -------------------
/opt/airflow/dags/pipeline_completo.py                           1           0  0.13s           2025-12-07T20:51:17
================================================================================
[2025-12-07T20:52:09.787+0000] {manager.py:878} INFO - 
================================================================================
DAG File Processing Stats

File Path                               PID    Runtime      # DAGs    # Errors  Last Runtime    Last Run
--------------------------------------  -----  ---------  --------  ----------  --------------  -------------------
/opt/airflow/dags/pipeline_completo.py                           1           0  0.13s           2025-12-07T20:51:47
================================================================================
[2025-12-07T20:52:40.038+0000] {manager.py:878} INFO - 
================================================================================
DAG File Processing Stats

File Path                               PID    Runtime      # DAGs    # Errors  Last Runtime    Last Run
--------------------------------------  -----  ---------  --------  ----------  --------------  -------------------
/opt/airflow/dags/pipeline_completo.py                           1           0  0.14s           2025-12-07T20:52:18
================================================================================
[2025-12-07T20:53:10.350+0000] {manager.py:878} INFO - 
================================================================================
DAG File Processing Stats

File Path                               PID    Runtime      # DAGs    # Errors  Last Runtime    Last Run
--------------------------------------  -----  ---------  --------  ----------  --------------  -------------------
/opt/airflow/dags/pipeline_completo.py                           1           0  0.12s           2025-12-07T20:52:48
================================================================================
[2025-12-07T20:53:40.642+0000] {manager.py:878} INFO - 
================================================================================
DAG File Processing Stats

File Path                               PID    Runtime      # DAGs    # Errors  Last Runtime    Last Run
--------------------------------------  -----  ---------  --------  ----------  --------------  -------------------
/opt/airflow/dags/pipeline_completo.py                           1           0  0.12s           2025-12-07T20:53:18
================================================================================
[2025-12-07T20:54:05.924+0000] {manager.py:737} INFO - Searching for files in /opt/airflow/dags
[2025-12-07T20:54:05.952+0000] {manager.py:740} INFO - There are 1 files in /opt/airflow/dags
[2025-12-07T20:54:11.009+0000] {manager.py:878} INFO - 
================================================================================
DAG File Processing Stats

File Path                               PID    Runtime      # DAGs    # Errors  Last Runtime    Last Run
--------------------------------------  -----  ---------  --------  ----------  --------------  -------------------
/opt/airflow/dags/pipeline_completo.py                           1           0  0.13s           2025-12-07T20:53:48
================================================================================
[2025-12-07T20:54:41.276+0000] {manager.py:878} INFO - 
================================================================================
DAG File Processing Stats

File Path                               PID    Runtime      # DAGs    # Errors  Last Runtime    Last Run
--------------------------------------  -----  ---------  --------  ----------  --------------  -------------------
/opt/airflow/dags/pipeline_completo.py                           1           0  0.13s           2025-12-07T20:54:19
================================================================================
[2025-12-07T20:55:11.616+0000] {manager.py:878} INFO - 
================================================================================
DAG File Processing Stats

File Path                               PID    Runtime      # DAGs    # Errors  Last Runtime    Last Run
--------------------------------------  -----  ---------  --------  ----------  --------------  -------------------
/opt/airflow/dags/pipeline_completo.py                           1           0  0.12s           2025-12-07T20:54:49
================================================================================
[2025-12-07T20:55:41.927+0000] {manager.py:878} INFO - 
================================================================================
DAG File Processing Stats

File Path                               PID    Runtime      # DAGs    # Errors  Last Runtime    Last Run
--------------------------------------  -----  ---------  --------  ----------  --------------  -------------------
/opt/airflow/dags/pipeline_completo.py                           1           0  0.13s           2025-12-07T20:55:19
================================================================================
[2025-12-07T20:56:12.273+0000] {manager.py:878} INFO - 
================================================================================
DAG File Processing Stats

File Path                               PID    Runtime      # DAGs    # Errors  Last Runtime    Last Run
--------------------------------------  -----  ---------  --------  ----------  --------------  -------------------
/opt/airflow/dags/pipeline_completo.py                           1           0  0.14s           2025-12-07T20:55:50
================================================================================
[2025-12-07T20:56:42.555+0000] {manager.py:878} INFO - 
================================================================================
DAG File Processing Stats

File Path                               PID    Runtime      # DAGs    # Errors  Last Runtime    Last Run
--------------------------------------  -----  ---------  --------  ----------  --------------  -------------------
/opt/airflow/dags/pipeline_completo.py                           1           0  0.12s           2025-12-07T20:56:20
================================================================================
[2025-12-07T20:57:12.982+0000] {manager.py:878} INFO - 
================================================================================
DAG File Processing Stats

File Path                               PID    Runtime      # DAGs    # Errors  Last Runtime    Last Run
--------------------------------------  -----  ---------  --------  ----------  --------------  -------------------
/opt/airflow/dags/pipeline_completo.py                           1           0  0.12s           2025-12-07T20:56:50
================================================================================
[2025-12-07T20:57:43.219+0000] {manager.py:878} INFO - 
================================================================================
DAG File Processing Stats

File Path                               PID    Runtime      # DAGs    # Errors  Last Runtime    Last Run
--------------------------------------  -----  ---------  --------  ----------  --------------  -------------------
/opt/airflow/dags/pipeline_completo.py                           1           0  0.13s           2025-12-07T20:57:21
================================================================================
[2025-12-07T20:57:49.621+0000] {manager.py:452} INFO - Exiting gracefully upon receiving signal 15
[2025-12-07T21:04:31.202+0000] {manager.py:470} INFO - Processing files using up to 2 processes at a time 
[2025-12-07T21:04:31.206+0000] {manager.py:471} INFO - Process each file at most once every 30 seconds
[2025-12-07T21:04:31.208+0000] {manager.py:472} INFO - Checking for new files in /opt/airflow/dags every 300 seconds
[2025-12-07T21:04:31.211+0000] {manager.py:737} INFO - Searching for files in /opt/airflow/dags
[2025-12-07T21:04:31.274+0000] {manager.py:740} INFO - There are 1 files in /opt/airflow/dags
[2025-12-07T21:04:32.264+0000] {manager.py:878} INFO - 
================================================================================
DAG File Processing Stats

File Path                                 PID  Runtime      # DAGs    # Errors  Last Runtime    Last Run
--------------------------------------  -----  ---------  --------  ----------  --------------  ----------
/opt/airflow/dags/pipeline_completo.py    168  0.09s             0           0
================================================================================
[2025-12-07T21:05:02.595+0000] {manager.py:878} INFO - 
================================================================================
DAG File Processing Stats

File Path                               PID    Runtime      # DAGs    # Errors  Last Runtime    Last Run
--------------------------------------  -----  ---------  --------  ----------  --------------  -------------------
/opt/airflow/dags/pipeline_completo.py                           1           0  0.73s           2025-12-07T21:04:32
================================================================================
[2025-12-07T21:05:32.782+0000] {manager.py:878} INFO - 
================================================================================
DAG File Processing Stats

File Path                               PID    Runtime      # DAGs    # Errors  Last Runtime    Last Run
--------------------------------------  -----  ---------  --------  ----------  --------------  -------------------
/opt/airflow/dags/pipeline_completo.py                           1           0  1.74s           2025-12-07T21:05:05
================================================================================
[2025-12-07T21:06:03.553+0000] {manager.py:878} INFO - 
================================================================================
DAG File Processing Stats

File Path                               PID    Runtime      # DAGs    # Errors  Last Runtime    Last Run
--------------------------------------  -----  ---------  --------  ----------  --------------  -------------------
/opt/airflow/dags/pipeline_completo.py                           1           0  0.32s           2025-12-07T21:05:36
================================================================================
[2025-12-07T21:06:33.907+0000] {manager.py:878} INFO - 
================================================================================
DAG File Processing Stats

File Path                               PID    Runtime      # DAGs    # Errors  Last Runtime    Last Run
--------------------------------------  -----  ---------  --------  ----------  --------------  -------------------
/opt/airflow/dags/pipeline_completo.py                           1           0  0.57s           2025-12-07T21:06:07
================================================================================
[2025-12-07T21:07:04.538+0000] {manager.py:878} INFO - 
================================================================================
DAG File Processing Stats

File Path                               PID    Runtime      # DAGs    # Errors  Last Runtime    Last Run
--------------------------------------  -----  ---------  --------  ----------  --------------  -------------------
/opt/airflow/dags/pipeline_completo.py                           1           0  0.42s           2025-12-07T21:06:38
================================================================================
[2025-12-07T21:07:35.138+0000] {manager.py:878} INFO - 
================================================================================
DAG File Processing Stats

File Path                               PID    Runtime      # DAGs    # Errors  Last Runtime    Last Run
--------------------------------------  -----  ---------  --------  ----------  --------------  -------------------
/opt/airflow/dags/pipeline_completo.py                           1           0  0.21s           2025-12-07T21:07:08
================================================================================
[2025-12-07T21:08:05.513+0000] {manager.py:878} INFO - 
================================================================================
DAG File Processing Stats

File Path                               PID    Runtime      # DAGs    # Errors  Last Runtime    Last Run
--------------------------------------  -----  ---------  --------  ----------  --------------  -------------------
/opt/airflow/dags/pipeline_completo.py                           1           0  0.23s           2025-12-07T21:07:39
================================================================================
[2025-12-07T21:08:36.039+0000] {manager.py:878} INFO - 
================================================================================
DAG File Processing Stats

File Path                               PID    Runtime      # DAGs    # Errors  Last Runtime    Last Run
--------------------------------------  -----  ---------  --------  ----------  --------------  -------------------
/opt/airflow/dags/pipeline_completo.py                           1           0  0.17s           2025-12-07T21:08:09
================================================================================
[2025-12-07T21:09:06.391+0000] {manager.py:878} INFO - 
================================================================================
DAG File Processing Stats

File Path                               PID    Runtime      # DAGs    # Errors  Last Runtime    Last Run
--------------------------------------  -----  ---------  --------  ----------  --------------  -------------------
/opt/airflow/dags/pipeline_completo.py                           1           0  0.14s           2025-12-07T21:08:40
================================================================================
[2025-12-07T21:09:31.724+0000] {manager.py:737} INFO - Searching for files in /opt/airflow/dags
[2025-12-07T21:09:31.768+0000] {manager.py:740} INFO - There are 1 files in /opt/airflow/dags
[2025-12-07T21:09:36.835+0000] {manager.py:878} INFO - 
================================================================================
DAG File Processing Stats

File Path                               PID    Runtime      # DAGs    # Errors  Last Runtime    Last Run
--------------------------------------  -----  ---------  --------  ----------  --------------  -------------------
/opt/airflow/dags/pipeline_completo.py                           1           0  0.13s           2025-12-07T21:09:10
================================================================================
[2025-12-07T21:10:07.281+0000] {manager.py:878} INFO - 
================================================================================
DAG File Processing Stats

File Path                               PID    Runtime      # DAGs    # Errors  Last Runtime    Last Run
--------------------------------------  -----  ---------  --------  ----------  --------------  -------------------
/opt/airflow/dags/pipeline_completo.py                           1           0  0.18s           2025-12-07T21:09:41
================================================================================
[2025-12-07T21:10:37.778+0000] {manager.py:878} INFO - 
================================================================================
DAG File Processing Stats

File Path                               PID    Runtime      # DAGs    # Errors  Last Runtime    Last Run
--------------------------------------  -----  ---------  --------  ----------  --------------  -------------------
/opt/airflow/dags/pipeline_completo.py                           1           0  0.20s           2025-12-07T21:10:11
================================================================================
[2025-12-07T21:11:08.005+0000] {manager.py:878} INFO - 
================================================================================
DAG File Processing Stats

File Path                               PID    Runtime      # DAGs    # Errors  Last Runtime    Last Run
--------------------------------------  -----  ---------  --------  ----------  --------------  -------------------
/opt/airflow/dags/pipeline_completo.py                           1           0  0.13s           2025-12-07T21:10:41
================================================================================
[2025-12-07T21:11:38.446+0000] {manager.py:878} INFO - 
================================================================================
DAG File Processing Stats

File Path                               PID    Runtime      # DAGs    # Errors  Last Runtime    Last Run
--------------------------------------  -----  ---------  --------  ----------  --------------  -------------------
/opt/airflow/dags/pipeline_completo.py                           1           0  0.13s           2025-12-07T21:11:12
================================================================================
[2025-12-07T21:12:08.750+0000] {manager.py:878} INFO - 
================================================================================
DAG File Processing Stats

File Path                               PID    Runtime      # DAGs    # Errors  Last Runtime    Last Run
--------------------------------------  -----  ---------  --------  ----------  --------------  -------------------
/opt/airflow/dags/pipeline_completo.py                           1           0  0.15s           2025-12-07T21:11:42
================================================================================
[2025-12-07T21:12:25.886+0000] {manager.py:452} INFO - Exiting gracefully upon receiving signal 15
[2025-12-07T21:15:14.336+0000] {manager.py:470} INFO - Processing files using up to 2 processes at a time 
[2025-12-07T21:15:14.338+0000] {manager.py:471} INFO - Process each file at most once every 30 seconds
[2025-12-07T21:15:14.340+0000] {manager.py:472} INFO - Checking for new files in /opt/airflow/dags every 300 seconds
[2025-12-07T21:15:14.342+0000] {manager.py:737} INFO - Searching for files in /opt/airflow/dags
[2025-12-07T21:15:14.380+0000] {manager.py:740} INFO - There are 1 files in /opt/airflow/dags
[2025-12-07T21:15:14.776+0000] {manager.py:878} INFO - 
================================================================================
DAG File Processing Stats

File Path                                 PID  Runtime      # DAGs    # Errors  Last Runtime    Last Run
--------------------------------------  -----  ---------  --------  ----------  --------------  ----------
/opt/airflow/dags/pipeline_completo.py    168  0.04s             0           0
================================================================================
[2025-12-07T21:15:45.123+0000] {manager.py:878} INFO - 
================================================================================
DAG File Processing Stats

File Path                               PID    Runtime      # DAGs    # Errors  Last Runtime    Last Run
--------------------------------------  -----  ---------  --------  ----------  --------------  -------------------
/opt/airflow/dags/pipeline_completo.py                           1           0  0.48s           2025-12-07T21:15:15
================================================================================
[2025-12-07T21:16:15.432+0000] {manager.py:878} INFO - 
================================================================================
DAG File Processing Stats

File Path                               PID    Runtime      # DAGs    # Errors  Last Runtime    Last Run
--------------------------------------  -----  ---------  --------  ----------  --------------  -------------------
/opt/airflow/dags/pipeline_completo.py                           1           0  0.52s           2025-12-07T21:15:46
================================================================================
[2025-12-07T21:16:45.704+0000] {manager.py:878} INFO - 
================================================================================
DAG File Processing Stats

File Path                               PID    Runtime      # DAGs    # Errors  Last Runtime    Last Run
--------------------------------------  -----  ---------  --------  ----------  --------------  -------------------
/opt/airflow/dags/pipeline_completo.py                           1           0  0.55s           2025-12-07T21:16:17
================================================================================
[2025-12-07T21:17:16.456+0000] {manager.py:878} INFO - 
================================================================================
DAG File Processing Stats

File Path                               PID    Runtime      # DAGs    # Errors  Last Runtime    Last Run
--------------------------------------  -----  ---------  --------  ----------  --------------  -------------------
/opt/airflow/dags/pipeline_completo.py                           1           0  0.50s           2025-12-07T21:16:47
================================================================================
[2025-12-07T21:17:46.814+0000] {manager.py:878} INFO - 
================================================================================
DAG File Processing Stats

File Path                               PID    Runtime      # DAGs    # Errors  Last Runtime    Last Run
--------------------------------------  -----  ---------  --------  ----------  --------------  -------------------
/opt/airflow/dags/pipeline_completo.py                           1           0  0.57s           2025-12-07T21:17:19
================================================================================
[2025-12-07T21:18:17.631+0000] {manager.py:878} INFO - 
================================================================================
DAG File Processing Stats

File Path                               PID    Runtime      # DAGs    # Errors  Last Runtime    Last Run
--------------------------------------  -----  ---------  --------  ----------  --------------  -------------------
/opt/airflow/dags/pipeline_completo.py                           1           0  0.21s           2025-12-07T21:17:49
================================================================================
[2025-12-07T21:18:47.931+0000] {manager.py:878} INFO - 
================================================================================
DAG File Processing Stats

File Path                               PID    Runtime      # DAGs    # Errors  Last Runtime    Last Run
--------------------------------------  -----  ---------  --------  ----------  --------------  -------------------
/opt/airflow/dags/pipeline_completo.py                           1           0  0.19s           2025-12-07T21:18:19
================================================================================
[2025-12-07T21:19:18.352+0000] {manager.py:878} INFO - 
================================================================================
DAG File Processing Stats

File Path                               PID    Runtime      # DAGs    # Errors  Last Runtime    Last Run
--------------------------------------  -----  ---------  --------  ----------  --------------  -------------------
/opt/airflow/dags/pipeline_completo.py                           1           0  0.17s           2025-12-07T21:18:50
================================================================================
[2025-12-07T21:19:48.631+0000] {manager.py:878} INFO - 
================================================================================
DAG File Processing Stats

File Path                               PID    Runtime      # DAGs    # Errors  Last Runtime    Last Run
--------------------------------------  -----  ---------  --------  ----------  --------------  -------------------
/opt/airflow/dags/pipeline_completo.py                           1           0  0.17s           2025-12-07T21:19:20
================================================================================
[2025-12-07T21:20:14.872+0000] {manager.py:737} INFO - Searching for files in /opt/airflow/dags
[2025-12-07T21:20:14.910+0000] {manager.py:740} INFO - There are 1 files in /opt/airflow/dags
[2025-12-07T21:20:18.964+0000] {manager.py:878} INFO - 
================================================================================
DAG File Processing Stats

File Path                               PID    Runtime      # DAGs    # Errors  Last Runtime    Last Run
--------------------------------------  -----  ---------  --------  ----------  --------------  -------------------
/opt/airflow/dags/pipeline_completo.py                           1           0  0.13s           2025-12-07T21:19:50
================================================================================
[2025-12-07T21:20:49.189+0000] {manager.py:878} INFO - 
================================================================================
DAG File Processing Stats

File Path                               PID    Runtime      # DAGs    # Errors  Last Runtime    Last Run
--------------------------------------  -----  ---------  --------  ----------  --------------  -------------------
/opt/airflow/dags/pipeline_completo.py                           1           0  0.15s           2025-12-07T21:20:21
================================================================================
[2025-12-07T21:21:19.507+0000] {manager.py:878} INFO - 
================================================================================
DAG File Processing Stats

File Path                               PID    Runtime      # DAGs    # Errors  Last Runtime    Last Run
--------------------------------------  -----  ---------  --------  ----------  --------------  -------------------
/opt/airflow/dags/pipeline_completo.py                           1           0  0.12s           2025-12-07T21:20:51
================================================================================
[2025-12-07T21:21:49.846+0000] {manager.py:878} INFO - 
================================================================================
DAG File Processing Stats

File Path                               PID    Runtime      # DAGs    # Errors  Last Runtime    Last Run
--------------------------------------  -----  ---------  --------  ----------  --------------  -------------------
/opt/airflow/dags/pipeline_completo.py                           1           0  0.14s           2025-12-07T21:21:21
================================================================================
[2025-12-07T21:22:20.189+0000] {manager.py:878} INFO - 
================================================================================
DAG File Processing Stats

File Path                               PID    Runtime      # DAGs    # Errors  Last Runtime    Last Run
--------------------------------------  -----  ---------  --------  ----------  --------------  -------------------
/opt/airflow/dags/pipeline_completo.py                           1           0  0.19s           2025-12-07T21:21:52
================================================================================
[2025-12-07T21:22:50.663+0000] {manager.py:878} INFO - 
================================================================================
DAG File Processing Stats

File Path                               PID    Runtime      # DAGs    # Errors  Last Runtime    Last Run
--------------------------------------  -----  ---------  --------  ----------  --------------  -------------------
/opt/airflow/dags/pipeline_completo.py                           1           0  0.15s           2025-12-07T21:22:22
================================================================================
[2025-12-07T21:23:20.991+0000] {manager.py:878} INFO - 
================================================================================
DAG File Processing Stats

File Path                               PID    Runtime      # DAGs    # Errors  Last Runtime    Last Run
--------------------------------------  -----  ---------  --------  ----------  --------------  -------------------
/opt/airflow/dags/pipeline_completo.py                           1           0  0.23s           2025-12-07T21:22:52
================================================================================
[2025-12-07T21:23:51.497+0000] {manager.py:878} INFO - 
================================================================================
DAG File Processing Stats

File Path                               PID    Runtime      # DAGs    # Errors  Last Runtime    Last Run
--------------------------------------  -----  ---------  --------  ----------  --------------  -------------------
/opt/airflow/dags/pipeline_completo.py                           1           0  0.38s           2025-12-07T21:23:23
================================================================================
[2025-12-07T21:24:06.844+0000] {manager.py:452} INFO - Exiting gracefully upon receiving signal 15
[2025-12-07T21:28:14.944+0000] {manager.py:470} INFO - Processing files using up to 2 processes at a time 
[2025-12-07T21:28:14.946+0000] {manager.py:471} INFO - Process each file at most once every 30 seconds
[2025-12-07T21:28:14.948+0000] {manager.py:472} INFO - Checking for new files in /opt/airflow/dags every 300 seconds
[2025-12-07T21:28:14.950+0000] {manager.py:737} INFO - Searching for files in /opt/airflow/dags
[2025-12-07T21:28:14.985+0000] {manager.py:740} INFO - There are 1 files in /opt/airflow/dags
[2025-12-07T21:28:15.508+0000] {manager.py:878} INFO - 
================================================================================
DAG File Processing Stats

File Path                                 PID  Runtime      # DAGs    # Errors  Last Runtime    Last Run
--------------------------------------  -----  ---------  --------  ----------  --------------  ----------
/opt/airflow/dags/pipeline_completo.py    168  0.05s             0           0
================================================================================
[2025-12-07T21:28:45.520+0000] {manager.py:878} INFO - 
================================================================================
DAG File Processing Stats

File Path                               PID    Runtime      # DAGs    # Errors  Last Runtime    Last Run
--------------------------------------  -----  ---------  --------  ----------  --------------  -------------------
/opt/airflow/dags/pipeline_completo.py                           1           0  0.72s           2025-12-07T21:28:16
================================================================================
[2025-12-07T21:29:15.829+0000] {manager.py:878} INFO - 
================================================================================
DAG File Processing Stats

File Path                               PID    Runtime      # DAGs    # Errors  Last Runtime    Last Run
--------------------------------------  -----  ---------  --------  ----------  --------------  -------------------
/opt/airflow/dags/pipeline_completo.py                           1           0  0.18s           2025-12-07T21:28:46
================================================================================
[2025-12-07T21:29:46.336+0000] {manager.py:878} INFO - 
================================================================================
DAG File Processing Stats

File Path                               PID    Runtime      # DAGs    # Errors  Last Runtime    Last Run
--------------------------------------  -----  ---------  --------  ----------  --------------  -------------------
/opt/airflow/dags/pipeline_completo.py                           1           0  0.49s           2025-12-07T21:29:17
================================================================================
[2025-12-07T21:30:17.062+0000] {manager.py:878} INFO - 
================================================================================
DAG File Processing Stats

File Path                               PID    Runtime      # DAGs    # Errors  Last Runtime    Last Run
--------------------------------------  -----  ---------  --------  ----------  --------------  -------------------
/opt/airflow/dags/pipeline_completo.py                           1           0  0.18s           2025-12-07T21:29:47
================================================================================
[2025-12-07T21:30:47.325+0000] {manager.py:878} INFO - 
================================================================================
DAG File Processing Stats

File Path                               PID    Runtime      # DAGs    # Errors  Last Runtime    Last Run
--------------------------------------  -----  ---------  --------  ----------  --------------  -------------------
/opt/airflow/dags/pipeline_completo.py                           1           0  0.13s           2025-12-07T21:30:18
================================================================================
[2025-12-07T21:31:17.717+0000] {manager.py:878} INFO - 
================================================================================
DAG File Processing Stats

File Path                               PID    Runtime      # DAGs    # Errors  Last Runtime    Last Run
--------------------------------------  -----  ---------  --------  ----------  --------------  -------------------
/opt/airflow/dags/pipeline_completo.py                           1           0  0.14s           2025-12-07T21:30:48
================================================================================
[2025-12-07T21:31:48.001+0000] {manager.py:878} INFO - 
================================================================================
DAG File Processing Stats

File Path                               PID    Runtime      # DAGs    # Errors  Last Runtime    Last Run
--------------------------------------  -----  ---------  --------  ----------  --------------  -------------------
/opt/airflow/dags/pipeline_completo.py                           1           0  0.18s           2025-12-07T21:31:18
================================================================================
[2025-12-07T21:32:18.289+0000] {manager.py:878} INFO - 
================================================================================
DAG File Processing Stats

File Path                               PID    Runtime      # DAGs    # Errors  Last Runtime    Last Run
--------------------------------------  -----  ---------  --------  ----------  --------------  -------------------
/opt/airflow/dags/pipeline_completo.py                           1           0  0.12s           2025-12-07T21:31:49
================================================================================
[2025-12-07T21:32:48.592+0000] {manager.py:878} INFO - 
================================================================================
DAG File Processing Stats

File Path                               PID    Runtime      # DAGs    # Errors  Last Runtime    Last Run
--------------------------------------  -----  ---------  --------  ----------  --------------  -------------------
/opt/airflow/dags/pipeline_completo.py                           1           0  0.14s           2025-12-07T21:32:19
================================================================================
[2025-12-07T21:32:50.535+0000] {manager.py:452} INFO - Exiting gracefully upon receiving signal 15
[2025-12-07T21:37:54.064+0000] {manager.py:470} INFO - Processing files using up to 2 processes at a time 
[2025-12-07T21:37:54.067+0000] {manager.py:471} INFO - Process each file at most once every 30 seconds
[2025-12-07T21:37:54.069+0000] {manager.py:472} INFO - Checking for new files in /opt/airflow/dags every 300 seconds
[2025-12-07T21:37:54.072+0000] {manager.py:737} INFO - Searching for files in /opt/airflow/dags
[2025-12-07T21:37:54.181+0000] {manager.py:740} INFO - There are 1 files in /opt/airflow/dags
[2025-12-07T21:37:54.737+0000] {manager.py:878} INFO - 
================================================================================
DAG File Processing Stats

File Path                                 PID  Runtime      # DAGs    # Errors  Last Runtime    Last Run
--------------------------------------  -----  ---------  --------  ----------  --------------  ----------
/opt/airflow/dags/pipeline_completo.py    168  0.06s             0           0
================================================================================
[2025-12-07T21:38:24.999+0000] {manager.py:878} INFO - 
================================================================================
DAG File Processing Stats

File Path                                 PID  Runtime      # DAGs    # Errors  Last Runtime    Last Run
--------------------------------------  -----  ---------  --------  ----------  --------------  -------------------
/opt/airflow/dags/pipeline_completo.py    173  0.00s             0           1  0.16s           2025-12-07T21:37:54
================================================================================
[2025-12-07T21:38:55.260+0000] {manager.py:878} INFO - 
================================================================================
DAG File Processing Stats

File Path                                 PID  Runtime      # DAGs    # Errors  Last Runtime    Last Run
--------------------------------------  -----  ---------  --------  ----------  --------------  -------------------
/opt/airflow/dags/pipeline_completo.py    178  0.01s             0           1  0.11s           2025-12-07T21:38:25
================================================================================
[2025-12-07T21:39:25.489+0000] {manager.py:878} INFO - 
================================================================================
DAG File Processing Stats

File Path                                 PID  Runtime      # DAGs    # Errors  Last Runtime    Last Run
--------------------------------------  -----  ---------  --------  ----------  --------------  -------------------
/opt/airflow/dags/pipeline_completo.py    183  0.00s             0           1  0.11s           2025-12-07T21:38:55
================================================================================
[2025-12-07T21:39:55.790+0000] {manager.py:878} INFO - 
================================================================================
DAG File Processing Stats

File Path                                 PID  Runtime      # DAGs    # Errors  Last Runtime    Last Run
--------------------------------------  -----  ---------  --------  ----------  --------------  -------------------
/opt/airflow/dags/pipeline_completo.py    188  0.00s             0           1  0.09s           2025-12-07T21:39:25
================================================================================
[2025-12-07T21:40:26.065+0000] {manager.py:878} INFO - 
================================================================================
DAG File Processing Stats

File Path                                 PID  Runtime      # DAGs    # Errors  Last Runtime    Last Run
--------------------------------------  -----  ---------  --------  ----------  --------------  -------------------
/opt/airflow/dags/pipeline_completo.py    193  0.00s             0           1  0.10s           2025-12-07T21:39:55
================================================================================
[2025-12-07T21:40:56.284+0000] {manager.py:878} INFO - 
================================================================================
DAG File Processing Stats

File Path                                 PID  Runtime      # DAGs    # Errors  Last Runtime    Last Run
--------------------------------------  -----  ---------  --------  ----------  --------------  -------------------
/opt/airflow/dags/pipeline_completo.py    198  0.00s             0           1  0.08s           2025-12-07T21:40:26
================================================================================
[2025-12-07T21:41:26.522+0000] {manager.py:878} INFO - 
================================================================================
DAG File Processing Stats

File Path                                 PID  Runtime      # DAGs    # Errors  Last Runtime    Last Run
--------------------------------------  -----  ---------  --------  ----------  --------------  -------------------
/opt/airflow/dags/pipeline_completo.py    203  0.00s             0           1  0.09s           2025-12-07T21:40:56
================================================================================
[2025-12-07T21:41:56.790+0000] {manager.py:878} INFO - 
================================================================================
DAG File Processing Stats

File Path                                 PID  Runtime      # DAGs    # Errors  Last Runtime    Last Run
--------------------------------------  -----  ---------  --------  ----------  --------------  -------------------
/opt/airflow/dags/pipeline_completo.py    208  0.00s             0           1  0.12s           2025-12-07T21:41:26
================================================================================
[2025-12-07T21:42:27.115+0000] {manager.py:878} INFO - 
================================================================================
DAG File Processing Stats

File Path                                 PID  Runtime      # DAGs    # Errors  Last Runtime    Last Run
--------------------------------------  -----  ---------  --------  ----------  --------------  -------------------
/opt/airflow/dags/pipeline_completo.py    213  0.00s             0           1  0.12s           2025-12-07T21:41:56
================================================================================
[2025-12-07T21:42:54.318+0000] {manager.py:737} INFO - Searching for files in /opt/airflow/dags
[2025-12-07T21:42:54.352+0000] {manager.py:740} INFO - There are 1 files in /opt/airflow/dags
[2025-12-07T21:42:57.405+0000] {manager.py:878} INFO - 
================================================================================
DAG File Processing Stats

File Path                                 PID  Runtime      # DAGs    # Errors  Last Runtime    Last Run
--------------------------------------  -----  ---------  --------  ----------  --------------  -------------------
/opt/airflow/dags/pipeline_completo.py    218  0.00s             0           1  0.11s           2025-12-07T21:42:27
================================================================================
[2025-12-07T21:43:16.042+0000] {manager.py:452} INFO - Exiting gracefully upon receiving signal 15
[2025-12-07T21:47:22.813+0000] {manager.py:470} INFO - Processing files using up to 2 processes at a time 
[2025-12-07T21:47:22.815+0000] {manager.py:471} INFO - Process each file at most once every 30 seconds
[2025-12-07T21:47:22.817+0000] {manager.py:472} INFO - Checking for new files in /opt/airflow/dags every 300 seconds
[2025-12-07T21:47:22.819+0000] {manager.py:737} INFO - Searching for files in /opt/airflow/dags
[2025-12-07T21:47:22.859+0000] {manager.py:740} INFO - There are 1 files in /opt/airflow/dags
[2025-12-07T21:47:23.217+0000] {manager.py:878} INFO - 
================================================================================
DAG File Processing Stats

File Path                                 PID  Runtime      # DAGs    # Errors  Last Runtime    Last Run
--------------------------------------  -----  ---------  --------  ----------  --------------  ----------
/opt/airflow/dags/pipeline_completo.py    167  0.04s             0           0
================================================================================
[2025-12-07T21:47:53.639+0000] {manager.py:878} INFO - 
================================================================================
DAG File Processing Stats

File Path                                 PID  Runtime      # DAGs    # Errors  Last Runtime    Last Run
--------------------------------------  -----  ---------  --------  ----------  --------------  -------------------
/opt/airflow/dags/pipeline_completo.py    172  0.00s             0           1  0.11s           2025-12-07T21:47:23
================================================================================
[2025-12-07T21:48:23.693+0000] {manager.py:878} INFO - 
================================================================================
DAG File Processing Stats

File Path                               PID    Runtime      # DAGs    # Errors  Last Runtime    Last Run
--------------------------------------  -----  ---------  --------  ----------  --------------  -------------------
/opt/airflow/dags/pipeline_completo.py                           0           1  0.79s           2025-12-07T21:47:54
================================================================================
[2025-12-07T21:48:53.951+0000] {manager.py:878} INFO - 
================================================================================
DAG File Processing Stats

File Path                               PID    Runtime      # DAGs    # Errors  Last Runtime    Last Run
--------------------------------------  -----  ---------  --------  ----------  --------------  -------------------
/opt/airflow/dags/pipeline_completo.py                           0           1  0.09s           2025-12-07T21:48:24
================================================================================
[2025-12-07T21:49:24.239+0000] {manager.py:878} INFO - 
================================================================================
DAG File Processing Stats

File Path                               PID    Runtime      # DAGs    # Errors  Last Runtime    Last Run
--------------------------------------  -----  ---------  --------  ----------  --------------  -------------------
/opt/airflow/dags/pipeline_completo.py                           0           1  0.11s           2025-12-07T21:48:55
================================================================================
[2025-12-07T21:49:54.570+0000] {manager.py:878} INFO - 
================================================================================
DAG File Processing Stats

File Path                               PID    Runtime      # DAGs    # Errors  Last Runtime    Last Run
--------------------------------------  -----  ---------  --------  ----------  --------------  -------------------
/opt/airflow/dags/pipeline_completo.py                           0           1  0.10s           2025-12-07T21:49:25
================================================================================
[2025-12-07T21:50:24.875+0000] {manager.py:878} INFO - 
================================================================================
DAG File Processing Stats

File Path                               PID    Runtime      # DAGs    # Errors  Last Runtime    Last Run
--------------------------------------  -----  ---------  --------  ----------  --------------  -------------------
/opt/airflow/dags/pipeline_completo.py                           0           1  0.09s           2025-12-07T21:49:55
================================================================================
[2025-12-07T21:50:55.123+0000] {manager.py:878} INFO - 
================================================================================
DAG File Processing Stats

File Path                               PID    Runtime      # DAGs    # Errors  Last Runtime    Last Run
--------------------------------------  -----  ---------  --------  ----------  --------------  -------------------
/opt/airflow/dags/pipeline_completo.py                           0           1  0.10s           2025-12-07T21:50:25
================================================================================
[2025-12-07T21:51:16.223+0000] {manager.py:452} INFO - Exiting gracefully upon receiving signal 15
[2025-12-07T21:54:15.771+0000] {manager.py:470} INFO - Processing files using up to 2 processes at a time 
[2025-12-07T21:54:15.778+0000] {manager.py:471} INFO - Process each file at most once every 30 seconds
[2025-12-07T21:54:15.788+0000] {manager.py:472} INFO - Checking for new files in /opt/airflow/dags every 300 seconds
[2025-12-07T21:54:15.792+0000] {manager.py:737} INFO - Searching for files in /opt/airflow/dags
[2025-12-07T21:54:15.884+0000] {manager.py:740} INFO - There are 1 files in /opt/airflow/dags
[2025-12-07T21:54:16.660+0000] {manager.py:878} INFO - 
================================================================================
DAG File Processing Stats

File Path                                 PID  Runtime      # DAGs    # Errors  Last Runtime    Last Run
--------------------------------------  -----  ---------  --------  ----------  --------------  ----------
/opt/airflow/dags/pipeline_completo.py    169  0.07s             0           0
================================================================================
[2025-12-07T21:54:46.902+0000] {manager.py:878} INFO - 
================================================================================
DAG File Processing Stats

File Path                               PID    Runtime      # DAGs    # Errors  Last Runtime    Last Run
--------------------------------------  -----  ---------  --------  ----------  --------------  -------------------
/opt/airflow/dags/pipeline_completo.py                           1           0  0.73s           2025-12-07T21:54:17
================================================================================
[2025-12-07T21:55:16.932+0000] {manager.py:878} INFO - 
================================================================================
DAG File Processing Stats

File Path                               PID    Runtime      # DAGs    # Errors  Last Runtime    Last Run
--------------------------------------  -----  ---------  --------  ----------  --------------  -------------------
/opt/airflow/dags/pipeline_completo.py                           1           0  0.16s           2025-12-07T21:54:47
================================================================================
[2025-12-07T21:55:47.173+0000] {manager.py:878} INFO - 
================================================================================
DAG File Processing Stats

File Path                               PID    Runtime      # DAGs    # Errors  Last Runtime    Last Run
--------------------------------------  -----  ---------  --------  ----------  --------------  -------------------
/opt/airflow/dags/pipeline_completo.py                           1           0  0.15s           2025-12-07T21:55:17
================================================================================
[2025-12-07T21:56:17.482+0000] {manager.py:878} INFO - 
================================================================================
DAG File Processing Stats

File Path                               PID    Runtime      # DAGs    # Errors  Last Runtime    Last Run
--------------------------------------  -----  ---------  --------  ----------  --------------  -------------------
/opt/airflow/dags/pipeline_completo.py                           1           0  0.13s           2025-12-07T21:55:48
================================================================================
[2025-12-07T21:56:47.792+0000] {manager.py:878} INFO - 
================================================================================
DAG File Processing Stats

File Path                               PID    Runtime      # DAGs    # Errors  Last Runtime    Last Run
--------------------------------------  -----  ---------  --------  ----------  --------------  -------------------
/opt/airflow/dags/pipeline_completo.py                           1           0  0.12s           2025-12-07T21:56:18
================================================================================
[2025-12-07T21:57:18.020+0000] {manager.py:878} INFO - 
================================================================================
DAG File Processing Stats

File Path                               PID    Runtime      # DAGs    # Errors  Last Runtime    Last Run
--------------------------------------  -----  ---------  --------  ----------  --------------  -------------------
/opt/airflow/dags/pipeline_completo.py                           1           0  0.15s           2025-12-07T21:56:48
================================================================================
[2025-12-07T21:57:48.379+0000] {manager.py:878} INFO - 
================================================================================
DAG File Processing Stats

File Path                               PID    Runtime      # DAGs    # Errors  Last Runtime    Last Run
--------------------------------------  -----  ---------  --------  ----------  --------------  -------------------
/opt/airflow/dags/pipeline_completo.py                           1           0  0.14s           2025-12-07T21:57:19
================================================================================
[2025-12-07T21:58:18.659+0000] {manager.py:878} INFO - 
================================================================================
DAG File Processing Stats

File Path                               PID    Runtime      # DAGs    # Errors  Last Runtime    Last Run
--------------------------------------  -----  ---------  --------  ----------  --------------  -------------------
/opt/airflow/dags/pipeline_completo.py                           1           0  0.14s           2025-12-07T21:57:49
================================================================================
[2025-12-07T21:58:49.024+0000] {manager.py:878} INFO - 
================================================================================
DAG File Processing Stats

File Path                               PID    Runtime      # DAGs    # Errors  Last Runtime    Last Run
--------------------------------------  -----  ---------  --------  ----------  --------------  -------------------
/opt/airflow/dags/pipeline_completo.py                           1           0  0.12s           2025-12-07T21:58:19
================================================================================
[2025-12-07T21:59:16.237+0000] {manager.py:737} INFO - Searching for files in /opt/airflow/dags
[2025-12-07T21:59:16.274+0000] {manager.py:740} INFO - There are 1 files in /opt/airflow/dags
[2025-12-07T21:59:19.309+0000] {manager.py:878} INFO - 
================================================================================
DAG File Processing Stats

File Path                               PID    Runtime      # DAGs    # Errors  Last Runtime    Last Run
--------------------------------------  -----  ---------  --------  ----------  --------------  -------------------
/opt/airflow/dags/pipeline_completo.py                           1           0  0.11s           2025-12-07T21:58:50
================================================================================
[2025-12-07T21:59:49.619+0000] {manager.py:878} INFO - 
================================================================================
DAG File Processing Stats

File Path                               PID    Runtime      # DAGs    # Errors  Last Runtime    Last Run
--------------------------------------  -----  ---------  --------  ----------  --------------  -------------------
/opt/airflow/dags/pipeline_completo.py                           1           0  0.12s           2025-12-07T21:59:20
================================================================================
[2025-12-07T22:00:19.981+0000] {manager.py:878} INFO - 
================================================================================
DAG File Processing Stats

File Path                               PID    Runtime      # DAGs    # Errors  Last Runtime    Last Run
--------------------------------------  -----  ---------  --------  ----------  --------------  -------------------
/opt/airflow/dags/pipeline_completo.py                           1           0  0.12s           2025-12-07T21:59:50
================================================================================
[2025-12-07T22:00:50.268+0000] {manager.py:878} INFO - 
================================================================================
DAG File Processing Stats

File Path                               PID    Runtime      # DAGs    # Errors  Last Runtime    Last Run
--------------------------------------  -----  ---------  --------  ----------  --------------  -------------------
/opt/airflow/dags/pipeline_completo.py                           1           0  0.14s           2025-12-07T22:00:21
================================================================================
[2025-12-07T22:01:01.603+0000] {manager.py:452} INFO - Exiting gracefully upon receiving signal 15
[2025-12-07T22:12:06.291+0000] {manager.py:470} INFO - Processing files using up to 2 processes at a time 
[2025-12-07T22:12:06.294+0000] {manager.py:471} INFO - Process each file at most once every 30 seconds
[2025-12-07T22:12:06.296+0000] {manager.py:472} INFO - Checking for new files in /opt/airflow/dags every 300 seconds
[2025-12-07T22:12:06.309+0000] {manager.py:737} INFO - Searching for files in /opt/airflow/dags
[2025-12-07T22:12:06.362+0000] {manager.py:740} INFO - There are 1 files in /opt/airflow/dags
[2025-12-07T22:12:06.913+0000] {manager.py:878} INFO - 
================================================================================
DAG File Processing Stats

File Path                                 PID  Runtime      # DAGs    # Errors  Last Runtime    Last Run
--------------------------------------  -----  ---------  --------  ----------  --------------  ----------
/opt/airflow/dags/pipeline_completo.py    168  0.06s             0           0
================================================================================
[2025-12-07T22:12:37.146+0000] {manager.py:878} INFO - 
================================================================================
DAG File Processing Stats

File Path                               PID    Runtime      # DAGs    # Errors  Last Runtime    Last Run
--------------------------------------  -----  ---------  --------  ----------  --------------  -------------------
/opt/airflow/dags/pipeline_completo.py                           1           0  0.78s           2025-12-07T22:12:07
================================================================================
[2025-12-07T22:13:07.383+0000] {manager.py:878} INFO - 
================================================================================
DAG File Processing Stats

File Path                               PID    Runtime      # DAGs    # Errors  Last Runtime    Last Run
--------------------------------------  -----  ---------  --------  ----------  --------------  -------------------
/opt/airflow/dags/pipeline_completo.py                           1           0  0.37s           2025-12-07T22:12:38
================================================================================
[2025-12-07T22:13:37.695+0000] {manager.py:878} INFO - 
================================================================================
DAG File Processing Stats

File Path                               PID    Runtime      # DAGs    # Errors  Last Runtime    Last Run
--------------------------------------  -----  ---------  --------  ----------  --------------  -------------------
/opt/airflow/dags/pipeline_completo.py                           1           0  0.21s           2025-12-07T22:13:08
================================================================================
[2025-12-07T22:14:08.110+0000] {manager.py:878} INFO - 
================================================================================
DAG File Processing Stats

File Path                               PID    Runtime      # DAGs    # Errors  Last Runtime    Last Run
--------------------------------------  -----  ---------  --------  ----------  --------------  -------------------
/opt/airflow/dags/pipeline_completo.py                           1           0  0.12s           2025-12-07T22:13:38
================================================================================
[2025-12-07T22:14:38.406+0000] {manager.py:878} INFO - 
================================================================================
DAG File Processing Stats

File Path                               PID    Runtime      # DAGs    # Errors  Last Runtime    Last Run
--------------------------------------  -----  ---------  --------  ----------  --------------  -------------------
/opt/airflow/dags/pipeline_completo.py                           1           0  0.12s           2025-12-07T22:14:09
================================================================================
[2025-12-07T22:15:08.749+0000] {manager.py:878} INFO - 
================================================================================
DAG File Processing Stats

File Path                               PID    Runtime      # DAGs    # Errors  Last Runtime    Last Run
--------------------------------------  -----  ---------  --------  ----------  --------------  -------------------
/opt/airflow/dags/pipeline_completo.py                           1           0  0.11s           2025-12-07T22:14:39
================================================================================
[2025-12-07T22:15:39.026+0000] {manager.py:878} INFO - 
================================================================================
DAG File Processing Stats

File Path                               PID    Runtime      # DAGs    # Errors  Last Runtime    Last Run
--------------------------------------  -----  ---------  --------  ----------  --------------  -------------------
/opt/airflow/dags/pipeline_completo.py                           1           0  0.13s           2025-12-07T22:15:09
================================================================================
[2025-12-07T22:15:44.246+0000] {manager.py:452} INFO - Exiting gracefully upon receiving signal 15
[2025-12-07T22:23:36.162+0000] {manager.py:470} INFO - Processing files using up to 2 processes at a time 
[2025-12-07T22:23:36.165+0000] {manager.py:471} INFO - Process each file at most once every 30 seconds
[2025-12-07T22:23:36.168+0000] {manager.py:472} INFO - Checking for new files in /opt/airflow/dags every 300 seconds
[2025-12-07T22:23:36.172+0000] {manager.py:737} INFO - Searching for files in /opt/airflow/dags
[2025-12-07T22:23:36.241+0000] {manager.py:740} INFO - There are 1 files in /opt/airflow/dags
[2025-12-07T22:23:37.344+0000] {manager.py:878} INFO - 
================================================================================
DAG File Processing Stats

File Path                                 PID  Runtime      # DAGs    # Errors  Last Runtime    Last Run
--------------------------------------  -----  ---------  --------  ----------  --------------  ----------
/opt/airflow/dags/pipeline_completo.py    168  0.13s             0           0
================================================================================
[2025-12-07T22:24:07.500+0000] {manager.py:878} INFO - 
================================================================================
DAG File Processing Stats

File Path                               PID    Runtime      # DAGs    # Errors  Last Runtime    Last Run
--------------------------------------  -----  ---------  --------  ----------  --------------  -------------------
/opt/airflow/dags/pipeline_completo.py                           1           0  0.99s           2025-12-07T22:23:38
================================================================================
[2025-12-07T22:24:37.926+0000] {manager.py:878} INFO - 
================================================================================
DAG File Processing Stats

File Path                               PID    Runtime      # DAGs    # Errors  Last Runtime    Last Run
--------------------------------------  -----  ---------  --------  ----------  --------------  -------------------
/opt/airflow/dags/pipeline_completo.py                           1           0  0.40s           2025-12-07T22:24:08
================================================================================
[2025-12-07T22:25:08.460+0000] {manager.py:878} INFO - 
================================================================================
DAG File Processing Stats

File Path                               PID    Runtime      # DAGs    # Errors  Last Runtime    Last Run
--------------------------------------  -----  ---------  --------  ----------  --------------  -------------------
/opt/airflow/dags/pipeline_completo.py                           1           0  0.63s           2025-12-07T22:24:39
================================================================================
[2025-12-07T22:25:39.186+0000] {manager.py:878} INFO - 
================================================================================
DAG File Processing Stats

File Path                               PID    Runtime      # DAGs    # Errors  Last Runtime    Last Run
--------------------------------------  -----  ---------  --------  ----------  --------------  -------------------
/opt/airflow/dags/pipeline_completo.py                           1           0  0.27s           2025-12-07T22:25:10
================================================================================
[2025-12-07T22:26:09.719+0000] {manager.py:878} INFO - 
================================================================================
DAG File Processing Stats

File Path                               PID    Runtime      # DAGs    # Errors  Last Runtime    Last Run
--------------------------------------  -----  ---------  --------  ----------  --------------  -------------------
/opt/airflow/dags/pipeline_completo.py                           1           0  0.26s           2025-12-07T22:25:40
================================================================================
[2025-12-07T22:26:40.166+0000] {manager.py:878} INFO - 
================================================================================
DAG File Processing Stats

File Path                               PID    Runtime      # DAGs    # Errors  Last Runtime    Last Run
--------------------------------------  -----  ---------  --------  ----------  --------------  -------------------
/opt/airflow/dags/pipeline_completo.py                           1           0  0.56s           2025-12-07T22:26:11
================================================================================
[2025-12-07T22:27:10.818+0000] {manager.py:878} INFO - 
================================================================================
DAG File Processing Stats

File Path                               PID    Runtime      # DAGs    # Errors  Last Runtime    Last Run
--------------------------------------  -----  ---------  --------  ----------  --------------  -------------------
/opt/airflow/dags/pipeline_completo.py                           1           0  0.21s           2025-12-07T22:26:41
================================================================================
[2025-12-07T22:27:41.056+0000] {manager.py:878} INFO - 
================================================================================
DAG File Processing Stats

File Path                               PID    Runtime      # DAGs    # Errors  Last Runtime    Last Run
--------------------------------------  -----  ---------  --------  ----------  --------------  -------------------
/opt/airflow/dags/pipeline_completo.py                           1           0  0.18s           2025-12-07T22:27:12
================================================================================
[2025-12-07T22:28:11.453+0000] {manager.py:878} INFO - 
================================================================================
DAG File Processing Stats

File Path                               PID    Runtime      # DAGs    # Errors  Last Runtime    Last Run
--------------------------------------  -----  ---------  --------  ----------  --------------  -------------------
/opt/airflow/dags/pipeline_completo.py                           1           0  0.16s           2025-12-07T22:27:42
================================================================================
[2025-12-07T22:28:36.645+0000] {manager.py:737} INFO - Searching for files in /opt/airflow/dags
[2025-12-07T22:28:36.682+0000] {manager.py:740} INFO - There are 1 files in /opt/airflow/dags
[2025-12-07T22:28:41.734+0000] {manager.py:878} INFO - 
================================================================================
DAG File Processing Stats

File Path                               PID    Runtime      # DAGs    # Errors  Last Runtime    Last Run
--------------------------------------  -----  ---------  --------  ----------  --------------  -------------------
/opt/airflow/dags/pipeline_completo.py                           1           0  0.14s           2025-12-07T22:28:12
================================================================================
[2025-12-07T22:29:12.013+0000] {manager.py:878} INFO - 
================================================================================
DAG File Processing Stats

File Path                               PID    Runtime      # DAGs    # Errors  Last Runtime    Last Run
--------------------------------------  -----  ---------  --------  ----------  --------------  -------------------
/opt/airflow/dags/pipeline_completo.py                           1           0  0.19s           2025-12-07T22:28:42
================================================================================
[2025-12-07T22:29:42.267+0000] {manager.py:878} INFO - 
================================================================================
DAG File Processing Stats

File Path                               PID    Runtime      # DAGs    # Errors  Last Runtime    Last Run
--------------------------------------  -----  ---------  --------  ----------  --------------  -------------------
/opt/airflow/dags/pipeline_completo.py                           1           0  0.12s           2025-12-07T22:29:13
================================================================================
[2025-12-07T22:30:04.618+0000] {manager.py:452} INFO - Exiting gracefully upon receiving signal 15
[2025-12-07T22:37:10.437+0000] {manager.py:470} INFO - Processing files using up to 2 processes at a time 
[2025-12-07T22:37:10.440+0000] {manager.py:471} INFO - Process each file at most once every 30 seconds
[2025-12-07T22:37:10.442+0000] {manager.py:472} INFO - Checking for new files in /opt/airflow/dags every 300 seconds
[2025-12-07T22:37:10.444+0000] {manager.py:737} INFO - Searching for files in /opt/airflow/dags
[2025-12-07T22:37:10.571+0000] {manager.py:740} INFO - There are 1 files in /opt/airflow/dags
[2025-12-07T22:37:10.986+0000] {manager.py:878} INFO - 
================================================================================
DAG File Processing Stats

File Path                                 PID  Runtime      # DAGs    # Errors  Last Runtime    Last Run
--------------------------------------  -----  ---------  --------  ----------  --------------  ----------
/opt/airflow/dags/pipeline_completo.py    169  0.04s             0           0
================================================================================
[2025-12-07T22:37:41.302+0000] {manager.py:878} INFO - 
================================================================================
DAG File Processing Stats

File Path                               PID    Runtime      # DAGs    # Errors  Last Runtime    Last Run
--------------------------------------  -----  ---------  --------  ----------  --------------  -------------------
/opt/airflow/dags/pipeline_completo.py                           1           0  0.46s           2025-12-07T22:37:11
================================================================================
[2025-12-07T22:38:11.560+0000] {manager.py:878} INFO - 
================================================================================
DAG File Processing Stats

File Path                               PID    Runtime      # DAGs    # Errors  Last Runtime    Last Run
--------------------------------------  -----  ---------  --------  ----------  --------------  -------------------
/opt/airflow/dags/pipeline_completo.py                           1           0  0.43s           2025-12-07T22:37:42
================================================================================
[2025-12-07T22:38:41.888+0000] {manager.py:878} INFO - 
================================================================================
DAG File Processing Stats

File Path                               PID    Runtime      # DAGs    # Errors  Last Runtime    Last Run
--------------------------------------  -----  ---------  --------  ----------  --------------  -------------------
/opt/airflow/dags/pipeline_completo.py                           1           0  0.42s           2025-12-07T22:38:12
================================================================================
[2025-12-07T22:39:12.619+0000] {manager.py:878} INFO - 
================================================================================
DAG File Processing Stats

File Path                               PID    Runtime      # DAGs    # Errors  Last Runtime    Last Run
--------------------------------------  -----  ---------  --------  ----------  --------------  -------------------
/opt/airflow/dags/pipeline_completo.py                           1           0  0.23s           2025-12-07T22:38:43
================================================================================
[2025-12-07T22:39:42.898+0000] {manager.py:878} INFO - 
================================================================================
DAG File Processing Stats

File Path                               PID    Runtime      # DAGs    # Errors  Last Runtime    Last Run
--------------------------------------  -----  ---------  --------  ----------  --------------  -------------------
/opt/airflow/dags/pipeline_completo.py                           1           0  0.13s           2025-12-07T22:39:13
================================================================================
[2025-12-07T22:40:13.292+0000] {manager.py:878} INFO - 
================================================================================
DAG File Processing Stats

File Path                               PID    Runtime      # DAGs    # Errors  Last Runtime    Last Run
--------------------------------------  -----  ---------  --------  ----------  --------------  -------------------
/opt/airflow/dags/pipeline_completo.py                           1           0  0.18s           2025-12-07T22:39:44
================================================================================
[2025-12-07T22:40:43.696+0000] {manager.py:878} INFO - 
================================================================================
DAG File Processing Stats

File Path                               PID    Runtime      # DAGs    # Errors  Last Runtime    Last Run
--------------------------------------  -----  ---------  --------  ----------  --------------  -------------------
/opt/airflow/dags/pipeline_completo.py                           1           0  0.18s           2025-12-07T22:40:14
================================================================================
[2025-12-07T22:41:14.079+0000] {manager.py:878} INFO - 
================================================================================
DAG File Processing Stats

File Path                               PID    Runtime      # DAGs    # Errors  Last Runtime    Last Run
--------------------------------------  -----  ---------  --------  ----------  --------------  -------------------
/opt/airflow/dags/pipeline_completo.py                           1           0  0.28s           2025-12-07T22:40:44
================================================================================
[2025-12-07T22:41:44.547+0000] {manager.py:878} INFO - 
================================================================================
DAG File Processing Stats

File Path                               PID    Runtime      # DAGs    # Errors  Last Runtime    Last Run
--------------------------------------  -----  ---------  --------  ----------  --------------  -------------------
/opt/airflow/dags/pipeline_completo.py                           1           0  0.22s           2025-12-07T22:41:15
================================================================================
[2025-12-07T22:42:10.834+0000] {manager.py:737} INFO - Searching for files in /opt/airflow/dags
[2025-12-07T22:42:10.871+0000] {manager.py:740} INFO - There are 1 files in /opt/airflow/dags
[2025-12-07T22:42:14.934+0000] {manager.py:878} INFO - 
================================================================================
DAG File Processing Stats

File Path                               PID    Runtime      # DAGs    # Errors  Last Runtime    Last Run
--------------------------------------  -----  ---------  --------  ----------  --------------  -------------------
/opt/airflow/dags/pipeline_completo.py                           1           0  0.14s           2025-12-07T22:41:45
================================================================================
[2025-12-07T22:42:45.293+0000] {manager.py:878} INFO - 
================================================================================
DAG File Processing Stats

File Path                               PID    Runtime      # DAGs    # Errors  Last Runtime    Last Run
--------------------------------------  -----  ---------  --------  ----------  --------------  -------------------
/opt/airflow/dags/pipeline_completo.py                           1           0  0.17s           2025-12-07T22:42:16
================================================================================
[2025-12-07T22:43:15.732+0000] {manager.py:878} INFO - 
================================================================================
DAG File Processing Stats

File Path                               PID    Runtime      # DAGs    # Errors  Last Runtime    Last Run
--------------------------------------  -----  ---------  --------  ----------  --------------  -------------------
/opt/airflow/dags/pipeline_completo.py                           1           0  0.17s           2025-12-07T22:42:46
================================================================================
[2025-12-07T22:43:21.341+0000] {manager.py:452} INFO - Exiting gracefully upon receiving signal 15
[2025-12-07T22:52:12.067+0000] {manager.py:470} INFO - Processing files using up to 2 processes at a time 
[2025-12-07T22:52:12.072+0000] {manager.py:471} INFO - Process each file at most once every 30 seconds
[2025-12-07T22:52:12.076+0000] {manager.py:472} INFO - Checking for new files in /opt/airflow/dags every 300 seconds
[2025-12-07T22:52:12.079+0000] {manager.py:737} INFO - Searching for files in /opt/airflow/dags
[2025-12-07T22:52:12.243+0000] {manager.py:740} INFO - There are 1 files in /opt/airflow/dags
[2025-12-07T22:52:12.708+0000] {manager.py:878} INFO - 
================================================================================
DAG File Processing Stats

File Path                                 PID  Runtime      # DAGs    # Errors  Last Runtime    Last Run
--------------------------------------  -----  ---------  --------  ----------  --------------  ----------
/opt/airflow/dags/pipeline_completo.py    168  0.05s             0           0
================================================================================
[2025-12-07T22:52:42.988+0000] {manager.py:878} INFO - 
================================================================================
DAG File Processing Stats

File Path                               PID    Runtime      # DAGs    # Errors  Last Runtime    Last Run
--------------------------------------  -----  ---------  --------  ----------  --------------  -------------------
/opt/airflow/dags/pipeline_completo.py                           1           0  0.44s           2025-12-07T22:52:13
================================================================================
[2025-12-07T22:53:13.084+0000] {manager.py:878} INFO - 
================================================================================
DAG File Processing Stats

File Path                               PID    Runtime      # DAGs    # Errors  Last Runtime    Last Run
--------------------------------------  -----  ---------  --------  ----------  --------------  -------------------
/opt/airflow/dags/pipeline_completo.py                           1           0  0.36s           2025-12-07T22:52:43
================================================================================
[2025-12-07T22:53:43.379+0000] {manager.py:878} INFO - 
================================================================================
DAG File Processing Stats

File Path                               PID    Runtime      # DAGs    # Errors  Last Runtime    Last Run
--------------------------------------  -----  ---------  --------  ----------  --------------  -------------------
/opt/airflow/dags/pipeline_completo.py                           1           0  0.33s           2025-12-07T22:53:14
================================================================================
[2025-12-07T22:54:14.056+0000] {manager.py:878} INFO - 
================================================================================
DAG File Processing Stats

File Path                               PID    Runtime      # DAGs    # Errors  Last Runtime    Last Run
--------------------------------------  -----  ---------  --------  ----------  --------------  -------------------
/opt/airflow/dags/pipeline_completo.py                           1           0  0.16s           2025-12-07T22:53:44
================================================================================
[2025-12-07T22:54:44.473+0000] {manager.py:878} INFO - 
================================================================================
DAG File Processing Stats

File Path                               PID    Runtime      # DAGs    # Errors  Last Runtime    Last Run
--------------------------------------  -----  ---------  --------  ----------  --------------  -------------------
/opt/airflow/dags/pipeline_completo.py                           1           0  0.23s           2025-12-07T22:54:15
================================================================================
[2025-12-07T22:55:14.946+0000] {manager.py:878} INFO - 
================================================================================
DAG File Processing Stats

File Path                               PID    Runtime      # DAGs    # Errors  Last Runtime    Last Run
--------------------------------------  -----  ---------  --------  ----------  --------------  -------------------
/opt/airflow/dags/pipeline_completo.py                           1           0  0.41s           2025-12-07T22:54:52
================================================================================
[2025-12-07T22:55:45.228+0000] {manager.py:878} INFO - 
================================================================================
DAG File Processing Stats

File Path                               PID    Runtime      # DAGs    # Errors  Last Runtime    Last Run
--------------------------------------  -----  ---------  --------  ----------  --------------  -------------------
/opt/airflow/dags/pipeline_completo.py                           1           0  0.77s           2025-12-07T22:55:23
================================================================================
[2025-12-07T22:56:15.574+0000] {manager.py:878} INFO - 
================================================================================
DAG File Processing Stats

File Path                               PID    Runtime      # DAGs    # Errors  Last Runtime    Last Run
--------------------------------------  -----  ---------  --------  ----------  --------------  -------------------
/opt/airflow/dags/pipeline_completo.py                           1           0  0.15s           2025-12-07T22:55:53
================================================================================
[2025-12-07T22:56:46.002+0000] {manager.py:878} INFO - 
================================================================================
DAG File Processing Stats

File Path                               PID    Runtime      # DAGs    # Errors  Last Runtime    Last Run
--------------------------------------  -----  ---------  --------  ----------  --------------  -------------------
/opt/airflow/dags/pipeline_completo.py                           1           0  0.14s           2025-12-07T22:56:23
================================================================================
[2025-12-07T22:57:12.304+0000] {manager.py:737} INFO - Searching for files in /opt/airflow/dags
[2025-12-07T22:57:12.346+0000] {manager.py:740} INFO - There are 1 files in /opt/airflow/dags
[2025-12-07T22:57:16.405+0000] {manager.py:878} INFO - 
================================================================================
DAG File Processing Stats

File Path                               PID    Runtime      # DAGs    # Errors  Last Runtime    Last Run
--------------------------------------  -----  ---------  --------  ----------  --------------  -------------------
/opt/airflow/dags/pipeline_completo.py                           1           0  0.23s           2025-12-07T22:56:54
================================================================================
[2025-12-07T22:57:46.676+0000] {manager.py:878} INFO - 
================================================================================
DAG File Processing Stats

File Path                               PID    Runtime      # DAGs    # Errors  Last Runtime    Last Run
--------------------------------------  -----  ---------  --------  ----------  --------------  -------------------
/opt/airflow/dags/pipeline_completo.py                           1           0  0.13s           2025-12-07T22:57:24
================================================================================
[2025-12-07T22:58:17.164+0000] {manager.py:878} INFO - 
================================================================================
DAG File Processing Stats

File Path                               PID    Runtime      # DAGs    # Errors  Last Runtime    Last Run
--------------------------------------  -----  ---------  --------  ----------  --------------  -------------------
/opt/airflow/dags/pipeline_completo.py                           1           0  0.36s           2025-12-07T22:57:55
================================================================================
[2025-12-07T22:58:47.467+0000] {manager.py:878} INFO - 
================================================================================
DAG File Processing Stats

File Path                               PID    Runtime      # DAGs    # Errors  Last Runtime    Last Run
--------------------------------------  -----  ---------  --------  ----------  --------------  -------------------
/opt/airflow/dags/pipeline_completo.py                           1           0  0.13s           2025-12-07T22:58:25
================================================================================
[2025-12-07T22:59:17.848+0000] {manager.py:878} INFO - 
================================================================================
DAG File Processing Stats

File Path                               PID    Runtime      # DAGs    # Errors  Last Runtime    Last Run
--------------------------------------  -----  ---------  --------  ----------  --------------  -------------------
/opt/airflow/dags/pipeline_completo.py                           1           0  0.14s           2025-12-07T22:58:55
================================================================================
[2025-12-07T22:59:48.103+0000] {manager.py:878} INFO - 
================================================================================
DAG File Processing Stats

File Path                               PID    Runtime      # DAGs    # Errors  Last Runtime    Last Run
--------------------------------------  -----  ---------  --------  ----------  --------------  -------------------
/opt/airflow/dags/pipeline_completo.py                           1           0  0.16s           2025-12-07T22:59:26
================================================================================
[2025-12-07T23:00:18.535+0000] {manager.py:878} INFO - 
================================================================================
DAG File Processing Stats

File Path                               PID    Runtime      # DAGs    # Errors  Last Runtime    Last Run
--------------------------------------  -----  ---------  --------  ----------  --------------  -------------------
/opt/airflow/dags/pipeline_completo.py                           1           0  0.13s           2025-12-07T22:59:56
================================================================================
[2025-12-07T23:00:48.979+0000] {manager.py:878} INFO - 
================================================================================
DAG File Processing Stats

File Path                               PID    Runtime      # DAGs    # Errors  Last Runtime    Last Run
--------------------------------------  -----  ---------  --------  ----------  --------------  -------------------
/opt/airflow/dags/pipeline_completo.py                           1           0  0.15s           2025-12-07T23:00:26
================================================================================
[2025-12-07T23:01:19.372+0000] {manager.py:878} INFO - 
================================================================================
DAG File Processing Stats

File Path                               PID    Runtime      # DAGs    # Errors  Last Runtime    Last Run
--------------------------------------  -----  ---------  --------  ----------  --------------  -------------------
/opt/airflow/dags/pipeline_completo.py                           1           0  0.32s           2025-12-07T23:00:57
================================================================================
[2025-12-07T23:01:50.044+0000] {manager.py:878} INFO - 
================================================================================
DAG File Processing Stats

File Path                               PID    Runtime      # DAGs    # Errors  Last Runtime    Last Run
--------------------------------------  -----  ---------  --------  ----------  --------------  -------------------
/opt/airflow/dags/pipeline_completo.py                           1           0  0.36s           2025-12-07T23:01:27
================================================================================
[2025-12-07T23:02:12.306+0000] {manager.py:737} INFO - Searching for files in /opt/airflow/dags
[2025-12-07T23:02:12.342+0000] {manager.py:740} INFO - There are 1 files in /opt/airflow/dags
[2025-12-07T23:02:20.449+0000] {manager.py:878} INFO - 
================================================================================
DAG File Processing Stats

File Path                               PID    Runtime      # DAGs    # Errors  Last Runtime    Last Run
--------------------------------------  -----  ---------  --------  ----------  --------------  -------------------
/opt/airflow/dags/pipeline_completo.py                           1           0  0.18s           2025-12-07T23:01:58
================================================================================
[2025-12-07T23:02:27.130+0000] {manager.py:452} INFO - Exiting gracefully upon receiving signal 15
[2025-12-07T23:06:54.926+0000] {manager.py:470} INFO - Processing files using up to 2 processes at a time 
[2025-12-07T23:06:54.929+0000] {manager.py:471} INFO - Process each file at most once every 30 seconds
[2025-12-07T23:06:54.930+0000] {manager.py:472} INFO - Checking for new files in /opt/airflow/dags every 300 seconds
[2025-12-07T23:06:54.932+0000] {manager.py:737} INFO - Searching for files in /opt/airflow/dags
[2025-12-07T23:06:54.978+0000] {manager.py:740} INFO - There are 1 files in /opt/airflow/dags
[2025-12-07T23:06:55.410+0000] {manager.py:878} INFO - 
================================================================================
DAG File Processing Stats

File Path                                 PID  Runtime      # DAGs    # Errors  Last Runtime    Last Run
--------------------------------------  -----  ---------  --------  ----------  --------------  ----------
/opt/airflow/dags/pipeline_completo.py    169  0.04s             0           0
================================================================================
[2025-12-07T23:07:25.722+0000] {manager.py:878} INFO - 
================================================================================
DAG File Processing Stats

File Path                               PID    Runtime      # DAGs    # Errors  Last Runtime    Last Run
--------------------------------------  -----  ---------  --------  ----------  --------------  -------------------
/opt/airflow/dags/pipeline_completo.py                           1           0  0.43s           2025-12-07T23:06:55
================================================================================
[2025-12-07T23:07:55.994+0000] {manager.py:878} INFO - 
================================================================================
DAG File Processing Stats

File Path                               PID    Runtime      # DAGs    # Errors  Last Runtime    Last Run
--------------------------------------  -----  ---------  --------  ----------  --------------  -------------------
/opt/airflow/dags/pipeline_completo.py                           1           0  0.79s           2025-12-07T23:07:26
================================================================================
[2025-12-07T23:08:26.104+0000] {manager.py:878} INFO - 
================================================================================
DAG File Processing Stats

File Path                               PID    Runtime      # DAGs    # Errors  Last Runtime    Last Run
--------------------------------------  -----  ---------  --------  ----------  --------------  -------------------
/opt/airflow/dags/pipeline_completo.py                           1           0  0.72s           2025-12-07T23:07:57
================================================================================
[2025-12-07T23:08:56.369+0000] {manager.py:878} INFO - 
================================================================================
DAG File Processing Stats

File Path                               PID    Runtime      # DAGs    # Errors  Last Runtime    Last Run
--------------------------------------  -----  ---------  --------  ----------  --------------  -------------------
/opt/airflow/dags/pipeline_completo.py                           1           0  0.16s           2025-12-07T23:08:28
================================================================================
[2025-12-07T23:09:26.770+0000] {manager.py:878} INFO - 
================================================================================
DAG File Processing Stats

File Path                               PID    Runtime      # DAGs    # Errors  Last Runtime    Last Run
--------------------------------------  -----  ---------  --------  ----------  --------------  -------------------
/opt/airflow/dags/pipeline_completo.py                           1           0  0.13s           2025-12-07T23:08:58
================================================================================
[2025-12-07T23:09:57.026+0000] {manager.py:878} INFO - 
================================================================================
DAG File Processing Stats

File Path                               PID    Runtime      # DAGs    # Errors  Last Runtime    Last Run
--------------------------------------  -----  ---------  --------  ----------  --------------  -------------------
/opt/airflow/dags/pipeline_completo.py                           1           0  0.15s           2025-12-07T23:09:28
================================================================================
[2025-12-07T23:10:27.435+0000] {manager.py:878} INFO - 
================================================================================
DAG File Processing Stats

File Path                               PID    Runtime      # DAGs    # Errors  Last Runtime    Last Run
--------------------------------------  -----  ---------  --------  ----------  --------------  -------------------
/opt/airflow/dags/pipeline_completo.py                           1           0  0.14s           2025-12-07T23:09:59
================================================================================
[2025-12-07T23:10:57.735+0000] {manager.py:878} INFO - 
================================================================================
DAG File Processing Stats

File Path                               PID    Runtime      # DAGs    # Errors  Last Runtime    Last Run
--------------------------------------  -----  ---------  --------  ----------  --------------  -------------------
/opt/airflow/dags/pipeline_completo.py                           1           0  0.19s           2025-12-07T23:10:29
================================================================================
[2025-12-07T23:11:28.004+0000] {manager.py:878} INFO - 
================================================================================
DAG File Processing Stats

File Path                               PID    Runtime      # DAGs    # Errors  Last Runtime    Last Run
--------------------------------------  -----  ---------  --------  ----------  --------------  -------------------
/opt/airflow/dags/pipeline_completo.py                           1           0  0.13s           2025-12-07T23:10:59
================================================================================
[2025-12-07T23:11:55.320+0000] {manager.py:737} INFO - Searching for files in /opt/airflow/dags
[2025-12-07T23:11:55.600+0000] {manager.py:740} INFO - There are 1 files in /opt/airflow/dags
[2025-12-07T23:11:58.674+0000] {manager.py:878} INFO - 
================================================================================
DAG File Processing Stats

File Path                               PID    Runtime      # DAGs    # Errors  Last Runtime    Last Run
--------------------------------------  -----  ---------  --------  ----------  --------------  -------------------
/opt/airflow/dags/pipeline_completo.py                           1           0  0.13s           2025-12-07T23:11:30
================================================================================
[2025-12-07T23:12:28.950+0000] {manager.py:878} INFO - 
================================================================================
DAG File Processing Stats

File Path                               PID    Runtime      # DAGs    # Errors  Last Runtime    Last Run
--------------------------------------  -----  ---------  --------  ----------  --------------  -------------------
/opt/airflow/dags/pipeline_completo.py                           1           0  0.18s           2025-12-07T23:12:00
================================================================================
[2025-12-07T23:12:59.311+0000] {manager.py:878} INFO - 
================================================================================
DAG File Processing Stats

File Path                               PID    Runtime      # DAGs    # Errors  Last Runtime    Last Run
--------------------------------------  -----  ---------  --------  ----------  --------------  -------------------
/opt/airflow/dags/pipeline_completo.py                           1           0  0.15s           2025-12-07T23:12:31
================================================================================
[2025-12-07T23:13:29.558+0000] {manager.py:878} INFO - 
================================================================================
DAG File Processing Stats

File Path                               PID    Runtime      # DAGs    # Errors  Last Runtime    Last Run
--------------------------------------  -----  ---------  --------  ----------  --------------  -------------------
/opt/airflow/dags/pipeline_completo.py                           1           0  0.23s           2025-12-07T23:13:01
================================================================================
[2025-12-07T23:13:59.662+0000] {manager.py:878} INFO - 
================================================================================
DAG File Processing Stats

File Path                               PID    Runtime      # DAGs    # Errors  Last Runtime    Last Run
--------------------------------------  -----  ---------  --------  ----------  --------------  -------------------
/opt/airflow/dags/pipeline_completo.py                           1           0  0.61s           2025-12-07T23:13:32
================================================================================
[2025-12-07T23:14:30.095+0000] {manager.py:878} INFO - 
================================================================================
DAG File Processing Stats

File Path                               PID    Runtime      # DAGs    # Errors  Last Runtime    Last Run
--------------------------------------  -----  ---------  --------  ----------  --------------  -------------------
/opt/airflow/dags/pipeline_completo.py                           1           0  0.18s           2025-12-07T23:14:06
================================================================================
[2025-12-07T23:15:00.485+0000] {manager.py:878} INFO - 
================================================================================
DAG File Processing Stats

File Path                               PID    Runtime      # DAGs    # Errors  Last Runtime    Last Run
--------------------------------------  -----  ---------  --------  ----------  --------------  -------------------
/opt/airflow/dags/pipeline_completo.py                           1           0  0.23s           2025-12-07T23:14:36
================================================================================
[2025-12-07T23:15:30.798+0000] {manager.py:878} INFO - 
================================================================================
DAG File Processing Stats

File Path                               PID    Runtime      # DAGs    # Errors  Last Runtime    Last Run
--------------------------------------  -----  ---------  --------  ----------  --------------  -------------------
/opt/airflow/dags/pipeline_completo.py                           1           0  0.14s           2025-12-07T23:15:06
================================================================================
[2025-12-07T23:16:01.163+0000] {manager.py:878} INFO - 
================================================================================
DAG File Processing Stats

File Path                               PID    Runtime      # DAGs    # Errors  Last Runtime    Last Run
--------------------------------------  -----  ---------  --------  ----------  --------------  -------------------
/opt/airflow/dags/pipeline_completo.py                           1           0  0.13s           2025-12-07T23:15:36
================================================================================
[2025-12-07T23:16:31.457+0000] {manager.py:878} INFO - 
================================================================================
DAG File Processing Stats

File Path                               PID    Runtime      # DAGs    # Errors  Last Runtime    Last Run
--------------------------------------  -----  ---------  --------  ----------  --------------  -------------------
/opt/airflow/dags/pipeline_completo.py                           1           0  0.16s           2025-12-07T23:16:07
================================================================================
[2025-12-07T23:16:55.760+0000] {manager.py:737} INFO - Searching for files in /opt/airflow/dags
[2025-12-07T23:16:55.994+0000] {manager.py:740} INFO - There are 1 files in /opt/airflow/dags
[2025-12-07T23:17:02.114+0000] {manager.py:878} INFO - 
================================================================================
DAG File Processing Stats

File Path                               PID    Runtime      # DAGs    # Errors  Last Runtime    Last Run
--------------------------------------  -----  ---------  --------  ----------  --------------  -------------------
/opt/airflow/dags/pipeline_completo.py                           1           0  0.11s           2025-12-07T23:16:37
================================================================================
[2025-12-07T23:17:32.382+0000] {manager.py:878} INFO - 
================================================================================
DAG File Processing Stats

File Path                               PID    Runtime      # DAGs    # Errors  Last Runtime    Last Run
--------------------------------------  -----  ---------  --------  ----------  --------------  -------------------
/opt/airflow/dags/pipeline_completo.py                           1           0  0.12s           2025-12-07T23:17:08
================================================================================
[2025-12-07T23:17:58.809+0000] {manager.py:452} INFO - Exiting gracefully upon receiving signal 15
[2025-12-07T23:31:36.077+0000] {manager.py:470} INFO - Processing files using up to 2 processes at a time 
[2025-12-07T23:31:36.080+0000] {manager.py:471} INFO - Process each file at most once every 30 seconds
[2025-12-07T23:31:36.082+0000] {manager.py:472} INFO - Checking for new files in /opt/airflow/dags every 300 seconds
[2025-12-07T23:31:36.084+0000] {manager.py:737} INFO - Searching for files in /opt/airflow/dags
[2025-12-07T23:31:36.201+0000] {manager.py:740} INFO - There are 1 files in /opt/airflow/dags
[2025-12-07T23:31:36.655+0000] {manager.py:878} INFO - 
================================================================================
DAG File Processing Stats

File Path                                 PID  Runtime      # DAGs    # Errors  Last Runtime    Last Run
--------------------------------------  -----  ---------  --------  ----------  --------------  ----------
/opt/airflow/dags/pipeline_completo.py    168  0.08s             0           0
================================================================================
[2025-12-07T23:32:06.960+0000] {manager.py:878} INFO - 
================================================================================
DAG File Processing Stats

File Path                               PID    Runtime      # DAGs    # Errors  Last Runtime    Last Run
--------------------------------------  -----  ---------  --------  ----------  --------------  -------------------
/opt/airflow/dags/pipeline_completo.py                           1           0  0.44s           2025-12-07T23:31:36
================================================================================
[2025-12-07T23:32:37.062+0000] {manager.py:878} INFO - 
================================================================================
DAG File Processing Stats

File Path                               PID    Runtime      # DAGs    # Errors  Last Runtime    Last Run
--------------------------------------  -----  ---------  --------  ----------  --------------  -------------------
/opt/airflow/dags/pipeline_completo.py                           1           0  0.38s           2025-12-07T23:32:07
================================================================================
[2025-12-07T23:33:07.384+0000] {manager.py:878} INFO - 
================================================================================
DAG File Processing Stats

File Path                               PID    Runtime      # DAGs    # Errors  Last Runtime    Last Run
--------------------------------------  -----  ---------  --------  ----------  --------------  -------------------
/opt/airflow/dags/pipeline_completo.py                           1           0  0.69s           2025-12-07T23:32:38
================================================================================
[2025-12-07T23:33:37.410+0000] {manager.py:878} INFO - 
================================================================================
DAG File Processing Stats

File Path                               PID    Runtime      # DAGs    # Errors  Last Runtime    Last Run
--------------------------------------  -----  ---------  --------  ----------  --------------  -------------------
/opt/airflow/dags/pipeline_completo.py                           1           0  0.21s           2025-12-07T23:33:09
================================================================================
[2025-12-07T23:34:07.812+0000] {manager.py:878} INFO - 
================================================================================
DAG File Processing Stats

File Path                               PID    Runtime      # DAGs    # Errors  Last Runtime    Last Run
--------------------------------------  -----  ---------  --------  ----------  --------------  -------------------
/opt/airflow/dags/pipeline_completo.py                           1           0  0.21s           2025-12-07T23:33:39
================================================================================
[2025-12-07T23:34:38.175+0000] {manager.py:878} INFO - 
================================================================================
DAG File Processing Stats

File Path                               PID    Runtime      # DAGs    # Errors  Last Runtime    Last Run
--------------------------------------  -----  ---------  --------  ----------  --------------  -------------------
/opt/airflow/dags/pipeline_completo.py                           1           0  0.13s           2025-12-07T23:34:09
================================================================================
[2025-12-07T23:35:08.441+0000] {manager.py:878} INFO - 
================================================================================
DAG File Processing Stats

File Path                               PID    Runtime      # DAGs    # Errors  Last Runtime    Last Run
--------------------------------------  -----  ---------  --------  ----------  --------------  -------------------
/opt/airflow/dags/pipeline_completo.py                           1           0  0.12s           2025-12-07T23:34:40
================================================================================
[2025-12-07T23:35:38.806+0000] {manager.py:878} INFO - 
================================================================================
DAG File Processing Stats

File Path                               PID    Runtime      # DAGs    # Errors  Last Runtime    Last Run
--------------------------------------  -----  ---------  --------  ----------  --------------  -------------------
/opt/airflow/dags/pipeline_completo.py                           1           0  0.13s           2025-12-07T23:35:10
================================================================================
[2025-12-07T23:36:09.127+0000] {manager.py:878} INFO - 
================================================================================
DAG File Processing Stats

File Path                               PID    Runtime      # DAGs    # Errors  Last Runtime    Last Run
--------------------------------------  -----  ---------  --------  ----------  --------------  -------------------
/opt/airflow/dags/pipeline_completo.py                           1           0  0.13s           2025-12-07T23:35:40
================================================================================
[2025-12-07T23:36:36.541+0000] {manager.py:737} INFO - Searching for files in /opt/airflow/dags
[2025-12-07T23:36:36.772+0000] {manager.py:740} INFO - There are 1 files in /opt/airflow/dags
[2025-12-07T23:36:39.822+0000] {manager.py:878} INFO - 
================================================================================
DAG File Processing Stats

File Path                               PID    Runtime      # DAGs    # Errors  Last Runtime    Last Run
--------------------------------------  -----  ---------  --------  ----------  --------------  -------------------
/opt/airflow/dags/pipeline_completo.py                           1           0  0.35s           2025-12-07T23:36:11
================================================================================
[2025-12-07T23:37:10.161+0000] {manager.py:878} INFO - 
================================================================================
DAG File Processing Stats

File Path                               PID    Runtime      # DAGs    # Errors  Last Runtime    Last Run
--------------------------------------  -----  ---------  --------  ----------  --------------  -------------------
/opt/airflow/dags/pipeline_completo.py                           1           0  0.15s           2025-12-07T23:36:42
================================================================================
[2025-12-07T23:37:28.540+0000] {manager.py:452} INFO - Exiting gracefully upon receiving signal 15
