[2025-12-07T22:25:27.992+0000] {local_task_job_runner.py:120} INFO - ::group::Pre task execution logs
[2025-12-07T22:25:28.100+0000] {taskinstance.py:2076} INFO - Dependencies all met for dep_context=non-requeueable deps ti=<TaskInstance: flujo_etl_completo.dbt_transformacion scheduled__2025-12-07T21:00:00+00:00 [queued]>
[2025-12-07T22:25:28.119+0000] {taskinstance.py:2076} INFO - Dependencies all met for dep_context=requeueable deps ti=<TaskInstance: flujo_etl_completo.dbt_transformacion scheduled__2025-12-07T21:00:00+00:00 [queued]>
[2025-12-07T22:25:28.121+0000] {taskinstance.py:2306} INFO - Starting attempt 1 of 1
[2025-12-07T22:25:28.153+0000] {taskinstance.py:2330} INFO - Executing <Task(DockerOperator): dbt_transformacion> on 2025-12-07 21:00:00+00:00
[2025-12-07T22:25:28.164+0000] {standard_task_runner.py:90} INFO - Running: ['***', 'tasks', 'run', 'flujo_etl_completo', 'dbt_transformacion', 'scheduled__2025-12-07T21:00:00+00:00', '--job-id', '4', '--raw', '--subdir', 'DAGS_FOLDER/pipeline_completo.py', '--cfg-path', '/tmp/tmphflfe8d5']
[2025-12-07T22:25:28.168+0000] {logging_mixin.py:188} WARNING - /home/***/.local/lib/python3.12/site-packages/***/task/task_runner/standard_task_runner.py:61 DeprecationWarning: This process (pid=192) is multi-threaded, use of fork() may lead to deadlocks in the child.
[2025-12-07T22:25:28.169+0000] {standard_task_runner.py:91} INFO - Job 4: Subtask dbt_transformacion
[2025-12-07T22:25:28.169+0000] {standard_task_runner.py:63} INFO - Started process 193 to run task
[2025-12-07T22:25:28.280+0000] {task_command.py:426} INFO - Running <TaskInstance: flujo_etl_completo.dbt_transformacion scheduled__2025-12-07T21:00:00+00:00 [running]> on host 8edfc02dbbca
[2025-12-07T22:25:28.429+0000] {taskinstance.py:2648} INFO - Exporting env vars: AIRFLOW_CTX_DAG_OWNER='tu_nombre' AIRFLOW_CTX_DAG_ID='flujo_etl_completo' AIRFLOW_CTX_TASK_ID='dbt_transformacion' AIRFLOW_CTX_EXECUTION_DATE='2025-12-07T21:00:00+00:00' AIRFLOW_CTX_TRY_NUMBER='1' AIRFLOW_CTX_DAG_RUN_ID='scheduled__2025-12-07T21:00:00+00:00'
[2025-12-07T22:25:28.431+0000] {taskinstance.py:430} INFO - ::endgroup::
[2025-12-07T22:25:28.600+0000] {docker.py:366} INFO - Starting docker container from image dbt:latest
[2025-12-07T22:25:29.312+0000] {docker.py:436} INFO - Iniciando dbt run...
[2025-12-07T22:25:32.943+0000] {docker.py:436} INFO - [0m22:25:32  Running with dbt=1.10.15
[2025-12-07T22:25:32.951+0000] {docker.py:436} INFO - [0m22:25:32  Encountered an error:
Parsing Error
  Env var required but not provided: 'POSTGRES_HOST'
[2025-12-07T22:25:33.640+0000] {docker.py:436} INFO - Exito dbt
Iniciando dbt run...
[2025-12-07T22:25:35.411+0000] {docker.py:436} INFO - [0m22:25:35  Running with dbt=1.10.15
[2025-12-07T22:25:35.419+0000] {docker.py:436} INFO - [0m22:25:35  Encountered an error:
Parsing Error
  Env var required but not provided: 'POSTGRES_HOST'
[2025-12-07T22:25:36.051+0000] {docker.py:436} INFO - Exito dbt
Iniciando dbt run...
[2025-12-07T22:25:37.373+0000] {docker.py:436} INFO - [0m22:25:37  Running with dbt=1.10.15
[2025-12-07T22:25:37.377+0000] {docker.py:436} INFO - [0m22:25:37  Encountered an error:
Parsing Error
  Env var required but not provided: 'POSTGRES_HOST'
[2025-12-07T22:25:38.008+0000] {docker.py:436} INFO - Exito dbt
Iniciando dbt run...
[2025-12-07T22:25:39.327+0000] {docker.py:436} INFO - [0m22:25:39  Running with dbt=1.10.15
[2025-12-07T22:25:39.338+0000] {docker.py:436} INFO - [0m22:25:39  Encountered an error:
Parsing Error
  Env var required but not provided: 'POSTGRES_HOST'
[2025-12-07T22:25:40.115+0000] {docker.py:436} INFO - Exito dbt
Iniciando dbt run...
[2025-12-07T22:25:41.568+0000] {docker.py:436} INFO - [0m22:25:41  Running with dbt=1.10.15
[2025-12-07T22:25:41.571+0000] {docker.py:436} INFO - [0m22:25:41  Encountered an error:
Parsing Error
  Env var required but not provided: 'POSTGRES_HOST'
[2025-12-07T22:25:42.199+0000] {docker.py:436} INFO - Exito dbt
Iniciando dbt run...
[2025-12-07T22:25:43.404+0000] {docker.py:436} INFO - [0m22:25:43  Running with dbt=1.10.15
[2025-12-07T22:25:43.408+0000] {docker.py:436} INFO - [0m22:25:43  Encountered an error:
Parsing Error
  Env var required but not provided: 'POSTGRES_HOST'
[2025-12-07T22:25:44.048+0000] {docker.py:436} INFO - Exito dbt
Iniciando dbt run...
[2025-12-07T22:25:45.318+0000] {docker.py:436} INFO - [0m22:25:45  Running with dbt=1.10.15
[2025-12-07T22:25:45.324+0000] {docker.py:436} INFO - [0m22:25:45  Encountered an error:
Parsing Error
  Env var required but not provided: 'POSTGRES_HOST'
[2025-12-07T22:25:45.982+0000] {docker.py:436} INFO - Exito dbt
Iniciando dbt run...
[2025-12-07T22:25:47.426+0000] {docker.py:436} INFO - [0m22:25:47  Running with dbt=1.10.15
[2025-12-07T22:25:47.431+0000] {docker.py:436} INFO - [0m22:25:47  Encountered an error:
Parsing Error
  Env var required but not provided: 'POSTGRES_HOST'
[2025-12-07T22:25:48.035+0000] {docker.py:436} INFO - Exito dbt
Iniciando dbt run...
[2025-12-07T22:25:49.230+0000] {docker.py:436} INFO - [0m22:25:49  Running with dbt=1.10.15
[2025-12-07T22:25:49.236+0000] {docker.py:436} INFO - [0m22:25:49  Encountered an error:
Parsing Error
  Env var required but not provided: 'POSTGRES_HOST'
[2025-12-07T22:25:49.946+0000] {docker.py:436} INFO - Exito dbt
Iniciando dbt run...
[2025-12-07T22:25:51.220+0000] {docker.py:436} INFO - [0m22:25:51  Running with dbt=1.10.15
[2025-12-07T22:25:51.223+0000] {docker.py:436} INFO - [0m22:25:51  Encountered an error:
Parsing Error
  Env var required but not provided: 'POSTGRES_HOST'
[2025-12-07T22:25:51.816+0000] {docker.py:436} INFO - Exito dbt
Iniciando dbt run...
[2025-12-07T22:25:53.085+0000] {docker.py:436} INFO - [0m22:25:53  Running with dbt=1.10.15
[2025-12-07T22:25:53.089+0000] {docker.py:436} INFO - [0m22:25:53  Encountered an error:
Parsing Error
  Env var required but not provided: 'POSTGRES_HOST'
[2025-12-07T22:25:53.722+0000] {docker.py:436} INFO - Exito dbt
Iniciando dbt run...
[2025-12-07T22:25:54.882+0000] {docker.py:436} INFO - [0m22:25:54  Running with dbt=1.10.15
[2025-12-07T22:25:54.885+0000] {docker.py:436} INFO - [0m22:25:54  Encountered an error:
Parsing Error
  Env var required but not provided: 'POSTGRES_HOST'
[2025-12-07T22:25:55.473+0000] {docker.py:436} INFO - Exito dbt
Iniciando dbt run...
[2025-12-07T22:25:56.638+0000] {docker.py:436} INFO - [0m22:25:56  Running with dbt=1.10.15
[2025-12-07T22:25:56.642+0000] {docker.py:436} INFO - [0m22:25:56  Encountered an error:
Parsing Error
  Env var required but not provided: 'POSTGRES_HOST'
[2025-12-07T22:25:57.265+0000] {docker.py:436} INFO - Exito dbt
Iniciando dbt run...
[2025-12-07T22:25:58.779+0000] {docker.py:436} INFO - [0m22:25:58  Running with dbt=1.10.15
[2025-12-07T22:25:58.788+0000] {docker.py:436} INFO - [0m22:25:58  Encountered an error:
Parsing Error
  Env var required but not provided: 'POSTGRES_HOST'
[2025-12-07T22:25:59.530+0000] {docker.py:436} INFO - Exito dbt
Iniciando dbt run...
[2025-12-07T22:26:00.909+0000] {docker.py:436} INFO - [0m22:26:00  Running with dbt=1.10.15
[2025-12-07T22:26:00.914+0000] {docker.py:436} INFO - [0m22:26:00  Encountered an error:
Parsing Error
  Env var required but not provided: 'POSTGRES_HOST'
[2025-12-07T22:26:01.543+0000] {docker.py:436} INFO - Exito dbt
Iniciando dbt run...
[2025-12-07T22:26:02.756+0000] {docker.py:436} INFO - [0m22:26:02  Running with dbt=1.10.15
[2025-12-07T22:26:02.760+0000] {docker.py:436} INFO - [0m22:26:02  Encountered an error:
Parsing Error
  Env var required but not provided: 'POSTGRES_HOST'
[2025-12-07T22:26:03.359+0000] {docker.py:436} INFO - Exito dbt
Iniciando dbt run...
[2025-12-07T22:26:04.699+0000] {docker.py:436} INFO - [0m22:26:04  Running with dbt=1.10.15
[2025-12-07T22:26:04.717+0000] {docker.py:436} INFO - [0m22:26:04  Encountered an error:
Parsing Error
  Env var required but not provided: 'POSTGRES_HOST'
[2025-12-07T22:26:05.377+0000] {docker.py:436} INFO - Exito dbt
Iniciando dbt run...
[2025-12-07T22:26:06.542+0000] {docker.py:436} INFO - [0m22:26:06  Running with dbt=1.10.15
[2025-12-07T22:26:06.545+0000] {docker.py:436} INFO - [0m22:26:06  Encountered an error:
Parsing Error
  Env var required but not provided: 'POSTGRES_HOST'
[2025-12-07T22:26:07.152+0000] {docker.py:436} INFO - Exito dbt
Iniciando dbt run...
[2025-12-07T22:26:08.297+0000] {docker.py:436} INFO - [0m22:26:08  Running with dbt=1.10.15
[2025-12-07T22:26:08.301+0000] {docker.py:436} INFO - [0m22:26:08  Encountered an error:
Parsing Error
  Env var required but not provided: 'POSTGRES_HOST'
[2025-12-07T22:26:08.949+0000] {docker.py:436} INFO - Exito dbt
Iniciando dbt run...
[2025-12-07T22:26:10.384+0000] {docker.py:436} INFO - [0m22:26:10  Running with dbt=1.10.15
[2025-12-07T22:26:10.390+0000] {docker.py:436} INFO - [0m22:26:10  Encountered an error:
Parsing Error
  Env var required but not provided: 'POSTGRES_HOST'
[2025-12-07T22:26:11.026+0000] {docker.py:436} INFO - Exito dbt
Iniciando dbt run...
[2025-12-07T22:26:12.481+0000] {docker.py:436} INFO - [0m22:26:12  Running with dbt=1.10.15
[2025-12-07T22:26:12.486+0000] {docker.py:436} INFO - [0m22:26:12  Encountered an error:
Parsing Error
  Env var required but not provided: 'POSTGRES_HOST'
[2025-12-07T22:26:13.092+0000] {docker.py:436} INFO - Exito dbt
Iniciando dbt run...
[2025-12-07T22:26:14.323+0000] {docker.py:436} INFO - [0m22:26:14  Running with dbt=1.10.15
[2025-12-07T22:26:14.328+0000] {docker.py:436} INFO - [0m22:26:14  Encountered an error:
Parsing Error
  Env var required but not provided: 'POSTGRES_HOST'
[2025-12-07T22:26:15.017+0000] {docker.py:436} INFO - Exito dbt
Iniciando dbt run...
[2025-12-07T22:26:16.247+0000] {docker.py:436} INFO - [0m22:26:16  Running with dbt=1.10.15
[2025-12-07T22:26:16.251+0000] {docker.py:436} INFO - [0m22:26:16  Encountered an error:
Parsing Error
  Env var required but not provided: 'POSTGRES_HOST'
[2025-12-07T22:26:16.852+0000] {docker.py:436} INFO - Exito dbt
Iniciando dbt run...
[2025-12-07T22:26:18.010+0000] {docker.py:436} INFO - [0m22:26:18  Running with dbt=1.10.15
[2025-12-07T22:26:18.014+0000] {docker.py:436} INFO - [0m22:26:18  Encountered an error:
Parsing Error
  Env var required but not provided: 'POSTGRES_HOST'
[2025-12-07T22:26:18.659+0000] {docker.py:436} INFO - Exito dbt
Iniciando dbt run...
[2025-12-07T22:26:19.814+0000] {docker.py:436} INFO - [0m22:26:19  Running with dbt=1.10.15
[2025-12-07T22:26:19.818+0000] {docker.py:436} INFO - [0m22:26:19  Encountered an error:
Parsing Error
  Env var required but not provided: 'POSTGRES_HOST'
[2025-12-07T22:26:20.482+0000] {docker.py:436} INFO - Exito dbt
Iniciando dbt run...
[2025-12-07T22:26:22.067+0000] {docker.py:436} INFO - [0m22:26:22  Running with dbt=1.10.15
[2025-12-07T22:26:22.070+0000] {docker.py:436} INFO - [0m22:26:22  Encountered an error:
Parsing Error
  Env var required but not provided: 'POSTGRES_HOST'
[2025-12-07T22:26:22.699+0000] {docker.py:436} INFO - Exito dbt
Iniciando dbt run...
[2025-12-07T22:26:23.890+0000] {docker.py:436} INFO - [0m22:26:23  Running with dbt=1.10.15
[2025-12-07T22:26:23.894+0000] {docker.py:436} INFO - [0m22:26:23  Encountered an error:
Parsing Error
  Env var required but not provided: 'POSTGRES_HOST'
[2025-12-07T22:26:24.538+0000] {docker.py:436} INFO - Exito dbt
Iniciando dbt run...
[2025-12-07T22:26:25.731+0000] {docker.py:436} INFO - [0m22:26:25  Running with dbt=1.10.15
[2025-12-07T22:26:25.735+0000] {docker.py:436} INFO - [0m22:26:25  Encountered an error:
Parsing Error
  Env var required but not provided: 'POSTGRES_HOST'
[2025-12-07T22:26:26.361+0000] {docker.py:436} INFO - Exito dbt
Iniciando dbt run...
[2025-12-07T22:26:27.479+0000] {docker.py:436} INFO - [0m22:26:27  Running with dbt=1.10.15
[2025-12-07T22:26:27.483+0000] {docker.py:436} INFO - [0m22:26:27  Encountered an error:
Parsing Error
  Env var required but not provided: 'POSTGRES_HOST'
[2025-12-07T22:26:28.091+0000] {docker.py:436} INFO - Exito dbt
Iniciando dbt run...
[2025-12-07T22:26:29.382+0000] {docker.py:436} INFO - [0m22:26:29  Running with dbt=1.10.15
[2025-12-07T22:26:29.386+0000] {docker.py:436} INFO - [0m22:26:29  Encountered an error:
Parsing Error
  Env var required but not provided: 'POSTGRES_HOST'
[2025-12-07T22:26:30.036+0000] {docker.py:436} INFO - Exito dbt
Iniciando dbt run...
[2025-12-07T22:26:32.152+0000] {docker.py:436} INFO - [0m22:26:32  Running with dbt=1.10.15
[2025-12-07T22:26:32.161+0000] {docker.py:436} INFO - [0m22:26:32  Encountered an error:
Parsing Error
  Env var required but not provided: 'POSTGRES_HOST'
[2025-12-07T22:26:32.833+0000] {docker.py:436} INFO - Exito dbt
Iniciando dbt run...
[2025-12-07T22:26:34.090+0000] {docker.py:436} INFO - [0m22:26:34  Running with dbt=1.10.15
[2025-12-07T22:26:34.093+0000] {docker.py:436} INFO - [0m22:26:34  Encountered an error:
Parsing Error
  Env var required but not provided: 'POSTGRES_HOST'
[2025-12-07T22:26:34.825+0000] {docker.py:436} INFO - Exito dbt
Iniciando dbt run...
[2025-12-07T22:26:36.106+0000] {docker.py:436} INFO - [0m22:26:36  Running with dbt=1.10.15
[2025-12-07T22:26:36.111+0000] {docker.py:436} INFO - [0m22:26:36  Encountered an error:
Parsing Error
  Env var required but not provided: 'POSTGRES_HOST'
[2025-12-07T22:26:36.687+0000] {docker.py:436} INFO - Exito dbt
Iniciando dbt run...
[2025-12-07T22:26:37.791+0000] {docker.py:436} INFO - [0m22:26:37  Running with dbt=1.10.15
[2025-12-07T22:26:37.797+0000] {docker.py:436} INFO - [0m22:26:37  Encountered an error:
Parsing Error
  Env var required but not provided: 'POSTGRES_HOST'
[2025-12-07T22:26:38.425+0000] {docker.py:436} INFO - Exito dbt
Iniciando dbt run...
[2025-12-07T22:26:39.625+0000] {docker.py:436} INFO - [0m22:26:39  Running with dbt=1.10.15
[2025-12-07T22:26:39.629+0000] {docker.py:436} INFO - [0m22:26:39  Encountered an error:
Parsing Error
  Env var required but not provided: 'POSTGRES_HOST'
[2025-12-07T22:26:40.265+0000] {docker.py:436} INFO - Exito dbt
Iniciando dbt run...
[2025-12-07T22:26:41.709+0000] {docker.py:436} INFO - [0m22:26:41  Running with dbt=1.10.15
[2025-12-07T22:26:41.718+0000] {docker.py:436} INFO - [0m22:26:41  Encountered an error:
Parsing Error
  Env var required but not provided: 'POSTGRES_HOST'
[2025-12-07T22:26:42.411+0000] {docker.py:436} INFO - Exito dbt
Iniciando dbt run...
[2025-12-07T22:26:43.924+0000] {docker.py:436} INFO - [0m22:26:43  Running with dbt=1.10.15
[2025-12-07T22:26:43.929+0000] {docker.py:436} INFO - [0m22:26:43  Encountered an error:
Parsing Error
  Env var required but not provided: 'POSTGRES_HOST'
[2025-12-07T22:26:44.690+0000] {docker.py:436} INFO - Exito dbt
Iniciando dbt run...
[2025-12-07T22:26:46.022+0000] {docker.py:436} INFO - [0m22:26:46  Running with dbt=1.10.15
[2025-12-07T22:26:46.028+0000] {docker.py:436} INFO - [0m22:26:46  Encountered an error:
Parsing Error
  Env var required but not provided: 'POSTGRES_HOST'
[2025-12-07T22:26:46.711+0000] {docker.py:436} INFO - Exito dbt
Iniciando dbt run...
[2025-12-07T22:26:47.908+0000] {docker.py:436} INFO - [0m22:26:47  Running with dbt=1.10.15
[2025-12-07T22:26:47.912+0000] {docker.py:436} INFO - [0m22:26:47  Encountered an error:
Parsing Error
  Env var required but not provided: 'POSTGRES_HOST'
[2025-12-07T22:26:48.508+0000] {docker.py:436} INFO - Exito dbt
Iniciando dbt run...
[2025-12-07T22:26:49.600+0000] {docker.py:436} INFO - [0m22:26:49  Running with dbt=1.10.15
[2025-12-07T22:26:49.604+0000] {docker.py:436} INFO - [0m22:26:49  Encountered an error:
Parsing Error
  Env var required but not provided: 'POSTGRES_HOST'
[2025-12-07T22:26:50.494+0000] {docker.py:436} INFO - Exito dbt
Iniciando dbt run...
[2025-12-07T22:26:51.695+0000] {docker.py:436} INFO - [0m22:26:51  Running with dbt=1.10.15
[2025-12-07T22:26:51.700+0000] {docker.py:436} INFO - [0m22:26:51  Encountered an error:
Parsing Error
  Env var required but not provided: 'POSTGRES_HOST'
[2025-12-07T22:26:52.325+0000] {docker.py:436} INFO - Exito dbt
Iniciando dbt run...
[2025-12-07T22:26:53.624+0000] {docker.py:436} INFO - [0m22:26:53  Running with dbt=1.10.15
[2025-12-07T22:26:53.631+0000] {docker.py:436} INFO - [0m22:26:53  Encountered an error:
Parsing Error
  Env var required but not provided: 'POSTGRES_HOST'
[2025-12-07T22:26:54.253+0000] {docker.py:436} INFO - Exito dbt
Iniciando dbt run...
[2025-12-07T22:26:55.848+0000] {docker.py:436} INFO - [0m22:26:55  Running with dbt=1.10.15
[2025-12-07T22:26:55.853+0000] {docker.py:436} INFO - [0m22:26:55  Encountered an error:
Parsing Error
  Env var required but not provided: 'POSTGRES_HOST'
[2025-12-07T22:26:56.509+0000] {docker.py:436} INFO - Exito dbt
Iniciando dbt run...
[2025-12-07T22:26:57.794+0000] {docker.py:436} INFO - [0m22:26:57  Running with dbt=1.10.15
[2025-12-07T22:26:57.799+0000] {docker.py:436} INFO - [0m22:26:57  Encountered an error:
Parsing Error
  Env var required but not provided: 'POSTGRES_HOST'
[2025-12-07T22:26:58.416+0000] {docker.py:436} INFO - Exito dbt
Iniciando dbt run...
[2025-12-07T22:26:59.709+0000] {docker.py:436} INFO - [0m22:26:59  Running with dbt=1.10.15
[2025-12-07T22:26:59.713+0000] {docker.py:436} INFO - [0m22:26:59  Encountered an error:
Parsing Error
  Env var required but not provided: 'POSTGRES_HOST'
[2025-12-07T22:27:00.346+0000] {docker.py:436} INFO - Exito dbt
Iniciando dbt run...
[2025-12-07T22:27:01.557+0000] {docker.py:436} INFO - [0m22:27:01  Running with dbt=1.10.15
[2025-12-07T22:27:01.563+0000] {docker.py:436} INFO - [0m22:27:01  Encountered an error:
Parsing Error
  Env var required but not provided: 'POSTGRES_HOST'
[2025-12-07T22:27:02.234+0000] {docker.py:436} INFO - Exito dbt
Iniciando dbt run...
[2025-12-07T22:27:03.581+0000] {docker.py:436} INFO - [0m22:27:03  Running with dbt=1.10.15
[2025-12-07T22:27:03.585+0000] {docker.py:436} INFO - [0m22:27:03  Encountered an error:
Parsing Error
  Env var required but not provided: 'POSTGRES_HOST'
[2025-12-07T22:27:04.214+0000] {docker.py:436} INFO - Exito dbt
Iniciando dbt run...
[2025-12-07T22:27:05.497+0000] {docker.py:436} INFO - [0m22:27:05  Running with dbt=1.10.15
[2025-12-07T22:27:05.501+0000] {docker.py:436} INFO - [0m22:27:05  Encountered an error:
Parsing Error
  Env var required but not provided: 'POSTGRES_HOST'
[2025-12-07T22:27:06.235+0000] {docker.py:436} INFO - Exito dbt
Iniciando dbt run...
[2025-12-07T22:27:07.792+0000] {docker.py:436} INFO - [0m22:27:07  Running with dbt=1.10.15
[2025-12-07T22:27:07.799+0000] {docker.py:436} INFO - [0m22:27:07  Encountered an error:
Parsing Error
  Env var required but not provided: 'POSTGRES_HOST'
[2025-12-07T22:27:08.438+0000] {docker.py:436} INFO - Exito dbt
Iniciando dbt run...
[2025-12-07T22:27:09.615+0000] {docker.py:436} INFO - [0m22:27:09  Running with dbt=1.10.15
[2025-12-07T22:27:09.619+0000] {docker.py:436} INFO - [0m22:27:09  Encountered an error:
Parsing Error
  Env var required but not provided: 'POSTGRES_HOST'
[2025-12-07T22:27:10.333+0000] {docker.py:436} INFO - Exito dbt
Iniciando dbt run...
[2025-12-07T22:27:12.315+0000] {docker.py:436} INFO - [0m22:27:12  Running with dbt=1.10.15
[2025-12-07T22:27:12.319+0000] {docker.py:436} INFO - [0m22:27:12  Encountered an error:
Parsing Error
  Env var required but not provided: 'POSTGRES_HOST'
[2025-12-07T22:27:12.970+0000] {docker.py:436} INFO - Exito dbt
Iniciando dbt run...
[2025-12-07T22:27:14.218+0000] {docker.py:436} INFO - [0m22:27:14  Running with dbt=1.10.15
[2025-12-07T22:27:14.221+0000] {docker.py:436} INFO - [0m22:27:14  Encountered an error:
Parsing Error
  Env var required but not provided: 'POSTGRES_HOST'
[2025-12-07T22:27:14.886+0000] {docker.py:436} INFO - Exito dbt
Iniciando dbt run...
[2025-12-07T22:27:16.095+0000] {docker.py:436} INFO - [0m22:27:16  Running with dbt=1.10.15
[2025-12-07T22:27:16.100+0000] {docker.py:436} INFO - [0m22:27:16  Encountered an error:
Parsing Error
  Env var required but not provided: 'POSTGRES_HOST'
[2025-12-07T22:27:16.676+0000] {docker.py:436} INFO - Exito dbt
Iniciando dbt run...
[2025-12-07T22:27:18.021+0000] {docker.py:436} INFO - [0m22:27:18  Running with dbt=1.10.15
[2025-12-07T22:27:18.029+0000] {docker.py:436} INFO - [0m22:27:18  Encountered an error:
Parsing Error
  Env var required but not provided: 'POSTGRES_HOST'
[2025-12-07T22:27:18.790+0000] {docker.py:436} INFO - Exito dbt
Iniciando dbt run...
[2025-12-07T22:27:20.487+0000] {docker.py:436} INFO - [0m22:27:20  Running with dbt=1.10.15
[2025-12-07T22:27:20.491+0000] {docker.py:436} INFO - [0m22:27:20  Encountered an error:
Parsing Error
  Env var required but not provided: 'POSTGRES_HOST'
[2025-12-07T22:27:21.146+0000] {docker.py:436} INFO - Exito dbt
Iniciando dbt run...
[2025-12-07T22:27:22.420+0000] {docker.py:436} INFO - [0m22:27:22  Running with dbt=1.10.15
[2025-12-07T22:27:22.424+0000] {docker.py:436} INFO - [0m22:27:22  Encountered an error:
Parsing Error
  Env var required but not provided: 'POSTGRES_HOST'
[2025-12-07T22:27:23.049+0000] {docker.py:436} INFO - Exito dbt
Iniciando dbt run...
[2025-12-07T22:27:24.247+0000] {docker.py:436} INFO - [0m22:27:24  Running with dbt=1.10.15
[2025-12-07T22:27:24.250+0000] {docker.py:436} INFO - [0m22:27:24  Encountered an error:
Parsing Error
  Env var required but not provided: 'POSTGRES_HOST'
[2025-12-07T22:27:24.859+0000] {docker.py:436} INFO - Exito dbt
Iniciando dbt run...
[2025-12-07T22:27:26.025+0000] {docker.py:436} INFO - [0m22:27:26  Running with dbt=1.10.15
[2025-12-07T22:27:26.029+0000] {docker.py:436} INFO - [0m22:27:26  Encountered an error:
Parsing Error
  Env var required but not provided: 'POSTGRES_HOST'
[2025-12-07T22:27:26.650+0000] {docker.py:436} INFO - Exito dbt
Iniciando dbt run...
[2025-12-07T22:27:27.751+0000] {docker.py:436} INFO - [0m22:27:27  Running with dbt=1.10.15
[2025-12-07T22:27:27.753+0000] {docker.py:436} INFO - [0m22:27:27  Encountered an error:
Parsing Error
  Env var required but not provided: 'POSTGRES_HOST'
[2025-12-07T22:27:28.355+0000] {docker.py:436} INFO - Exito dbt
Iniciando dbt run...
[2025-12-07T22:27:29.782+0000] {docker.py:436} INFO - [0m22:27:29  Running with dbt=1.10.15
[2025-12-07T22:27:29.791+0000] {docker.py:436} INFO - [0m22:27:29  Encountered an error:
Parsing Error
  Env var required but not provided: 'POSTGRES_HOST'
[2025-12-07T22:27:30.516+0000] {docker.py:436} INFO - Exito dbt
Iniciando dbt run...
[2025-12-07T22:27:32.572+0000] {docker.py:436} INFO - [0m22:27:32  Running with dbt=1.10.15
[2025-12-07T22:27:32.575+0000] {docker.py:436} INFO - [0m22:27:32  Encountered an error:
Parsing Error
  Env var required but not provided: 'POSTGRES_HOST'
[2025-12-07T22:27:33.217+0000] {docker.py:436} INFO - Exito dbt
Iniciando dbt run...
[2025-12-07T22:27:34.265+0000] {docker.py:436} INFO - [0m22:27:34  Running with dbt=1.10.15
[2025-12-07T22:27:34.269+0000] {docker.py:436} INFO - [0m22:27:34  Encountered an error:
Parsing Error
  Env var required but not provided: 'POSTGRES_HOST'
[2025-12-07T22:27:34.927+0000] {docker.py:436} INFO - Exito dbt
Iniciando dbt run...
[2025-12-07T22:27:35.999+0000] {docker.py:436} INFO - [0m22:27:35  Running with dbt=1.10.15
[2025-12-07T22:27:36.003+0000] {docker.py:436} INFO - [0m22:27:36  Encountered an error:
Parsing Error
  Env var required but not provided: 'POSTGRES_HOST'
[2025-12-07T22:27:36.603+0000] {docker.py:436} INFO - Exito dbt
Iniciando dbt run...
[2025-12-07T22:27:37.677+0000] {docker.py:436} INFO - [0m22:27:37  Running with dbt=1.10.15
[2025-12-07T22:27:37.681+0000] {docker.py:436} INFO - [0m22:27:37  Encountered an error:
Parsing Error
  Env var required but not provided: 'POSTGRES_HOST'
[2025-12-07T22:27:38.308+0000] {docker.py:436} INFO - Exito dbt
Iniciando dbt run...
[2025-12-07T22:27:39.499+0000] {docker.py:436} INFO - [0m22:27:39  Running with dbt=1.10.15
[2025-12-07T22:27:39.504+0000] {docker.py:436} INFO - [0m22:27:39  Encountered an error:
Parsing Error
  Env var required but not provided: 'POSTGRES_HOST'
[2025-12-07T22:27:40.154+0000] {docker.py:436} INFO - Exito dbt
Iniciando dbt run...
[2025-12-07T22:27:41.438+0000] {docker.py:436} INFO - [0m22:27:41  Running with dbt=1.10.15
[2025-12-07T22:27:41.441+0000] {docker.py:436} INFO - [0m22:27:41  Encountered an error:
Parsing Error
  Env var required but not provided: 'POSTGRES_HOST'
[2025-12-07T22:27:42.080+0000] {docker.py:436} INFO - Exito dbt
Iniciando dbt run...
[2025-12-07T22:27:43.498+0000] {docker.py:436} INFO - [0m22:27:43  Running with dbt=1.10.15
[2025-12-07T22:27:43.503+0000] {docker.py:436} INFO - [0m22:27:43  Encountered an error:
Parsing Error
  Env var required but not provided: 'POSTGRES_HOST'
[2025-12-07T22:27:44.096+0000] {docker.py:436} INFO - Exito dbt
Iniciando dbt run...
[2025-12-07T22:27:45.165+0000] {docker.py:436} INFO - [0m22:27:45  Running with dbt=1.10.15
[2025-12-07T22:27:45.168+0000] {docker.py:436} INFO - [0m22:27:45  Encountered an error:
Parsing Error
  Env var required but not provided: 'POSTGRES_HOST'
[2025-12-07T22:27:45.782+0000] {docker.py:436} INFO - Exito dbt
Iniciando dbt run...
[2025-12-07T22:27:46.880+0000] {docker.py:436} INFO - [0m22:27:46  Running with dbt=1.10.15
[2025-12-07T22:27:46.883+0000] {docker.py:436} INFO - [0m22:27:46  Encountered an error:
Parsing Error
  Env var required but not provided: 'POSTGRES_HOST'
[2025-12-07T22:27:47.501+0000] {docker.py:436} INFO - Exito dbt
Iniciando dbt run...
[2025-12-07T22:27:48.660+0000] {docker.py:436} INFO - [0m22:27:48  Running with dbt=1.10.15
[2025-12-07T22:27:48.664+0000] {docker.py:436} INFO - [0m22:27:48  Encountered an error:
Parsing Error
  Env var required but not provided: 'POSTGRES_HOST'
[2025-12-07T22:27:49.310+0000] {docker.py:436} INFO - Exito dbt
Iniciando dbt run...
[2025-12-07T22:27:50.570+0000] {docker.py:436} INFO - [0m22:27:50  Running with dbt=1.10.15
[2025-12-07T22:27:50.575+0000] {docker.py:436} INFO - [0m22:27:50  Encountered an error:
Parsing Error
  Env var required but not provided: 'POSTGRES_HOST'
[2025-12-07T22:27:51.213+0000] {docker.py:436} INFO - Exito dbt
Iniciando dbt run...
[2025-12-07T22:27:52.548+0000] {docker.py:436} INFO - [0m22:27:52  Running with dbt=1.10.15
[2025-12-07T22:27:52.551+0000] {docker.py:436} INFO - [0m22:27:52  Encountered an error:
Parsing Error
  Env var required but not provided: 'POSTGRES_HOST'
[2025-12-07T22:27:53.161+0000] {docker.py:436} INFO - Exito dbt
Iniciando dbt run...
[2025-12-07T22:27:54.398+0000] {docker.py:436} INFO - [0m22:27:54  Running with dbt=1.10.15
[2025-12-07T22:27:54.402+0000] {docker.py:436} INFO - [0m22:27:54  Encountered an error:
Parsing Error
  Env var required but not provided: 'POSTGRES_HOST'
[2025-12-07T22:27:55.078+0000] {docker.py:436} INFO - Exito dbt
Iniciando dbt run...
[2025-12-07T22:27:56.395+0000] {docker.py:436} INFO - [0m22:27:56  Running with dbt=1.10.15
[2025-12-07T22:27:56.400+0000] {docker.py:436} INFO - [0m22:27:56  Encountered an error:
Parsing Error
  Env var required but not provided: 'POSTGRES_HOST'
[2025-12-07T22:27:57.014+0000] {docker.py:436} INFO - Exito dbt
Iniciando dbt run...
[2025-12-07T22:27:58.307+0000] {docker.py:436} INFO - [0m22:27:58  Running with dbt=1.10.15
[2025-12-07T22:27:58.311+0000] {docker.py:436} INFO - [0m22:27:58  Encountered an error:
Parsing Error
  Env var required but not provided: 'POSTGRES_HOST'
[2025-12-07T22:27:58.881+0000] {docker.py:436} INFO - Exito dbt
Iniciando dbt run...
[2025-12-07T22:28:00.203+0000] {docker.py:436} INFO - [0m22:28:00  Running with dbt=1.10.15
[2025-12-07T22:28:00.207+0000] {docker.py:436} INFO - [0m22:28:00  Encountered an error:
Parsing Error
  Env var required but not provided: 'POSTGRES_HOST'
[2025-12-07T22:28:00.907+0000] {docker.py:436} INFO - Exito dbt
Iniciando dbt run...
[2025-12-07T22:28:02.385+0000] {docker.py:436} INFO - [0m22:28:02  Running with dbt=1.10.15
[2025-12-07T22:28:02.390+0000] {docker.py:436} INFO - [0m22:28:02  Encountered an error:
Parsing Error
  Env var required but not provided: 'POSTGRES_HOST'
[2025-12-07T22:28:02.987+0000] {docker.py:436} INFO - Exito dbt
Iniciando dbt run...
[2025-12-07T22:28:04.119+0000] {docker.py:436} INFO - [0m22:28:04  Running with dbt=1.10.15
[2025-12-07T22:28:04.124+0000] {docker.py:436} INFO - [0m22:28:04  Encountered an error:
Parsing Error
  Env var required but not provided: 'POSTGRES_HOST'
[2025-12-07T22:28:04.778+0000] {docker.py:436} INFO - Exito dbt
Iniciando dbt run...
[2025-12-07T22:28:06.471+0000] {docker.py:436} INFO - [0m22:28:06  Running with dbt=1.10.15
[2025-12-07T22:28:06.480+0000] {docker.py:436} INFO - [0m22:28:06  Encountered an error:
Parsing Error
  Env var required but not provided: 'POSTGRES_HOST'
[2025-12-07T22:28:07.202+0000] {docker.py:436} INFO - Exito dbt
Iniciando dbt run...
[2025-12-07T22:28:08.524+0000] {docker.py:436} INFO - [0m22:28:08  Running with dbt=1.10.15
[2025-12-07T22:28:08.527+0000] {docker.py:436} INFO - [0m22:28:08  Encountered an error:
Parsing Error
  Env var required but not provided: 'POSTGRES_HOST'
[2025-12-07T22:28:09.114+0000] {docker.py:436} INFO - Exito dbt
Iniciando dbt run...
[2025-12-07T22:28:10.368+0000] {docker.py:436} INFO - [0m22:28:10  Running with dbt=1.10.15
[2025-12-07T22:28:10.372+0000] {docker.py:436} INFO - [0m22:28:10  Encountered an error:
Parsing Error
  Env var required but not provided: 'POSTGRES_HOST'
[2025-12-07T22:28:11.007+0000] {docker.py:436} INFO - Exito dbt
Iniciando dbt run...
[2025-12-07T22:28:12.361+0000] {docker.py:436} INFO - [0m22:28:12  Running with dbt=1.10.15
[2025-12-07T22:28:12.366+0000] {docker.py:436} INFO - [0m22:28:12  Encountered an error:
Parsing Error
  Env var required but not provided: 'POSTGRES_HOST'
[2025-12-07T22:28:13.001+0000] {docker.py:436} INFO - Exito dbt
Iniciando dbt run...
[2025-12-07T22:28:14.255+0000] {docker.py:436} INFO - [0m22:28:14  Running with dbt=1.10.15
[2025-12-07T22:28:14.259+0000] {docker.py:436} INFO - [0m22:28:14  Encountered an error:
Parsing Error
  Env var required but not provided: 'POSTGRES_HOST'
[2025-12-07T22:28:14.899+0000] {docker.py:436} INFO - Exito dbt
Iniciando dbt run...
[2025-12-07T22:28:16.172+0000] {docker.py:436} INFO - [0m22:28:16  Running with dbt=1.10.15
[2025-12-07T22:28:16.177+0000] {docker.py:436} INFO - [0m22:28:16  Encountered an error:
Parsing Error
  Env var required but not provided: 'POSTGRES_HOST'
[2025-12-07T22:28:16.807+0000] {docker.py:436} INFO - Exito dbt
Iniciando dbt run...
[2025-12-07T22:28:18.200+0000] {docker.py:436} INFO - [0m22:28:18  Running with dbt=1.10.15
[2025-12-07T22:28:18.205+0000] {docker.py:436} INFO - [0m22:28:18  Encountered an error:
Parsing Error
  Env var required but not provided: 'POSTGRES_HOST'
[2025-12-07T22:28:18.823+0000] {docker.py:436} INFO - Exito dbt
Iniciando dbt run...
[2025-12-07T22:28:20.003+0000] {docker.py:436} INFO - [0m22:28:20  Running with dbt=1.10.15
[2025-12-07T22:28:20.008+0000] {docker.py:436} INFO - [0m22:28:20  Encountered an error:
Parsing Error
  Env var required but not provided: 'POSTGRES_HOST'
[2025-12-07T22:28:20.602+0000] {docker.py:436} INFO - Exito dbt
Iniciando dbt run...
[2025-12-07T22:28:21.867+0000] {docker.py:436} INFO - [0m22:28:21  Running with dbt=1.10.15
[2025-12-07T22:28:21.871+0000] {docker.py:436} INFO - [0m22:28:21  Encountered an error:
Parsing Error
  Env var required but not provided: 'POSTGRES_HOST'
[2025-12-07T22:28:22.454+0000] {docker.py:436} INFO - Exito dbt
Iniciando dbt run...
[2025-12-07T22:28:23.666+0000] {docker.py:436} INFO - [0m22:28:23  Running with dbt=1.10.15
[2025-12-07T22:28:23.669+0000] {docker.py:436} INFO - [0m22:28:23  Encountered an error:
Parsing Error
  Env var required but not provided: 'POSTGRES_HOST'
[2025-12-07T22:28:24.243+0000] {docker.py:436} INFO - Exito dbt
Iniciando dbt run...
[2025-12-07T22:28:25.429+0000] {docker.py:436} INFO - [0m22:28:25  Running with dbt=1.10.15
[2025-12-07T22:28:25.433+0000] {docker.py:436} INFO - [0m22:28:25  Encountered an error:
Parsing Error
  Env var required but not provided: 'POSTGRES_HOST'
[2025-12-07T22:28:26.101+0000] {docker.py:436} INFO - Exito dbt
Iniciando dbt run...
[2025-12-07T22:28:27.493+0000] {docker.py:436} INFO - [0m22:28:27  Running with dbt=1.10.15
[2025-12-07T22:28:27.496+0000] {docker.py:436} INFO - [0m22:28:27  Encountered an error:
Parsing Error
  Env var required but not provided: 'POSTGRES_HOST'
[2025-12-07T22:28:28.087+0000] {docker.py:436} INFO - Exito dbt
Iniciando dbt run...
[2025-12-07T22:28:29.648+0000] {docker.py:436} INFO - [0m22:28:29  Running with dbt=1.10.15
[2025-12-07T22:28:29.657+0000] {docker.py:436} INFO - [0m22:28:29  Encountered an error:
Parsing Error
  Env var required but not provided: 'POSTGRES_HOST'
[2025-12-07T22:28:30.400+0000] {docker.py:436} INFO - Exito dbt
Iniciando dbt run...
[2025-12-07T22:28:32.721+0000] {docker.py:436} INFO - [0m22:28:32  Running with dbt=1.10.15
[2025-12-07T22:28:32.726+0000] {docker.py:436} INFO - [0m22:28:32  Encountered an error:
Parsing Error
  Env var required but not provided: 'POSTGRES_HOST'
[2025-12-07T22:28:33.381+0000] {docker.py:436} INFO - Exito dbt
Iniciando dbt run...
[2025-12-07T22:28:34.708+0000] {docker.py:436} INFO - [0m22:28:34  Running with dbt=1.10.15
[2025-12-07T22:28:34.714+0000] {docker.py:436} INFO - [0m22:28:34  Encountered an error:
Parsing Error
  Env var required but not provided: 'POSTGRES_HOST'
[2025-12-07T22:28:35.419+0000] {docker.py:436} INFO - Exito dbt
Iniciando dbt run...
[2025-12-07T22:28:36.744+0000] {docker.py:436} INFO - [0m22:28:36  Running with dbt=1.10.15
[2025-12-07T22:28:36.748+0000] {docker.py:436} INFO - [0m22:28:36  Encountered an error:
Parsing Error
  Env var required but not provided: 'POSTGRES_HOST'
[2025-12-07T22:28:37.384+0000] {docker.py:436} INFO - Exito dbt
Iniciando dbt run...
[2025-12-07T22:28:38.652+0000] {docker.py:436} INFO - [0m22:28:38  Running with dbt=1.10.15
[2025-12-07T22:28:38.658+0000] {docker.py:436} INFO - [0m22:28:38  Encountered an error:
Parsing Error
  Env var required but not provided: 'POSTGRES_HOST'
[2025-12-07T22:28:39.295+0000] {docker.py:436} INFO - Exito dbt
Iniciando dbt run...
[2025-12-07T22:28:40.695+0000] {docker.py:436} INFO - [0m22:28:40  Running with dbt=1.10.15
[2025-12-07T22:28:40.703+0000] {docker.py:436} INFO - [0m22:28:40  Encountered an error:
Parsing Error
  Env var required but not provided: 'POSTGRES_HOST'
[2025-12-07T22:28:41.466+0000] {docker.py:436} INFO - Exito dbt
Iniciando dbt run...
[2025-12-07T22:28:43.098+0000] {docker.py:436} INFO - [0m22:28:43  Running with dbt=1.10.15
[2025-12-07T22:28:43.104+0000] {docker.py:436} INFO - [0m22:28:43  Encountered an error:
Parsing Error
  Env var required but not provided: 'POSTGRES_HOST'
[2025-12-07T22:28:43.756+0000] {docker.py:436} INFO - Exito dbt
Iniciando dbt run...
[2025-12-07T22:28:45.176+0000] {docker.py:436} INFO - [0m22:28:45  Running with dbt=1.10.15
[2025-12-07T22:28:45.181+0000] {docker.py:436} INFO - [0m22:28:45  Encountered an error:
Parsing Error
  Env var required but not provided: 'POSTGRES_HOST'
[2025-12-07T22:28:45.808+0000] {docker.py:436} INFO - Exito dbt
Iniciando dbt run...
[2025-12-07T22:28:47.266+0000] {docker.py:436} INFO - [0m22:28:47  Running with dbt=1.10.15
[2025-12-07T22:28:47.271+0000] {docker.py:436} INFO - [0m22:28:47  Encountered an error:
Parsing Error
  Env var required but not provided: 'POSTGRES_HOST'
[2025-12-07T22:28:47.919+0000] {docker.py:436} INFO - Exito dbt
Iniciando dbt run...
[2025-12-07T22:28:49.119+0000] {docker.py:436} INFO - [0m22:28:49  Running with dbt=1.10.15
[2025-12-07T22:28:49.123+0000] {docker.py:436} INFO - [0m22:28:49  Encountered an error:
Parsing Error
  Env var required but not provided: 'POSTGRES_HOST'
[2025-12-07T22:28:49.848+0000] {docker.py:436} INFO - Exito dbt
Iniciando dbt run...
[2025-12-07T22:28:50.894+0000] {docker.py:436} INFO - [0m22:28:50  Running with dbt=1.10.15
[2025-12-07T22:28:50.895+0000] {docker.py:436} INFO - [0m22:28:50  Encountered an error:
Parsing Error
  Env var required but not provided: 'POSTGRES_HOST'
[2025-12-07T22:28:51.529+0000] {docker.py:436} INFO - Exito dbt
Iniciando dbt run...
[2025-12-07T22:28:52.888+0000] {docker.py:436} INFO - [0m22:28:52  Running with dbt=1.10.15
[2025-12-07T22:28:52.894+0000] {docker.py:436} INFO - [0m22:28:52  Encountered an error:
Parsing Error
  Env var required but not provided: 'POSTGRES_HOST'
[2025-12-07T22:28:53.554+0000] {docker.py:436} INFO - Exito dbt
Iniciando dbt run...
[2025-12-07T22:28:54.787+0000] {docker.py:436} INFO - [0m22:28:54  Running with dbt=1.10.15
[2025-12-07T22:28:54.790+0000] {docker.py:436} INFO - [0m22:28:54  Encountered an error:
Parsing Error
  Env var required but not provided: 'POSTGRES_HOST'
[2025-12-07T22:28:55.442+0000] {docker.py:436} INFO - Exito dbt
Iniciando dbt run...
[2025-12-07T22:28:56.682+0000] {docker.py:436} INFO - [0m22:28:56  Running with dbt=1.10.15
[2025-12-07T22:28:56.687+0000] {docker.py:436} INFO - [0m22:28:56  Encountered an error:
Parsing Error
  Env var required but not provided: 'POSTGRES_HOST'
[2025-12-07T22:28:57.318+0000] {docker.py:436} INFO - Exito dbt
Iniciando dbt run...
[2025-12-07T22:28:58.489+0000] {docker.py:436} INFO - [0m22:28:58  Running with dbt=1.10.15
[2025-12-07T22:28:58.494+0000] {docker.py:436} INFO - [0m22:28:58  Encountered an error:
Parsing Error
  Env var required but not provided: 'POSTGRES_HOST'
[2025-12-07T22:28:59.139+0000] {docker.py:436} INFO - Exito dbt
Iniciando dbt run...
[2025-12-07T22:29:00.295+0000] {docker.py:436} INFO - [0m22:29:00  Running with dbt=1.10.15
[2025-12-07T22:29:00.299+0000] {docker.py:436} INFO - [0m22:29:00  Encountered an error:
Parsing Error
  Env var required but not provided: 'POSTGRES_HOST'
[2025-12-07T22:29:00.961+0000] {docker.py:436} INFO - Exito dbt
Iniciando dbt run...
[2025-12-07T22:29:02.283+0000] {docker.py:436} INFO - [0m22:29:02  Running with dbt=1.10.15
[2025-12-07T22:29:02.288+0000] {docker.py:436} INFO - [0m22:29:02  Encountered an error:
Parsing Error
  Env var required but not provided: 'POSTGRES_HOST'
[2025-12-07T22:29:02.910+0000] {docker.py:436} INFO - Exito dbt
Iniciando dbt run...
[2025-12-07T22:29:03.987+0000] {docker.py:436} INFO - [0m22:29:03  Running with dbt=1.10.15
[2025-12-07T22:29:03.992+0000] {docker.py:436} INFO - [0m22:29:03  Encountered an error:
Parsing Error
  Env var required but not provided: 'POSTGRES_HOST'
[2025-12-07T22:29:04.643+0000] {docker.py:436} INFO - Exito dbt
Iniciando dbt run...
[2025-12-07T22:29:05.901+0000] {docker.py:436} INFO - [0m22:29:05  Running with dbt=1.10.15
[2025-12-07T22:29:05.905+0000] {docker.py:436} INFO - [0m22:29:05  Encountered an error:
Parsing Error
  Env var required but not provided: 'POSTGRES_HOST'
[2025-12-07T22:29:06.494+0000] {docker.py:436} INFO - Exito dbt
Iniciando dbt run...
[2025-12-07T22:29:07.619+0000] {docker.py:436} INFO - [0m22:29:07  Running with dbt=1.10.15
[2025-12-07T22:29:07.623+0000] {docker.py:436} INFO - [0m22:29:07  Encountered an error:
Parsing Error
  Env var required but not provided: 'POSTGRES_HOST'
[2025-12-07T22:29:08.245+0000] {docker.py:436} INFO - Exito dbt
Iniciando dbt run...
[2025-12-07T22:29:09.280+0000] {docker.py:436} INFO - [0m22:29:09  Running with dbt=1.10.15
[2025-12-07T22:29:09.283+0000] {docker.py:436} INFO - [0m22:29:09  Encountered an error:
Parsing Error
  Env var required but not provided: 'POSTGRES_HOST'
[2025-12-07T22:29:09.881+0000] {docker.py:436} INFO - Exito dbt
Iniciando dbt run...
[2025-12-07T22:29:10.965+0000] {docker.py:436} INFO - [0m22:29:10  Running with dbt=1.10.15
[2025-12-07T22:29:10.979+0000] {docker.py:436} INFO - [0m22:29:10  Encountered an error:
Parsing Error
  Env var required but not provided: 'POSTGRES_HOST'
[2025-12-07T22:29:11.627+0000] {docker.py:436} INFO - Exito dbt
Iniciando dbt run...
[2025-12-07T22:29:12.842+0000] {docker.py:436} INFO - [0m22:29:12  Running with dbt=1.10.15
[2025-12-07T22:29:12.845+0000] {docker.py:436} INFO - [0m22:29:12  Encountered an error:
Parsing Error
  Env var required but not provided: 'POSTGRES_HOST'
[2025-12-07T22:29:13.439+0000] {docker.py:436} INFO - Exito dbt
Iniciando dbt run...
[2025-12-07T22:29:14.573+0000] {docker.py:436} INFO - [0m22:29:14  Running with dbt=1.10.15
[2025-12-07T22:29:14.576+0000] {docker.py:436} INFO - [0m22:29:14  Encountered an error:
Parsing Error
  Env var required but not provided: 'POSTGRES_HOST'
[2025-12-07T22:29:15.165+0000] {docker.py:436} INFO - Exito dbt
Iniciando dbt run...
[2025-12-07T22:29:16.610+0000] {docker.py:436} INFO - [0m22:29:16  Running with dbt=1.10.15
[2025-12-07T22:29:16.614+0000] {docker.py:436} INFO - [0m22:29:16  Encountered an error:
Parsing Error
  Env var required but not provided: 'POSTGRES_HOST'
[2025-12-07T22:29:17.209+0000] {docker.py:436} INFO - Exito dbt
Iniciando dbt run...
[2025-12-07T22:29:18.409+0000] {docker.py:436} INFO - [0m22:29:18  Running with dbt=1.10.15
[2025-12-07T22:29:18.413+0000] {docker.py:436} INFO - [0m22:29:18  Encountered an error:
Parsing Error
  Env var required but not provided: 'POSTGRES_HOST'
[2025-12-07T22:29:19.000+0000] {docker.py:436} INFO - Exito dbt
Iniciando dbt run...
[2025-12-07T22:29:20.189+0000] {docker.py:436} INFO - [0m22:29:20  Running with dbt=1.10.15
[2025-12-07T22:29:20.194+0000] {docker.py:436} INFO - [0m22:29:20  Encountered an error:
Parsing Error
  Env var required but not provided: 'POSTGRES_HOST'
[2025-12-07T22:29:20.779+0000] {docker.py:436} INFO - Exito dbt
Iniciando dbt run...
[2025-12-07T22:29:22.087+0000] {docker.py:436} INFO - [0m22:29:22  Running with dbt=1.10.15
[2025-12-07T22:29:22.092+0000] {docker.py:436} INFO - [0m22:29:22  Encountered an error:
Parsing Error
  Env var required but not provided: 'POSTGRES_HOST'
[2025-12-07T22:29:22.689+0000] {docker.py:436} INFO - Exito dbt
Iniciando dbt run...
[2025-12-07T22:29:23.772+0000] {docker.py:436} INFO - [0m22:29:23  Running with dbt=1.10.15
[2025-12-07T22:29:23.776+0000] {docker.py:436} INFO - [0m22:29:23  Encountered an error:
Parsing Error
  Env var required but not provided: 'POSTGRES_HOST'
[2025-12-07T22:29:24.407+0000] {docker.py:436} INFO - Exito dbt
Iniciando dbt run...
[2025-12-07T22:29:25.536+0000] {docker.py:436} INFO - [0m22:29:25  Running with dbt=1.10.15
[2025-12-07T22:29:25.541+0000] {docker.py:436} INFO - [0m22:29:25  Encountered an error:
Parsing Error
  Env var required but not provided: 'POSTGRES_HOST'
[2025-12-07T22:29:26.209+0000] {docker.py:436} INFO - Exito dbt
Iniciando dbt run...
[2025-12-07T22:29:27.594+0000] {docker.py:436} INFO - [0m22:29:27  Running with dbt=1.10.15
[2025-12-07T22:29:27.600+0000] {docker.py:436} INFO - [0m22:29:27  Encountered an error:
Parsing Error
  Env var required but not provided: 'POSTGRES_HOST'
[2025-12-07T22:29:28.207+0000] {docker.py:436} INFO - Exito dbt
Iniciando dbt run...
[2025-12-07T22:29:29.402+0000] {docker.py:436} INFO - [0m22:29:29  Running with dbt=1.10.15
[2025-12-07T22:29:29.404+0000] {docker.py:436} INFO - [0m22:29:29  Encountered an error:
Parsing Error
  Env var required but not provided: 'POSTGRES_HOST'
[2025-12-07T22:29:29.978+0000] {docker.py:436} INFO - Exito dbt
Iniciando dbt run...
[2025-12-07T22:29:31.768+0000] {docker.py:436} INFO - [0m22:29:31  Running with dbt=1.10.15
[2025-12-07T22:29:31.775+0000] {docker.py:436} INFO - [0m22:29:31  Encountered an error:
Parsing Error
  Env var required but not provided: 'POSTGRES_HOST'
[2025-12-07T22:29:32.448+0000] {docker.py:436} INFO - Exito dbt
Iniciando dbt run...
[2025-12-07T22:29:33.644+0000] {docker.py:436} INFO - [0m22:29:33  Running with dbt=1.10.15
[2025-12-07T22:29:33.646+0000] {docker.py:436} INFO - [0m22:29:33  Encountered an error:
Parsing Error
  Env var required but not provided: 'POSTGRES_HOST'
[2025-12-07T22:29:34.259+0000] {docker.py:436} INFO - Exito dbt
Iniciando dbt run...
[2025-12-07T22:29:35.392+0000] {docker.py:436} INFO - [0m22:29:35  Running with dbt=1.10.15
[2025-12-07T22:29:35.395+0000] {docker.py:436} INFO - [0m22:29:35  Encountered an error:
Parsing Error
  Env var required but not provided: 'POSTGRES_HOST'
[2025-12-07T22:29:36.081+0000] {docker.py:436} INFO - Exito dbt
Iniciando dbt run...
[2025-12-07T22:29:37.222+0000] {docker.py:436} INFO - [0m22:29:37  Running with dbt=1.10.15
[2025-12-07T22:29:37.225+0000] {docker.py:436} INFO - [0m22:29:37  Encountered an error:
Parsing Error
  Env var required but not provided: 'POSTGRES_HOST'
[2025-12-07T22:29:37.809+0000] {docker.py:436} INFO - Exito dbt
Iniciando dbt run...
[2025-12-07T22:29:39.083+0000] {docker.py:436} INFO - [0m22:29:39  Running with dbt=1.10.15
[2025-12-07T22:29:39.088+0000] {docker.py:436} INFO - [0m22:29:39  Encountered an error:
Parsing Error
  Env var required but not provided: 'POSTGRES_HOST'
[2025-12-07T22:29:39.702+0000] {docker.py:436} INFO - Exito dbt
Iniciando dbt run...
[2025-12-07T22:29:40.952+0000] {docker.py:436} INFO - [0m22:29:40  Running with dbt=1.10.15
[2025-12-07T22:29:40.954+0000] {docker.py:436} INFO - [0m22:29:40  Encountered an error:
Parsing Error
  Env var required but not provided: 'POSTGRES_HOST'
[2025-12-07T22:29:41.645+0000] {docker.py:436} INFO - Exito dbt
Iniciando dbt run...
[2025-12-07T22:29:42.930+0000] {docker.py:436} INFO - [0m22:29:42  Running with dbt=1.10.15
[2025-12-07T22:29:42.935+0000] {docker.py:436} INFO - [0m22:29:42  Encountered an error:
Parsing Error
  Env var required but not provided: 'POSTGRES_HOST'
[2025-12-07T22:29:43.560+0000] {docker.py:436} INFO - Exito dbt
Iniciando dbt run...
[2025-12-07T22:29:44.689+0000] {docker.py:436} INFO - [0m22:29:44  Running with dbt=1.10.15
[2025-12-07T22:29:44.693+0000] {docker.py:436} INFO - [0m22:29:44  Encountered an error:
Parsing Error
  Env var required but not provided: 'POSTGRES_HOST'
[2025-12-07T22:29:45.279+0000] {docker.py:436} INFO - Exito dbt
Iniciando dbt run...
[2025-12-07T22:29:46.370+0000] {docker.py:436} INFO - [0m22:29:46  Running with dbt=1.10.15
[2025-12-07T22:29:46.375+0000] {docker.py:436} INFO - [0m22:29:46  Encountered an error:
Parsing Error
  Env var required but not provided: 'POSTGRES_HOST'
[2025-12-07T22:29:46.976+0000] {docker.py:436} INFO - Exito dbt
Iniciando dbt run...
[2025-12-07T22:29:48.337+0000] {docker.py:436} INFO - [0m22:29:48  Running with dbt=1.10.15
[2025-12-07T22:29:48.340+0000] {docker.py:436} INFO - [0m22:29:48  Encountered an error:
Parsing Error
  Env var required but not provided: 'POSTGRES_HOST'
[2025-12-07T22:29:48.998+0000] {docker.py:436} INFO - Exito dbt
Iniciando dbt run...
[2025-12-07T22:29:50.468+0000] {docker.py:436} INFO - [0m22:29:50  Running with dbt=1.10.15
[2025-12-07T22:29:50.473+0000] {docker.py:436} INFO - [0m22:29:50  Encountered an error:
Parsing Error
  Env var required but not provided: 'POSTGRES_HOST'
[2025-12-07T22:29:51.143+0000] {docker.py:436} INFO - Exito dbt
Iniciando dbt run...
[2025-12-07T22:29:52.543+0000] {docker.py:436} INFO - [0m22:29:52  Running with dbt=1.10.15
[2025-12-07T22:29:52.546+0000] {docker.py:436} INFO - [0m22:29:52  Encountered an error:
Parsing Error
  Env var required but not provided: 'POSTGRES_HOST'
[2025-12-07T22:29:53.160+0000] {docker.py:436} INFO - Exito dbt
Iniciando dbt run...
[2025-12-07T22:29:54.244+0000] {docker.py:436} INFO - [0m22:29:54  Running with dbt=1.10.15
[2025-12-07T22:29:54.247+0000] {docker.py:436} INFO - [0m22:29:54  Encountered an error:
Parsing Error
  Env var required but not provided: 'POSTGRES_HOST'
[2025-12-07T22:29:54.836+0000] {docker.py:436} INFO - Exito dbt
Iniciando dbt run...
[2025-12-07T22:29:56.158+0000] {docker.py:436} INFO - [0m22:29:56  Running with dbt=1.10.15
[2025-12-07T22:29:56.164+0000] {docker.py:436} INFO - [0m22:29:56  Encountered an error:
Parsing Error
  Env var required but not provided: 'POSTGRES_HOST'
[2025-12-07T22:29:56.837+0000] {docker.py:436} INFO - Exito dbt
Iniciando dbt run...
[2025-12-07T22:29:58.584+0000] {docker.py:436} INFO - [0m22:29:58  Running with dbt=1.10.15
[2025-12-07T22:29:58.589+0000] {docker.py:436} INFO - [0m22:29:58  Encountered an error:
Parsing Error
  Env var required but not provided: 'POSTGRES_HOST'
[2025-12-07T22:29:59.225+0000] {docker.py:436} INFO - Exito dbt
Iniciando dbt run...
[2025-12-07T22:30:00.645+0000] {docker.py:436} INFO - [0m22:30:00  Running with dbt=1.10.15
[2025-12-07T22:30:00.651+0000] {docker.py:436} INFO - [0m22:30:00  Encountered an error:
Parsing Error
  Env var required but not provided: 'POSTGRES_HOST'
[2025-12-07T22:30:01.446+0000] {docker.py:436} INFO - Exito dbt
Iniciando dbt run...
[2025-12-07T22:30:03.232+0000] {docker.py:436} INFO - [0m22:30:03  Running with dbt=1.10.15
[2025-12-07T22:30:03.238+0000] {docker.py:436} INFO - [0m22:30:03  Encountered an error:
Parsing Error
  Env var required but not provided: 'POSTGRES_HOST'
[2025-12-07T22:30:03.610+0000] {local_task_job_runner.py:124} ERROR - Received SIGTERM. Terminating subprocesses
[2025-12-07T22:30:03.711+0000] {process_utils.py:132} INFO - Sending 15 to group 193. PIDs of all processes in the group: [193]
[2025-12-07T22:30:03.716+0000] {process_utils.py:87} INFO - Sending the signal 15 to group 193
[2025-12-07T22:30:03.719+0000] {taskinstance.py:2611} ERROR - Received SIGTERM. Terminating subprocesses.
[2025-12-07T22:30:03.722+0000] {docker.py:528} INFO - Stopping docker container
[2025-12-07T22:30:08.833+0000] {local_task_job_runner.py:124} ERROR - Received SIGTERM. Terminating subprocesses
[2025-12-07T22:30:08.835+0000] {process_utils.py:132} INFO - Sending 15 to group 193. PIDs of all processes in the group: [193]
[2025-12-07T22:38:44.287+0000] {local_task_job_runner.py:120} INFO - ::group::Pre task execution logs
[2025-12-07T22:38:44.353+0000] {taskinstance.py:2076} INFO - Dependencies all met for dep_context=non-requeueable deps ti=<TaskInstance: flujo_etl_completo.dbt_transformacion scheduled__2025-12-07T21:00:00+00:00 [queued]>
[2025-12-07T22:38:44.365+0000] {taskinstance.py:2076} INFO - Dependencies all met for dep_context=requeueable deps ti=<TaskInstance: flujo_etl_completo.dbt_transformacion scheduled__2025-12-07T21:00:00+00:00 [queued]>
[2025-12-07T22:38:44.367+0000] {taskinstance.py:2306} INFO - Starting attempt 1 of 1
[2025-12-07T22:38:44.386+0000] {taskinstance.py:2330} INFO - Executing <Task(DockerOperator): dbt_transformacion> on 2025-12-07 21:00:00+00:00
[2025-12-07T22:38:44.394+0000] {standard_task_runner.py:90} INFO - Running: ['***', 'tasks', 'run', 'flujo_etl_completo', 'dbt_transformacion', 'scheduled__2025-12-07T21:00:00+00:00', '--job-id', '4', '--raw', '--subdir', 'DAGS_FOLDER/pipeline_completo.py', '--cfg-path', '/tmp/tmpsuw5oz43']
[2025-12-07T22:38:44.396+0000] {logging_mixin.py:188} WARNING - /home/***/.local/lib/python3.12/site-packages/***/task/task_runner/standard_task_runner.py:61 DeprecationWarning: This process (pid=191) is multi-threaded, use of fork() may lead to deadlocks in the child.
[2025-12-07T22:38:44.396+0000] {standard_task_runner.py:91} INFO - Job 4: Subtask dbt_transformacion
[2025-12-07T22:38:44.397+0000] {standard_task_runner.py:63} INFO - Started process 194 to run task
[2025-12-07T22:38:44.473+0000] {task_command.py:426} INFO - Running <TaskInstance: flujo_etl_completo.dbt_transformacion scheduled__2025-12-07T21:00:00+00:00 [running]> on host 260aacbb795a
[2025-12-07T22:38:44.567+0000] {taskinstance.py:2648} INFO - Exporting env vars: AIRFLOW_CTX_DAG_OWNER='tu_nombre' AIRFLOW_CTX_DAG_ID='flujo_etl_completo' AIRFLOW_CTX_TASK_ID='dbt_transformacion' AIRFLOW_CTX_EXECUTION_DATE='2025-12-07T21:00:00+00:00' AIRFLOW_CTX_TRY_NUMBER='1' AIRFLOW_CTX_DAG_RUN_ID='scheduled__2025-12-07T21:00:00+00:00'
[2025-12-07T22:38:44.569+0000] {taskinstance.py:430} INFO - ::endgroup::
[2025-12-07T22:38:44.732+0000] {docker.py:366} INFO - Starting docker container from image dbt:latest
[2025-12-07T22:38:45.139+0000] {docker.py:436} INFO - Iniciando dbt run...
[2025-12-07T22:38:47.734+0000] {docker.py:436} INFO - [0m22:38:47  Running with dbt=1.10.15
[2025-12-07T22:38:47.742+0000] {docker.py:436} INFO - [0m22:38:47  Encountered an error:
Parsing Error
  Env var required but not provided: 'POSTGRES_SCHEMA'
[2025-12-07T22:38:48.527+0000] {docker.py:436} INFO - Exito dbt
Iniciando dbt run...
[2025-12-07T22:38:49.863+0000] {docker.py:436} INFO - [0m22:38:49  Running with dbt=1.10.15
[2025-12-07T22:38:49.869+0000] {docker.py:436} INFO - [0m22:38:49  Encountered an error:
Parsing Error
  Env var required but not provided: 'POSTGRES_SCHEMA'
[2025-12-07T22:38:50.563+0000] {docker.py:436} INFO - Exito dbt
Iniciando dbt run...
[2025-12-07T22:38:51.676+0000] {docker.py:436} INFO - [0m22:38:51  Running with dbt=1.10.15
[2025-12-07T22:38:51.683+0000] {docker.py:436} INFO - [0m22:38:51  Encountered an error:
Parsing Error
  Env var required but not provided: 'POSTGRES_SCHEMA'
[2025-12-07T22:38:52.309+0000] {docker.py:436} INFO - Exito dbt
Iniciando dbt run...
[2025-12-07T22:38:53.656+0000] {docker.py:436} INFO - [0m22:38:53  Running with dbt=1.10.15
[2025-12-07T22:38:53.672+0000] {docker.py:436} INFO - [0m22:38:53  Encountered an error:
Parsing Error
  Env var required but not provided: 'POSTGRES_SCHEMA'
[2025-12-07T22:38:54.435+0000] {docker.py:436} INFO - Exito dbt
Iniciando dbt run...
[2025-12-07T22:38:55.845+0000] {docker.py:436} INFO - [0m22:38:55  Running with dbt=1.10.15
[2025-12-07T22:38:55.851+0000] {docker.py:436} INFO - [0m22:38:55  Encountered an error:
Parsing Error
  Env var required but not provided: 'POSTGRES_SCHEMA'
[2025-12-07T22:38:56.460+0000] {docker.py:436} INFO - Exito dbt
Iniciando dbt run...
[2025-12-07T22:38:57.756+0000] {docker.py:436} INFO - [0m22:38:57  Running with dbt=1.10.15
[2025-12-07T22:38:57.761+0000] {docker.py:436} INFO - [0m22:38:57  Encountered an error:
Parsing Error
  Env var required but not provided: 'POSTGRES_SCHEMA'
[2025-12-07T22:38:58.406+0000] {docker.py:436} INFO - Exito dbt
Iniciando dbt run...
[2025-12-07T22:38:59.636+0000] {docker.py:436} INFO - [0m22:38:59  Running with dbt=1.10.15
[2025-12-07T22:38:59.645+0000] {docker.py:436} INFO - [0m22:38:59  Encountered an error:
Parsing Error
  Env var required but not provided: 'POSTGRES_SCHEMA'
[2025-12-07T22:39:00.394+0000] {docker.py:436} INFO - Exito dbt
Iniciando dbt run...
[2025-12-07T22:39:01.739+0000] {docker.py:436} INFO - [0m22:39:01  Running with dbt=1.10.15
[2025-12-07T22:39:01.746+0000] {docker.py:436} INFO - [0m22:39:01  Encountered an error:
Parsing Error
  Env var required but not provided: 'POSTGRES_SCHEMA'
[2025-12-07T22:39:02.427+0000] {docker.py:436} INFO - Exito dbt
Iniciando dbt run...
[2025-12-07T22:39:03.591+0000] {docker.py:436} INFO - [0m22:39:03  Running with dbt=1.10.15
[2025-12-07T22:39:03.597+0000] {docker.py:436} INFO - [0m22:39:03  Encountered an error:
Parsing Error
  Env var required but not provided: 'POSTGRES_SCHEMA'
[2025-12-07T22:39:04.174+0000] {docker.py:436} INFO - Exito dbt
Iniciando dbt run...
[2025-12-07T22:39:05.520+0000] {docker.py:436} INFO - [0m22:39:05  Running with dbt=1.10.15
[2025-12-07T22:39:05.542+0000] {docker.py:436} INFO - [0m22:39:05  Encountered an error:
Parsing Error
  Env var required but not provided: 'POSTGRES_SCHEMA'
[2025-12-07T22:39:06.221+0000] {docker.py:436} INFO - Exito dbt
Iniciando dbt run...
[2025-12-07T22:39:07.697+0000] {docker.py:436} INFO - [0m22:39:07  Running with dbt=1.10.15
[2025-12-07T22:39:07.705+0000] {docker.py:436} INFO - [0m22:39:07  Encountered an error:
Parsing Error
  Env var required but not provided: 'POSTGRES_SCHEMA'
[2025-12-07T22:39:08.355+0000] {docker.py:436} INFO - Exito dbt
Iniciando dbt run...
[2025-12-07T22:39:09.542+0000] {docker.py:436} INFO - [0m22:39:09  Running with dbt=1.10.15
[2025-12-07T22:39:09.548+0000] {docker.py:436} INFO - [0m22:39:09  Encountered an error:
Parsing Error
  Env var required but not provided: 'POSTGRES_SCHEMA'
[2025-12-07T22:39:10.149+0000] {docker.py:436} INFO - Exito dbt
Iniciando dbt run...
[2025-12-07T22:39:11.392+0000] {docker.py:436} INFO - [0m22:39:11  Running with dbt=1.10.15
[2025-12-07T22:39:11.400+0000] {docker.py:436} INFO - [0m22:39:11  Encountered an error:
Parsing Error
  Env var required but not provided: 'POSTGRES_SCHEMA'
[2025-12-07T22:39:12.088+0000] {docker.py:436} INFO - Exito dbt
Iniciando dbt run...
[2025-12-07T22:39:13.314+0000] {docker.py:436} INFO - [0m22:39:13  Running with dbt=1.10.15
[2025-12-07T22:39:13.319+0000] {docker.py:436} INFO - [0m22:39:13  Encountered an error:
Parsing Error
  Env var required but not provided: 'POSTGRES_SCHEMA'
[2025-12-07T22:39:13.938+0000] {docker.py:436} INFO - Exito dbt
Iniciando dbt run...
[2025-12-07T22:39:15.264+0000] {docker.py:436} INFO - [0m22:39:15  Running with dbt=1.10.15
[2025-12-07T22:39:15.273+0000] {docker.py:436} INFO - [0m22:39:15  Encountered an error:
Parsing Error
  Env var required but not provided: 'POSTGRES_SCHEMA'
[2025-12-07T22:39:15.860+0000] {docker.py:436} INFO - Exito dbt
Iniciando dbt run...
[2025-12-07T22:39:17.191+0000] {docker.py:436} INFO - [0m22:39:17  Running with dbt=1.10.15
[2025-12-07T22:39:17.199+0000] {docker.py:436} INFO - [0m22:39:17  Encountered an error:
Parsing Error
  Env var required but not provided: 'POSTGRES_SCHEMA'
[2025-12-07T22:39:18.070+0000] {docker.py:436} INFO - Exito dbt
Iniciando dbt run...
[2025-12-07T22:39:19.461+0000] {docker.py:436} INFO - [0m22:39:19  Running with dbt=1.10.15
[2025-12-07T22:39:19.469+0000] {docker.py:436} INFO - [0m22:39:19  Encountered an error:
Parsing Error
  Env var required but not provided: 'POSTGRES_SCHEMA'
[2025-12-07T22:39:20.165+0000] {docker.py:436} INFO - Exito dbt
Iniciando dbt run...
[2025-12-07T22:39:21.355+0000] {docker.py:436} INFO - [0m22:39:21  Running with dbt=1.10.15
[2025-12-07T22:39:21.365+0000] {docker.py:436} INFO - [0m22:39:21  Encountered an error:
Parsing Error
  Env var required but not provided: 'POSTGRES_SCHEMA'
[2025-12-07T22:39:21.990+0000] {docker.py:436} INFO - Exito dbt
Iniciando dbt run...
[2025-12-07T22:39:23.552+0000] {docker.py:436} INFO - [0m22:39:23  Running with dbt=1.10.15
[2025-12-07T22:39:23.562+0000] {docker.py:436} INFO - [0m22:39:23  Encountered an error:
Parsing Error
  Env var required but not provided: 'POSTGRES_SCHEMA'
[2025-12-07T22:39:24.137+0000] {docker.py:436} INFO - Exito dbt
Iniciando dbt run...
[2025-12-07T22:39:25.317+0000] {docker.py:436} INFO - [0m22:39:25  Running with dbt=1.10.15
[2025-12-07T22:39:25.323+0000] {docker.py:436} INFO - [0m22:39:25  Encountered an error:
Parsing Error
  Env var required but not provided: 'POSTGRES_SCHEMA'
[2025-12-07T22:39:25.935+0000] {docker.py:436} INFO - Exito dbt
Iniciando dbt run...
[2025-12-07T22:39:27.073+0000] {docker.py:436} INFO - [0m22:39:27  Running with dbt=1.10.15
[2025-12-07T22:39:27.083+0000] {docker.py:436} INFO - [0m22:39:27  Encountered an error:
Parsing Error
  Env var required but not provided: 'POSTGRES_SCHEMA'
[2025-12-07T22:39:27.664+0000] {docker.py:436} INFO - Exito dbt
Iniciando dbt run...
[2025-12-07T22:39:28.919+0000] {docker.py:436} INFO - [0m22:39:28  Running with dbt=1.10.15
[2025-12-07T22:39:28.924+0000] {docker.py:436} INFO - [0m22:39:28  Encountered an error:
Parsing Error
  Env var required but not provided: 'POSTGRES_SCHEMA'
[2025-12-07T22:39:29.636+0000] {docker.py:436} INFO - Exito dbt
Iniciando dbt run...
[2025-12-07T22:39:31.084+0000] {docker.py:436} INFO - [0m22:39:31  Running with dbt=1.10.15
[2025-12-07T22:39:31.091+0000] {docker.py:436} INFO - [0m22:39:31  Encountered an error:
Parsing Error
  Env var required but not provided: 'POSTGRES_SCHEMA'
[2025-12-07T22:39:31.770+0000] {docker.py:436} INFO - Exito dbt
Iniciando dbt run...
[2025-12-07T22:39:32.991+0000] {docker.py:436} INFO - [0m22:39:32  Running with dbt=1.10.15
[2025-12-07T22:39:32.997+0000] {docker.py:436} INFO - [0m22:39:32  Encountered an error:
Parsing Error
  Env var required but not provided: 'POSTGRES_SCHEMA'
[2025-12-07T22:39:33.618+0000] {docker.py:436} INFO - Exito dbt
Iniciando dbt run...
[2025-12-07T22:39:35.038+0000] {docker.py:436} INFO - [0m22:39:35  Running with dbt=1.10.15
[2025-12-07T22:39:35.047+0000] {docker.py:436} INFO - [0m22:39:35  Encountered an error:
Parsing Error
  Env var required but not provided: 'POSTGRES_SCHEMA'
[2025-12-07T22:39:35.635+0000] {docker.py:436} INFO - Exito dbt
Iniciando dbt run...
[2025-12-07T22:39:36.846+0000] {docker.py:436} INFO - [0m22:39:36  Running with dbt=1.10.15
[2025-12-07T22:39:36.853+0000] {docker.py:436} INFO - [0m22:39:36  Encountered an error:
Parsing Error
  Env var required but not provided: 'POSTGRES_SCHEMA'
[2025-12-07T22:39:37.467+0000] {docker.py:436} INFO - Exito dbt
Iniciando dbt run...
[2025-12-07T22:39:38.569+0000] {docker.py:436} INFO - [0m22:39:38  Running with dbt=1.10.15
[2025-12-07T22:39:38.575+0000] {docker.py:436} INFO - [0m22:39:38  Encountered an error:
Parsing Error
  Env var required but not provided: 'POSTGRES_SCHEMA'
[2025-12-07T22:39:39.191+0000] {docker.py:436} INFO - Exito dbt
Iniciando dbt run...
[2025-12-07T22:39:40.317+0000] {docker.py:436} INFO - [0m22:39:40  Running with dbt=1.10.15
[2025-12-07T22:39:40.323+0000] {docker.py:436} INFO - [0m22:39:40  Encountered an error:
Parsing Error
  Env var required but not provided: 'POSTGRES_SCHEMA'
[2025-12-07T22:39:40.953+0000] {docker.py:436} INFO - Exito dbt
Iniciando dbt run...
[2025-12-07T22:39:42.383+0000] {docker.py:436} INFO - [0m22:39:42  Running with dbt=1.10.15
[2025-12-07T22:39:42.400+0000] {docker.py:436} INFO - [0m22:39:42  Encountered an error:
Parsing Error
  Env var required but not provided: 'POSTGRES_SCHEMA'
[2025-12-07T22:39:43.113+0000] {docker.py:436} INFO - Exito dbt
Iniciando dbt run...
[2025-12-07T22:39:44.389+0000] {docker.py:436} INFO - [0m22:39:44  Running with dbt=1.10.15
[2025-12-07T22:39:44.396+0000] {docker.py:436} INFO - [0m22:39:44  Encountered an error:
Parsing Error
  Env var required but not provided: 'POSTGRES_SCHEMA'
[2025-12-07T22:39:45.010+0000] {docker.py:436} INFO - Exito dbt
Iniciando dbt run...
[2025-12-07T22:39:46.383+0000] {docker.py:436} INFO - [0m22:39:46  Running with dbt=1.10.15
[2025-12-07T22:39:46.393+0000] {docker.py:436} INFO - [0m22:39:46  Encountered an error:
Parsing Error
  Env var required but not provided: 'POSTGRES_SCHEMA'
[2025-12-07T22:39:47.028+0000] {docker.py:436} INFO - Exito dbt
Iniciando dbt run...
[2025-12-07T22:39:48.241+0000] {docker.py:436} INFO - [0m22:39:48  Running with dbt=1.10.15
[2025-12-07T22:39:48.248+0000] {docker.py:436} INFO - [0m22:39:48  Encountered an error:
Parsing Error
  Env var required but not provided: 'POSTGRES_SCHEMA'
[2025-12-07T22:39:48.989+0000] {docker.py:436} INFO - Exito dbt
Iniciando dbt run...
[2025-12-07T22:39:50.043+0000] {docker.py:436} INFO - [0m22:39:50  Running with dbt=1.10.15
[2025-12-07T22:39:50.048+0000] {docker.py:436} INFO - [0m22:39:50  Encountered an error:
Parsing Error
  Env var required but not provided: 'POSTGRES_SCHEMA'
[2025-12-07T22:39:50.655+0000] {docker.py:436} INFO - Exito dbt
Iniciando dbt run...
[2025-12-07T22:39:51.764+0000] {docker.py:436} INFO - [0m22:39:51  Running with dbt=1.10.15
[2025-12-07T22:39:51.770+0000] {docker.py:436} INFO - [0m22:39:51  Encountered an error:
Parsing Error
  Env var required but not provided: 'POSTGRES_SCHEMA'
[2025-12-07T22:39:52.384+0000] {docker.py:436} INFO - Exito dbt
Iniciando dbt run...
[2025-12-07T22:39:53.750+0000] {docker.py:436} INFO - [0m22:39:53  Running with dbt=1.10.15
[2025-12-07T22:39:53.771+0000] {docker.py:436} INFO - [0m22:39:53  Encountered an error:
Parsing Error
  Env var required but not provided: 'POSTGRES_SCHEMA'
[2025-12-07T22:39:54.474+0000] {docker.py:436} INFO - Exito dbt
Iniciando dbt run...
[2025-12-07T22:39:55.814+0000] {docker.py:436} INFO - [0m22:39:55  Running with dbt=1.10.15
[2025-12-07T22:39:55.821+0000] {docker.py:436} INFO - [0m22:39:55  Encountered an error:
Parsing Error
  Env var required but not provided: 'POSTGRES_SCHEMA'
[2025-12-07T22:39:56.456+0000] {docker.py:436} INFO - Exito dbt
Iniciando dbt run...
[2025-12-07T22:39:57.755+0000] {docker.py:436} INFO - [0m22:39:57  Running with dbt=1.10.15
[2025-12-07T22:39:57.763+0000] {docker.py:436} INFO - [0m22:39:57  Encountered an error:
Parsing Error
  Env var required but not provided: 'POSTGRES_SCHEMA'
[2025-12-07T22:39:58.473+0000] {docker.py:436} INFO - Exito dbt
Iniciando dbt run...
[2025-12-07T22:39:59.655+0000] {docker.py:436} INFO - [0m22:39:59  Running with dbt=1.10.15
[2025-12-07T22:39:59.661+0000] {docker.py:436} INFO - [0m22:39:59  Encountered an error:
Parsing Error
  Env var required but not provided: 'POSTGRES_SCHEMA'
[2025-12-07T22:40:00.330+0000] {docker.py:436} INFO - Exito dbt
Iniciando dbt run...
[2025-12-07T22:40:01.567+0000] {docker.py:436} INFO - [0m22:40:01  Running with dbt=1.10.15
[2025-12-07T22:40:01.572+0000] {docker.py:436} INFO - [0m22:40:01  Encountered an error:
Parsing Error
  Env var required but not provided: 'POSTGRES_SCHEMA'
[2025-12-07T22:40:02.157+0000] {docker.py:436} INFO - Exito dbt
Iniciando dbt run...
[2025-12-07T22:40:03.346+0000] {docker.py:436} INFO - [0m22:40:03  Running with dbt=1.10.15
[2025-12-07T22:40:03.352+0000] {docker.py:436} INFO - [0m22:40:03  Encountered an error:
Parsing Error
  Env var required but not provided: 'POSTGRES_SCHEMA'
[2025-12-07T22:40:03.975+0000] {docker.py:436} INFO - Exito dbt
Iniciando dbt run...
[2025-12-07T22:40:05.272+0000] {docker.py:436} INFO - [0m22:40:05  Running with dbt=1.10.15
[2025-12-07T22:40:05.280+0000] {docker.py:436} INFO - [0m22:40:05  Encountered an error:
Parsing Error
  Env var required but not provided: 'POSTGRES_SCHEMA'
[2025-12-07T22:40:06.071+0000] {docker.py:436} INFO - Exito dbt
Iniciando dbt run...
[2025-12-07T22:40:07.542+0000] {docker.py:436} INFO - [0m22:40:07  Running with dbt=1.10.15
[2025-12-07T22:40:07.554+0000] {docker.py:436} INFO - [0m22:40:07  Encountered an error:
Parsing Error
  Env var required but not provided: 'POSTGRES_SCHEMA'
[2025-12-07T22:40:08.241+0000] {docker.py:436} INFO - Exito dbt
Iniciando dbt run...
[2025-12-07T22:40:09.757+0000] {docker.py:436} INFO - [0m22:40:09  Running with dbt=1.10.15
[2025-12-07T22:40:09.766+0000] {docker.py:436} INFO - [0m22:40:09  Encountered an error:
Parsing Error
  Env var required but not provided: 'POSTGRES_SCHEMA'
[2025-12-07T22:40:10.403+0000] {docker.py:436} INFO - Exito dbt
Iniciando dbt run...
[2025-12-07T22:40:11.603+0000] {docker.py:436} INFO - [0m22:40:11  Running with dbt=1.10.15
[2025-12-07T22:40:11.610+0000] {docker.py:436} INFO - [0m22:40:11  Encountered an error:
Parsing Error
  Env var required but not provided: 'POSTGRES_SCHEMA'
[2025-12-07T22:40:12.246+0000] {docker.py:436} INFO - Exito dbt
Iniciando dbt run...
[2025-12-07T22:40:13.427+0000] {docker.py:436} INFO - [0m22:40:13  Running with dbt=1.10.15
[2025-12-07T22:40:13.434+0000] {docker.py:436} INFO - [0m22:40:13  Encountered an error:
Parsing Error
  Env var required but not provided: 'POSTGRES_SCHEMA'
[2025-12-07T22:40:14.039+0000] {docker.py:436} INFO - Exito dbt
Iniciando dbt run...
[2025-12-07T22:40:15.765+0000] {docker.py:436} INFO - [0m22:40:15  Running with dbt=1.10.15
[2025-12-07T22:40:15.779+0000] {docker.py:436} INFO - [0m22:40:15  Encountered an error:
Parsing Error
  Env var required but not provided: 'POSTGRES_SCHEMA'
[2025-12-07T22:40:16.469+0000] {docker.py:436} INFO - Exito dbt
Iniciando dbt run...
[2025-12-07T22:40:17.999+0000] {docker.py:436} INFO - [0m22:40:17  Running with dbt=1.10.15
[2025-12-07T22:40:18.004+0000] {docker.py:436} INFO - [0m22:40:17  Encountered an error:
Parsing Error
  Env var required but not provided: 'POSTGRES_SCHEMA'
[2025-12-07T22:40:18.785+0000] {docker.py:436} INFO - Exito dbt
Iniciando dbt run...
[2025-12-07T22:40:20.198+0000] {docker.py:436} INFO - [0m22:40:20  Running with dbt=1.10.15
[2025-12-07T22:40:20.204+0000] {docker.py:436} INFO - [0m22:40:20  Encountered an error:
Parsing Error
  Env var required but not provided: 'POSTGRES_SCHEMA'
[2025-12-07T22:40:20.908+0000] {docker.py:436} INFO - Exito dbt
Iniciando dbt run...
[2025-12-07T22:40:22.404+0000] {docker.py:436} INFO - [0m22:40:22  Running with dbt=1.10.15
[2025-12-07T22:40:22.413+0000] {docker.py:436} INFO - [0m22:40:22  Encountered an error:
Parsing Error
  Env var required but not provided: 'POSTGRES_SCHEMA'
[2025-12-07T22:40:23.010+0000] {docker.py:436} INFO - Exito dbt
Iniciando dbt run...
[2025-12-07T22:40:24.402+0000] {docker.py:436} INFO - [0m22:40:24  Running with dbt=1.10.15
[2025-12-07T22:40:24.409+0000] {docker.py:436} INFO - [0m22:40:24  Encountered an error:
Parsing Error
  Env var required but not provided: 'POSTGRES_SCHEMA'
[2025-12-07T22:40:25.005+0000] {docker.py:436} INFO - Exito dbt
Iniciando dbt run...
[2025-12-07T22:40:26.355+0000] {docker.py:436} INFO - [0m22:40:26  Running with dbt=1.10.15
[2025-12-07T22:40:26.363+0000] {docker.py:436} INFO - [0m22:40:26  Encountered an error:
Parsing Error
  Env var required but not provided: 'POSTGRES_SCHEMA'
[2025-12-07T22:40:26.946+0000] {docker.py:436} INFO - Exito dbt
Iniciando dbt run...
[2025-12-07T22:40:28.316+0000] {docker.py:436} INFO - [0m22:40:28  Running with dbt=1.10.15
[2025-12-07T22:40:28.322+0000] {docker.py:436} INFO - [0m22:40:28  Encountered an error:
Parsing Error
  Env var required but not provided: 'POSTGRES_SCHEMA'
[2025-12-07T22:40:28.987+0000] {docker.py:436} INFO - Exito dbt
Iniciando dbt run...
[2025-12-07T22:40:30.607+0000] {docker.py:436} INFO - [0m22:40:30  Running with dbt=1.10.15
[2025-12-07T22:40:30.623+0000] {docker.py:436} INFO - [0m22:40:30  Encountered an error:
Parsing Error
  Env var required but not provided: 'POSTGRES_SCHEMA'
[2025-12-07T22:40:31.395+0000] {docker.py:436} INFO - Exito dbt
Iniciando dbt run...
[2025-12-07T22:40:33.210+0000] {docker.py:436} INFO - [0m22:40:33  Running with dbt=1.10.15
[2025-12-07T22:40:33.219+0000] {docker.py:436} INFO - [0m22:40:33  Encountered an error:
Parsing Error
  Env var required but not provided: 'POSTGRES_SCHEMA'
[2025-12-07T22:40:33.850+0000] {docker.py:436} INFO - Exito dbt
Iniciando dbt run...
[2025-12-07T22:40:35.071+0000] {docker.py:436} INFO - [0m22:40:35  Running with dbt=1.10.15
[2025-12-07T22:40:35.081+0000] {docker.py:436} INFO - [0m22:40:35  Encountered an error:
Parsing Error
  Env var required but not provided: 'POSTGRES_SCHEMA'
[2025-12-07T22:40:35.676+0000] {docker.py:436} INFO - Exito dbt
Iniciando dbt run...
[2025-12-07T22:40:36.910+0000] {docker.py:436} INFO - [0m22:40:36  Running with dbt=1.10.15
[2025-12-07T22:40:36.915+0000] {docker.py:436} INFO - [0m22:40:36  Encountered an error:
Parsing Error
  Env var required but not provided: 'POSTGRES_SCHEMA'
[2025-12-07T22:40:37.528+0000] {docker.py:436} INFO - Exito dbt
Iniciando dbt run...
[2025-12-07T22:40:38.844+0000] {docker.py:436} INFO - [0m22:40:38  Running with dbt=1.10.15
[2025-12-07T22:40:38.851+0000] {docker.py:436} INFO - [0m22:40:38  Encountered an error:
Parsing Error
  Env var required but not provided: 'POSTGRES_SCHEMA'
[2025-12-07T22:40:39.435+0000] {docker.py:436} INFO - Exito dbt
Iniciando dbt run...
[2025-12-07T22:40:40.647+0000] {docker.py:436} INFO - [0m22:40:40  Running with dbt=1.10.15
[2025-12-07T22:40:40.655+0000] {docker.py:436} INFO - [0m22:40:40  Encountered an error:
Parsing Error
  Env var required but not provided: 'POSTGRES_SCHEMA'
[2025-12-07T22:40:41.320+0000] {docker.py:436} INFO - Exito dbt
Iniciando dbt run...
[2025-12-07T22:40:42.799+0000] {docker.py:436} INFO - [0m22:40:42  Running with dbt=1.10.15
[2025-12-07T22:40:42.808+0000] {docker.py:436} INFO - [0m22:40:42  Encountered an error:
Parsing Error
  Env var required but not provided: 'POSTGRES_SCHEMA'
[2025-12-07T22:40:43.486+0000] {docker.py:436} INFO - Exito dbt
Iniciando dbt run...
[2025-12-07T22:40:45.328+0000] {docker.py:436} INFO - [0m22:40:45  Running with dbt=1.10.15
[2025-12-07T22:40:45.335+0000] {docker.py:436} INFO - [0m22:40:45  Encountered an error:
Parsing Error
  Env var required but not provided: 'POSTGRES_SCHEMA'
[2025-12-07T22:40:45.940+0000] {docker.py:436} INFO - Exito dbt
Iniciando dbt run...
[2025-12-07T22:40:47.169+0000] {docker.py:436} INFO - [0m22:40:47  Running with dbt=1.10.15
[2025-12-07T22:40:47.176+0000] {docker.py:436} INFO - [0m22:40:47  Encountered an error:
Parsing Error
  Env var required but not provided: 'POSTGRES_SCHEMA'
[2025-12-07T22:40:47.811+0000] {docker.py:436} INFO - Exito dbt
Iniciando dbt run...
[2025-12-07T22:40:49.076+0000] {docker.py:436} INFO - [0m22:40:49  Running with dbt=1.10.15
[2025-12-07T22:40:49.085+0000] {docker.py:436} INFO - [0m22:40:49  Encountered an error:
Parsing Error
  Env var required but not provided: 'POSTGRES_SCHEMA'
[2025-12-07T22:40:49.685+0000] {docker.py:436} INFO - Exito dbt
Iniciando dbt run...
[2025-12-07T22:40:51.041+0000] {docker.py:436} INFO - [0m22:40:51  Running with dbt=1.10.15
[2025-12-07T22:40:51.048+0000] {docker.py:436} INFO - [0m22:40:51  Encountered an error:
Parsing Error
  Env var required but not provided: 'POSTGRES_SCHEMA'
[2025-12-07T22:40:51.692+0000] {docker.py:436} INFO - Exito dbt
Iniciando dbt run...
[2025-12-07T22:40:53.005+0000] {docker.py:436} INFO - [0m22:40:52  Running with dbt=1.10.15
[2025-12-07T22:40:53.015+0000] {docker.py:436} INFO - [0m22:40:52  Encountered an error:
Parsing Error
  Env var required but not provided: 'POSTGRES_SCHEMA'
[2025-12-07T22:40:53.918+0000] {docker.py:436} INFO - Exito dbt
Iniciando dbt run...
[2025-12-07T22:40:55.477+0000] {docker.py:436} INFO - [0m22:40:55  Running with dbt=1.10.15
[2025-12-07T22:40:55.485+0000] {docker.py:436} INFO - [0m22:40:55  Encountered an error:
Parsing Error
  Env var required but not provided: 'POSTGRES_SCHEMA'
[2025-12-07T22:40:56.364+0000] {docker.py:436} INFO - Exito dbt
Iniciando dbt run...
[2025-12-07T22:40:57.857+0000] {docker.py:436} INFO - [0m22:40:57  Running with dbt=1.10.15
[2025-12-07T22:40:57.863+0000] {docker.py:436} INFO - [0m22:40:57  Encountered an error:
Parsing Error
  Env var required but not provided: 'POSTGRES_SCHEMA'
[2025-12-07T22:40:58.449+0000] {docker.py:436} INFO - Exito dbt
Iniciando dbt run...
[2025-12-07T22:40:59.709+0000] {docker.py:436} INFO - [0m22:40:59  Running with dbt=1.10.15
[2025-12-07T22:40:59.716+0000] {docker.py:436} INFO - [0m22:40:59  Encountered an error:
Parsing Error
  Env var required but not provided: 'POSTGRES_SCHEMA'
[2025-12-07T22:41:00.343+0000] {docker.py:436} INFO - Exito dbt
Iniciando dbt run...
[2025-12-07T22:41:01.634+0000] {docker.py:436} INFO - [0m22:41:01  Running with dbt=1.10.15
[2025-12-07T22:41:01.642+0000] {docker.py:436} INFO - [0m22:41:01  Encountered an error:
Parsing Error
  Env var required but not provided: 'POSTGRES_SCHEMA'
[2025-12-07T22:41:02.269+0000] {docker.py:436} INFO - Exito dbt
Iniciando dbt run...
[2025-12-07T22:41:03.511+0000] {docker.py:436} INFO - [0m22:41:03  Running with dbt=1.10.15
[2025-12-07T22:41:03.519+0000] {docker.py:436} INFO - [0m22:41:03  Encountered an error:
Parsing Error
  Env var required but not provided: 'POSTGRES_SCHEMA'
[2025-12-07T22:41:04.128+0000] {docker.py:436} INFO - Exito dbt
Iniciando dbt run...
[2025-12-07T22:41:05.839+0000] {docker.py:436} INFO - [0m22:41:05  Running with dbt=1.10.15
[2025-12-07T22:41:05.859+0000] {docker.py:436} INFO - [0m22:41:05  Encountered an error:
Parsing Error
  Env var required but not provided: 'POSTGRES_SCHEMA'
[2025-12-07T22:41:06.760+0000] {docker.py:436} INFO - Exito dbt
Iniciando dbt run...
[2025-12-07T22:41:08.962+0000] {docker.py:436} INFO - [0m22:41:08  Running with dbt=1.10.15
[2025-12-07T22:41:08.970+0000] {docker.py:436} INFO - [0m22:41:08  Encountered an error:
Parsing Error
  Env var required but not provided: 'POSTGRES_SCHEMA'
[2025-12-07T22:41:09.544+0000] {docker.py:436} INFO - Exito dbt
Iniciando dbt run...
[2025-12-07T22:41:11.124+0000] {docker.py:436} INFO - [0m22:41:11  Running with dbt=1.10.15
[2025-12-07T22:41:11.133+0000] {docker.py:436} INFO - [0m22:41:11  Encountered an error:
Parsing Error
  Env var required but not provided: 'POSTGRES_SCHEMA'
[2025-12-07T22:41:11.781+0000] {docker.py:436} INFO - Exito dbt
Iniciando dbt run...
[2025-12-07T22:41:13.112+0000] {docker.py:436} INFO - [0m22:41:13  Running with dbt=1.10.15
[2025-12-07T22:41:13.123+0000] {docker.py:436} INFO - [0m22:41:13  Encountered an error:
Parsing Error
  Env var required but not provided: 'POSTGRES_SCHEMA'
[2025-12-07T22:41:13.741+0000] {docker.py:436} INFO - Exito dbt
Iniciando dbt run...
[2025-12-07T22:41:15.259+0000] {docker.py:436} INFO - [0m22:41:15  Running with dbt=1.10.15
[2025-12-07T22:41:15.267+0000] {docker.py:436} INFO - [0m22:41:15  Encountered an error:
Parsing Error
  Env var required but not provided: 'POSTGRES_SCHEMA'
[2025-12-07T22:41:15.970+0000] {docker.py:436} INFO - Exito dbt
Iniciando dbt run...
[2025-12-07T22:41:17.469+0000] {docker.py:436} INFO - [0m22:41:17  Running with dbt=1.10.15
[2025-12-07T22:41:17.478+0000] {docker.py:436} INFO - [0m22:41:17  Encountered an error:
Parsing Error
  Env var required but not provided: 'POSTGRES_SCHEMA'
[2025-12-07T22:41:18.252+0000] {docker.py:436} INFO - Exito dbt
Iniciando dbt run...
[2025-12-07T22:41:20.141+0000] {docker.py:436} INFO - [0m22:41:20  Running with dbt=1.10.15
[2025-12-07T22:41:20.149+0000] {docker.py:436} INFO - [0m22:41:20  Encountered an error:
Parsing Error
  Env var required but not provided: 'POSTGRES_SCHEMA'
[2025-12-07T22:41:20.840+0000] {docker.py:436} INFO - Exito dbt
Iniciando dbt run...
[2025-12-07T22:41:22.194+0000] {docker.py:436} INFO - [0m22:41:22  Running with dbt=1.10.15
[2025-12-07T22:41:22.201+0000] {docker.py:436} INFO - [0m22:41:22  Encountered an error:
Parsing Error
  Env var required but not provided: 'POSTGRES_SCHEMA'
[2025-12-07T22:41:22.785+0000] {docker.py:436} INFO - Exito dbt
Iniciando dbt run...
[2025-12-07T22:41:24.081+0000] {docker.py:436} INFO - [0m22:41:24  Running with dbt=1.10.15
[2025-12-07T22:41:24.088+0000] {docker.py:436} INFO - [0m22:41:24  Encountered an error:
Parsing Error
  Env var required but not provided: 'POSTGRES_SCHEMA'
[2025-12-07T22:41:24.703+0000] {docker.py:436} INFO - Exito dbt
Iniciando dbt run...
[2025-12-07T22:41:26.009+0000] {docker.py:436} INFO - [0m22:41:26  Running with dbt=1.10.15
[2025-12-07T22:41:26.016+0000] {docker.py:436} INFO - [0m22:41:26  Encountered an error:
Parsing Error
  Env var required but not provided: 'POSTGRES_SCHEMA'
[2025-12-07T22:41:26.676+0000] {docker.py:436} INFO - Exito dbt
Iniciando dbt run...
[2025-12-07T22:41:28.244+0000] {docker.py:436} INFO - [0m22:41:28  Running with dbt=1.10.15
[2025-12-07T22:41:28.252+0000] {docker.py:436} INFO - [0m22:41:28  Encountered an error:
Parsing Error
  Env var required but not provided: 'POSTGRES_SCHEMA'
[2025-12-07T22:41:28.979+0000] {docker.py:436} INFO - Exito dbt
Iniciando dbt run...
[2025-12-07T22:41:30.624+0000] {docker.py:436} INFO - [0m22:41:30  Running with dbt=1.10.15
[2025-12-07T22:41:30.630+0000] {docker.py:436} INFO - [0m22:41:30  Encountered an error:
Parsing Error
  Env var required but not provided: 'POSTGRES_SCHEMA'
[2025-12-07T22:41:31.450+0000] {docker.py:436} INFO - Exito dbt
Iniciando dbt run...
[2025-12-07T22:41:32.970+0000] {docker.py:436} INFO - [0m22:41:32  Running with dbt=1.10.15
[2025-12-07T22:41:32.976+0000] {docker.py:436} INFO - [0m22:41:32  Encountered an error:
Parsing Error
  Env var required but not provided: 'POSTGRES_SCHEMA'
[2025-12-07T22:41:33.561+0000] {docker.py:436} INFO - Exito dbt
Iniciando dbt run...
[2025-12-07T22:41:34.626+0000] {docker.py:436} INFO - [0m22:41:34  Running with dbt=1.10.15
[2025-12-07T22:41:34.633+0000] {docker.py:436} INFO - [0m22:41:34  Encountered an error:
Parsing Error
  Env var required but not provided: 'POSTGRES_SCHEMA'
[2025-12-07T22:41:35.246+0000] {docker.py:436} INFO - Exito dbt
Iniciando dbt run...
[2025-12-07T22:41:36.267+0000] {docker.py:436} INFO - [0m22:41:36  Running with dbt=1.10.15
[2025-12-07T22:41:36.273+0000] {docker.py:436} INFO - [0m22:41:36  Encountered an error:
Parsing Error
  Env var required but not provided: 'POSTGRES_SCHEMA'
[2025-12-07T22:41:36.872+0000] {docker.py:436} INFO - Exito dbt
Iniciando dbt run...
[2025-12-07T22:41:38.004+0000] {docker.py:436} INFO - [0m22:41:38  Running with dbt=1.10.15
[2025-12-07T22:41:38.011+0000] {docker.py:436} INFO - [0m22:41:38  Encountered an error:
Parsing Error
  Env var required but not provided: 'POSTGRES_SCHEMA'
[2025-12-07T22:41:38.609+0000] {docker.py:436} INFO - Exito dbt
Iniciando dbt run...
[2025-12-07T22:41:39.716+0000] {docker.py:436} INFO - [0m22:41:39  Running with dbt=1.10.15
[2025-12-07T22:41:39.722+0000] {docker.py:436} INFO - [0m22:41:39  Encountered an error:
Parsing Error
  Env var required but not provided: 'POSTGRES_SCHEMA'
[2025-12-07T22:41:40.334+0000] {docker.py:436} INFO - Exito dbt
Iniciando dbt run...
[2025-12-07T22:41:41.566+0000] {docker.py:436} INFO - [0m22:41:41  Running with dbt=1.10.15
[2025-12-07T22:41:41.578+0000] {docker.py:436} INFO - [0m22:41:41  Encountered an error:
Parsing Error
  Env var required but not provided: 'POSTGRES_SCHEMA'
[2025-12-07T22:41:42.301+0000] {docker.py:436} INFO - Exito dbt
Iniciando dbt run...
[2025-12-07T22:41:43.981+0000] {docker.py:436} INFO - [0m22:41:43  Running with dbt=1.10.15
[2025-12-07T22:41:43.988+0000] {docker.py:436} INFO - [0m22:41:43  Encountered an error:
Parsing Error
  Env var required but not provided: 'POSTGRES_SCHEMA'
[2025-12-07T22:41:44.633+0000] {docker.py:436} INFO - Exito dbt
Iniciando dbt run...
[2025-12-07T22:41:45.813+0000] {docker.py:436} INFO - [0m22:41:45  Running with dbt=1.10.15
[2025-12-07T22:41:45.820+0000] {docker.py:436} INFO - [0m22:41:45  Encountered an error:
Parsing Error
  Env var required but not provided: 'POSTGRES_SCHEMA'
[2025-12-07T22:41:46.406+0000] {docker.py:436} INFO - Exito dbt
Iniciando dbt run...
[2025-12-07T22:41:47.440+0000] {docker.py:436} INFO - [0m22:41:47  Running with dbt=1.10.15
[2025-12-07T22:41:47.446+0000] {docker.py:436} INFO - [0m22:41:47  Encountered an error:
Parsing Error
  Env var required but not provided: 'POSTGRES_SCHEMA'
[2025-12-07T22:41:48.037+0000] {docker.py:436} INFO - Exito dbt
Iniciando dbt run...
[2025-12-07T22:41:49.094+0000] {docker.py:436} INFO - [0m22:41:49  Running with dbt=1.10.15
[2025-12-07T22:41:49.099+0000] {docker.py:436} INFO - [0m22:41:49  Encountered an error:
Parsing Error
  Env var required but not provided: 'POSTGRES_SCHEMA'
[2025-12-07T22:41:49.691+0000] {docker.py:436} INFO - Exito dbt
Iniciando dbt run...
[2025-12-07T22:41:50.750+0000] {docker.py:436} INFO - [0m22:41:50  Running with dbt=1.10.15
[2025-12-07T22:41:50.755+0000] {docker.py:436} INFO - [0m22:41:50  Encountered an error:
Parsing Error
  Env var required but not provided: 'POSTGRES_SCHEMA'
[2025-12-07T22:41:51.368+0000] {docker.py:436} INFO - Exito dbt
Iniciando dbt run...
[2025-12-07T22:41:52.420+0000] {docker.py:436} INFO - [0m22:41:52  Running with dbt=1.10.15
[2025-12-07T22:41:52.426+0000] {docker.py:436} INFO - [0m22:41:52  Encountered an error:
Parsing Error
  Env var required but not provided: 'POSTGRES_SCHEMA'
[2025-12-07T22:41:53.098+0000] {docker.py:436} INFO - Exito dbt
Iniciando dbt run...
[2025-12-07T22:41:54.461+0000] {docker.py:436} INFO - [0m22:41:54  Running with dbt=1.10.15
[2025-12-07T22:41:54.475+0000] {docker.py:436} INFO - [0m22:41:54  Encountered an error:
Parsing Error
  Env var required but not provided: 'POSTGRES_SCHEMA'
[2025-12-07T22:41:55.274+0000] {docker.py:436} INFO - Exito dbt
Iniciando dbt run...
[2025-12-07T22:41:56.801+0000] {docker.py:436} INFO - [0m22:41:56  Running with dbt=1.10.15
[2025-12-07T22:41:56.807+0000] {docker.py:436} INFO - [0m22:41:56  Encountered an error:
Parsing Error
  Env var required but not provided: 'POSTGRES_SCHEMA'
[2025-12-07T22:41:57.399+0000] {docker.py:436} INFO - Exito dbt
Iniciando dbt run...
[2025-12-07T22:41:58.430+0000] {docker.py:436} INFO - [0m22:41:58  Running with dbt=1.10.15
[2025-12-07T22:41:58.436+0000] {docker.py:436} INFO - [0m22:41:58  Encountered an error:
Parsing Error
  Env var required but not provided: 'POSTGRES_SCHEMA'
[2025-12-07T22:41:58.994+0000] {docker.py:436} INFO - Exito dbt
Iniciando dbt run...
[2025-12-07T22:42:00.081+0000] {docker.py:436} INFO - [0m22:42:00  Running with dbt=1.10.15
[2025-12-07T22:42:00.087+0000] {docker.py:436} INFO - [0m22:42:00  Encountered an error:
Parsing Error
  Env var required but not provided: 'POSTGRES_SCHEMA'
[2025-12-07T22:42:00.657+0000] {docker.py:436} INFO - Exito dbt
Iniciando dbt run...
[2025-12-07T22:42:01.747+0000] {docker.py:436} INFO - [0m22:42:01  Running with dbt=1.10.15
[2025-12-07T22:42:01.752+0000] {docker.py:436} INFO - [0m22:42:01  Encountered an error:
Parsing Error
  Env var required but not provided: 'POSTGRES_SCHEMA'
[2025-12-07T22:42:02.336+0000] {docker.py:436} INFO - Exito dbt
Iniciando dbt run...
[2025-12-07T22:42:03.388+0000] {docker.py:436} INFO - [0m22:42:03  Running with dbt=1.10.15
[2025-12-07T22:42:03.395+0000] {docker.py:436} INFO - [0m22:42:03  Encountered an error:
Parsing Error
  Env var required but not provided: 'POSTGRES_SCHEMA'
[2025-12-07T22:42:03.956+0000] {docker.py:436} INFO - Exito dbt
Iniciando dbt run...
[2025-12-07T22:42:05.061+0000] {docker.py:436} INFO - [0m22:42:05  Running with dbt=1.10.15
[2025-12-07T22:42:05.072+0000] {docker.py:436} INFO - [0m22:42:05  Encountered an error:
Parsing Error
  Env var required but not provided: 'POSTGRES_SCHEMA'
[2025-12-07T22:42:05.788+0000] {docker.py:436} INFO - Exito dbt
Iniciando dbt run...
[2025-12-07T22:42:07.539+0000] {docker.py:436} INFO - [0m22:42:07  Running with dbt=1.10.15
[2025-12-07T22:42:07.549+0000] {docker.py:436} INFO - [0m22:42:07  Encountered an error:
Parsing Error
  Env var required but not provided: 'POSTGRES_SCHEMA'
[2025-12-07T22:42:08.249+0000] {docker.py:436} INFO - Exito dbt
Iniciando dbt run...
[2025-12-07T22:42:09.421+0000] {docker.py:436} INFO - [0m22:42:09  Running with dbt=1.10.15
[2025-12-07T22:42:09.426+0000] {docker.py:436} INFO - [0m22:42:09  Encountered an error:
Parsing Error
  Env var required but not provided: 'POSTGRES_SCHEMA'
[2025-12-07T22:42:10.006+0000] {docker.py:436} INFO - Exito dbt
Iniciando dbt run...
[2025-12-07T22:42:11.076+0000] {docker.py:436} INFO - [0m22:42:11  Running with dbt=1.10.15
[2025-12-07T22:42:11.081+0000] {docker.py:436} INFO - [0m22:42:11  Encountered an error:
Parsing Error
  Env var required but not provided: 'POSTGRES_SCHEMA'
[2025-12-07T22:42:11.645+0000] {docker.py:436} INFO - Exito dbt
Iniciando dbt run...
[2025-12-07T22:42:12.700+0000] {docker.py:436} INFO - [0m22:42:12  Running with dbt=1.10.15
[2025-12-07T22:42:12.706+0000] {docker.py:436} INFO - [0m22:42:12  Encountered an error:
Parsing Error
  Env var required but not provided: 'POSTGRES_SCHEMA'
[2025-12-07T22:42:13.280+0000] {docker.py:436} INFO - Exito dbt
Iniciando dbt run...
[2025-12-07T22:42:14.316+0000] {docker.py:436} INFO - [0m22:42:14  Running with dbt=1.10.15
[2025-12-07T22:42:14.322+0000] {docker.py:436} INFO - [0m22:42:14  Encountered an error:
Parsing Error
  Env var required but not provided: 'POSTGRES_SCHEMA'
[2025-12-07T22:42:14.931+0000] {docker.py:436} INFO - Exito dbt
Iniciando dbt run...
[2025-12-07T22:42:16.219+0000] {docker.py:436} INFO - [0m22:42:16  Running with dbt=1.10.15
[2025-12-07T22:42:16.226+0000] {docker.py:436} INFO - [0m22:42:16  Encountered an error:
Parsing Error
  Env var required but not provided: 'POSTGRES_SCHEMA'
[2025-12-07T22:42:16.870+0000] {docker.py:436} INFO - Exito dbt
Iniciando dbt run...
[2025-12-07T22:42:18.291+0000] {docker.py:436} INFO - [0m22:42:18  Running with dbt=1.10.15
[2025-12-07T22:42:18.308+0000] {docker.py:436} INFO - [0m22:42:18  Encountered an error:
Parsing Error
  Env var required but not provided: 'POSTGRES_SCHEMA'
[2025-12-07T22:42:19.092+0000] {docker.py:436} INFO - Exito dbt
Iniciando dbt run...
[2025-12-07T22:42:20.712+0000] {docker.py:436} INFO - [0m22:42:20  Running with dbt=1.10.15
[2025-12-07T22:42:20.721+0000] {docker.py:436} INFO - [0m22:42:20  Encountered an error:
Parsing Error
  Env var required but not provided: 'POSTGRES_SCHEMA'
[2025-12-07T22:42:21.380+0000] {docker.py:436} INFO - Exito dbt
Iniciando dbt run...
[2025-12-07T22:42:22.603+0000] {docker.py:436} INFO - [0m22:42:22  Running with dbt=1.10.15
[2025-12-07T22:42:22.609+0000] {docker.py:436} INFO - [0m22:42:22  Encountered an error:
Parsing Error
  Env var required but not provided: 'POSTGRES_SCHEMA'
[2025-12-07T22:42:23.233+0000] {docker.py:436} INFO - Exito dbt
Iniciando dbt run...
[2025-12-07T22:42:24.408+0000] {docker.py:436} INFO - [0m22:42:24  Running with dbt=1.10.15
[2025-12-07T22:42:24.414+0000] {docker.py:436} INFO - [0m22:42:24  Encountered an error:
Parsing Error
  Env var required but not provided: 'POSTGRES_SCHEMA'
[2025-12-07T22:42:25.009+0000] {docker.py:436} INFO - Exito dbt
Iniciando dbt run...
[2025-12-07T22:42:26.067+0000] {docker.py:436} INFO - [0m22:42:26  Running with dbt=1.10.15
[2025-12-07T22:42:26.073+0000] {docker.py:436} INFO - [0m22:42:26  Encountered an error:
Parsing Error
  Env var required but not provided: 'POSTGRES_SCHEMA'
[2025-12-07T22:42:26.669+0000] {docker.py:436} INFO - Exito dbt
Iniciando dbt run...
[2025-12-07T22:42:27.857+0000] {docker.py:436} INFO - [0m22:42:27  Running with dbt=1.10.15
[2025-12-07T22:42:27.863+0000] {docker.py:436} INFO - [0m22:42:27  Encountered an error:
Parsing Error
  Env var required but not provided: 'POSTGRES_SCHEMA'
[2025-12-07T22:42:28.428+0000] {docker.py:436} INFO - Exito dbt
Iniciando dbt run...
[2025-12-07T22:42:29.626+0000] {docker.py:436} INFO - [0m22:42:29  Running with dbt=1.10.15
[2025-12-07T22:42:29.642+0000] {docker.py:436} INFO - [0m22:42:29  Encountered an error:
Parsing Error
  Env var required but not provided: 'POSTGRES_SCHEMA'
[2025-12-07T22:42:30.396+0000] {docker.py:436} INFO - Exito dbt
Iniciando dbt run...
[2025-12-07T22:42:32.154+0000] {docker.py:436} INFO - [0m22:42:32  Running with dbt=1.10.15
[2025-12-07T22:42:32.161+0000] {docker.py:436} INFO - [0m22:42:32  Encountered an error:
Parsing Error
  Env var required but not provided: 'POSTGRES_SCHEMA'
[2025-12-07T22:42:32.792+0000] {docker.py:436} INFO - Exito dbt
Iniciando dbt run...
[2025-12-07T22:42:33.900+0000] {docker.py:436} INFO - [0m22:42:33  Running with dbt=1.10.15
[2025-12-07T22:42:33.906+0000] {docker.py:436} INFO - [0m22:42:33  Encountered an error:
Parsing Error
  Env var required but not provided: 'POSTGRES_SCHEMA'
[2025-12-07T22:42:34.499+0000] {docker.py:436} INFO - Exito dbt
Iniciando dbt run...
[2025-12-07T22:42:35.538+0000] {docker.py:436} INFO - [0m22:42:35  Running with dbt=1.10.15
[2025-12-07T22:42:35.544+0000] {docker.py:436} INFO - [0m22:42:35  Encountered an error:
Parsing Error
  Env var required but not provided: 'POSTGRES_SCHEMA'
[2025-12-07T22:42:36.148+0000] {docker.py:436} INFO - Exito dbt
Iniciando dbt run...
[2025-12-07T22:42:37.197+0000] {docker.py:436} INFO - [0m22:42:37  Running with dbt=1.10.15
[2025-12-07T22:42:37.202+0000] {docker.py:436} INFO - [0m22:42:37  Encountered an error:
Parsing Error
  Env var required but not provided: 'POSTGRES_SCHEMA'
[2025-12-07T22:42:37.777+0000] {docker.py:436} INFO - Exito dbt
Iniciando dbt run...
[2025-12-07T22:42:38.834+0000] {docker.py:436} INFO - [0m22:42:38  Running with dbt=1.10.15
[2025-12-07T22:42:38.839+0000] {docker.py:436} INFO - [0m22:42:38  Encountered an error:
Parsing Error
  Env var required but not provided: 'POSTGRES_SCHEMA'
[2025-12-07T22:42:39.423+0000] {docker.py:436} INFO - Exito dbt
Iniciando dbt run...
[2025-12-07T22:42:40.455+0000] {docker.py:436} INFO - [0m22:42:40  Running with dbt=1.10.15
[2025-12-07T22:42:40.462+0000] {docker.py:436} INFO - [0m22:42:40  Encountered an error:
Parsing Error
  Env var required but not provided: 'POSTGRES_SCHEMA'
[2025-12-07T22:42:41.104+0000] {docker.py:436} INFO - Exito dbt
Iniciando dbt run...
[2025-12-07T22:42:42.760+0000] {docker.py:436} INFO - [0m22:42:42  Running with dbt=1.10.15
[2025-12-07T22:42:42.775+0000] {docker.py:436} INFO - [0m22:42:42  Encountered an error:
Parsing Error
  Env var required but not provided: 'POSTGRES_SCHEMA'
[2025-12-07T22:42:43.491+0000] {docker.py:436} INFO - Exito dbt
Iniciando dbt run...
[2025-12-07T22:42:44.804+0000] {docker.py:436} INFO - [0m22:42:44  Running with dbt=1.10.15
[2025-12-07T22:42:44.810+0000] {docker.py:436} INFO - [0m22:42:44  Encountered an error:
Parsing Error
  Env var required but not provided: 'POSTGRES_SCHEMA'
[2025-12-07T22:42:45.464+0000] {docker.py:436} INFO - Exito dbt
Iniciando dbt run...
[2025-12-07T22:42:46.727+0000] {docker.py:436} INFO - [0m22:42:46  Running with dbt=1.10.15
[2025-12-07T22:42:46.733+0000] {docker.py:436} INFO - [0m22:42:46  Encountered an error:
Parsing Error
  Env var required but not provided: 'POSTGRES_SCHEMA'
[2025-12-07T22:42:47.377+0000] {docker.py:436} INFO - Exito dbt
Iniciando dbt run...
[2025-12-07T22:42:48.518+0000] {docker.py:436} INFO - [0m22:42:48  Running with dbt=1.10.15
[2025-12-07T22:42:48.524+0000] {docker.py:436} INFO - [0m22:42:48  Encountered an error:
Parsing Error
  Env var required but not provided: 'POSTGRES_SCHEMA'
[2025-12-07T22:42:49.112+0000] {docker.py:436} INFO - Exito dbt
Iniciando dbt run...
[2025-12-07T22:42:50.149+0000] {docker.py:436} INFO - [0m22:42:50  Running with dbt=1.10.15
[2025-12-07T22:42:50.154+0000] {docker.py:436} INFO - [0m22:42:50  Encountered an error:
Parsing Error
  Env var required but not provided: 'POSTGRES_SCHEMA'
[2025-12-07T22:42:50.733+0000] {docker.py:436} INFO - Exito dbt
Iniciando dbt run...
[2025-12-07T22:42:51.839+0000] {docker.py:436} INFO - [0m22:42:51  Running with dbt=1.10.15
[2025-12-07T22:42:51.845+0000] {docker.py:436} INFO - [0m22:42:51  Encountered an error:
Parsing Error
  Env var required but not provided: 'POSTGRES_SCHEMA'
[2025-12-07T22:42:52.464+0000] {docker.py:436} INFO - Exito dbt
Iniciando dbt run...
[2025-12-07T22:42:53.621+0000] {docker.py:436} INFO - [0m22:42:53  Running with dbt=1.10.15
[2025-12-07T22:42:53.647+0000] {docker.py:436} INFO - [0m22:42:53  Encountered an error:
Parsing Error
  Env var required but not provided: 'POSTGRES_SCHEMA'
[2025-12-07T22:42:54.441+0000] {docker.py:436} INFO - Exito dbt
Iniciando dbt run...
[2025-12-07T22:42:56.467+0000] {docker.py:436} INFO - [0m22:42:56  Running with dbt=1.10.15
[2025-12-07T22:42:56.475+0000] {docker.py:436} INFO - [0m22:42:56  Encountered an error:
Parsing Error
  Env var required but not provided: 'POSTGRES_SCHEMA'
[2025-12-07T22:42:57.186+0000] {docker.py:436} INFO - Exito dbt
Iniciando dbt run...
[2025-12-07T22:42:58.526+0000] {docker.py:436} INFO - [0m22:42:58  Running with dbt=1.10.15
[2025-12-07T22:42:58.535+0000] {docker.py:436} INFO - [0m22:42:58  Encountered an error:
Parsing Error
  Env var required but not provided: 'POSTGRES_SCHEMA'
[2025-12-07T22:42:59.146+0000] {docker.py:436} INFO - Exito dbt
Iniciando dbt run...
[2025-12-07T22:43:00.419+0000] {docker.py:436} INFO - [0m22:43:00  Running with dbt=1.10.15
[2025-12-07T22:43:00.425+0000] {docker.py:436} INFO - [0m22:43:00  Encountered an error:
Parsing Error
  Env var required but not provided: 'POSTGRES_SCHEMA'
[2025-12-07T22:43:01.042+0000] {docker.py:436} INFO - Exito dbt
Iniciando dbt run...
[2025-12-07T22:43:02.220+0000] {docker.py:436} INFO - [0m22:43:02  Running with dbt=1.10.15
[2025-12-07T22:43:02.226+0000] {docker.py:436} INFO - [0m22:43:02  Encountered an error:
Parsing Error
  Env var required but not provided: 'POSTGRES_SCHEMA'
[2025-12-07T22:43:02.821+0000] {docker.py:436} INFO - Exito dbt
Iniciando dbt run...
[2025-12-07T22:43:04.003+0000] {docker.py:436} INFO - [0m22:43:04  Running with dbt=1.10.15
[2025-12-07T22:43:04.010+0000] {docker.py:436} INFO - [0m22:43:04  Encountered an error:
Parsing Error
  Env var required but not provided: 'POSTGRES_SCHEMA'
[2025-12-07T22:43:04.621+0000] {docker.py:436} INFO - Exito dbt
Iniciando dbt run...
[2025-12-07T22:43:06.323+0000] {docker.py:436} INFO - [0m22:43:06  Running with dbt=1.10.15
[2025-12-07T22:43:06.335+0000] {docker.py:436} INFO - [0m22:43:06  Encountered an error:
Parsing Error
  Env var required but not provided: 'POSTGRES_SCHEMA'
[2025-12-07T22:43:07.109+0000] {docker.py:436} INFO - Exito dbt
Iniciando dbt run...
[2025-12-07T22:43:08.316+0000] {docker.py:436} INFO - [0m22:43:08  Running with dbt=1.10.15
[2025-12-07T22:43:08.324+0000] {docker.py:436} INFO - [0m22:43:08  Encountered an error:
Parsing Error
  Env var required but not provided: 'POSTGRES_SCHEMA'
[2025-12-07T22:43:08.973+0000] {docker.py:436} INFO - Exito dbt
[2025-12-07T22:43:08.974+0000] {docker.py:436} INFO - Iniciando dbt run...
[2025-12-07T22:43:10.132+0000] {docker.py:436} INFO - [0m22:43:10  Running with dbt=1.10.15
[2025-12-07T22:43:10.137+0000] {docker.py:436} INFO - [0m22:43:10  Encountered an error:
Parsing Error
  Env var required but not provided: 'POSTGRES_SCHEMA'
[2025-12-07T22:43:10.740+0000] {docker.py:436} INFO - Exito dbt
Iniciando dbt run...
[2025-12-07T22:43:11.919+0000] {docker.py:436} INFO - [0m22:43:11  Running with dbt=1.10.15
[2025-12-07T22:43:11.925+0000] {docker.py:436} INFO - [0m22:43:11  Encountered an error:
Parsing Error
  Env var required but not provided: 'POSTGRES_SCHEMA'
[2025-12-07T22:43:12.525+0000] {docker.py:436} INFO - Exito dbt
Iniciando dbt run...
[2025-12-07T22:43:13.710+0000] {docker.py:436} INFO - [0m22:43:13  Running with dbt=1.10.15
[2025-12-07T22:43:13.715+0000] {docker.py:436} INFO - [0m22:43:13  Encountered an error:
Parsing Error
  Env var required but not provided: 'POSTGRES_SCHEMA'
[2025-12-07T22:43:14.324+0000] {docker.py:436} INFO - Exito dbt
Iniciando dbt run...
[2025-12-07T22:43:15.864+0000] {docker.py:436} INFO - [0m22:43:15  Running with dbt=1.10.15
[2025-12-07T22:43:15.875+0000] {docker.py:436} INFO - [0m22:43:15  Encountered an error:
Parsing Error
  Env var required but not provided: 'POSTGRES_SCHEMA'
[2025-12-07T22:43:16.694+0000] {docker.py:436} INFO - Exito dbt
Iniciando dbt run...
[2025-12-07T22:43:18.954+0000] {docker.py:436} INFO - [0m22:43:18  Running with dbt=1.10.15
[2025-12-07T22:43:18.961+0000] {docker.py:436} INFO - [0m22:43:18  Encountered an error:
Parsing Error
  Env var required but not provided: 'POSTGRES_SCHEMA'
[2025-12-07T22:43:19.573+0000] {docker.py:436} INFO - Exito dbt
Iniciando dbt run...
[2025-12-07T22:43:20.288+0000] {local_task_job_runner.py:124} ERROR - Received SIGTERM. Terminating subprocesses
[2025-12-07T22:43:20.352+0000] {process_utils.py:132} INFO - Sending 15 to group 194. PIDs of all processes in the group: [194]
[2025-12-07T22:43:20.361+0000] {process_utils.py:87} INFO - Sending the signal 15 to group 194
[2025-12-07T22:43:20.380+0000] {taskinstance.py:2611} ERROR - Received SIGTERM. Terminating subprocesses.
[2025-12-07T22:43:20.381+0000] {docker.py:528} INFO - Stopping docker container
[2025-12-07T22:43:25.167+0000] {local_task_job_runner.py:124} ERROR - Received SIGTERM. Terminating subprocesses
[2025-12-07T22:53:41.180+0000] {local_task_job_runner.py:120} INFO - ::group::Pre task execution logs
[2025-12-07T22:53:41.263+0000] {taskinstance.py:2076} INFO - Dependencies all met for dep_context=non-requeueable deps ti=<TaskInstance: flujo_etl_completo.dbt_transformacion scheduled__2025-12-07T21:00:00+00:00 [queued]>
[2025-12-07T22:53:41.276+0000] {taskinstance.py:2076} INFO - Dependencies all met for dep_context=requeueable deps ti=<TaskInstance: flujo_etl_completo.dbt_transformacion scheduled__2025-12-07T21:00:00+00:00 [queued]>
[2025-12-07T22:53:41.277+0000] {taskinstance.py:2306} INFO - Starting attempt 1 of 1
[2025-12-07T22:53:41.300+0000] {taskinstance.py:2330} INFO - Executing <Task(DockerOperator): dbt_transformacion> on 2025-12-07 21:00:00+00:00
[2025-12-07T22:53:41.308+0000] {standard_task_runner.py:90} INFO - Running: ['***', 'tasks', 'run', 'flujo_etl_completo', 'dbt_transformacion', 'scheduled__2025-12-07T21:00:00+00:00', '--job-id', '4', '--raw', '--subdir', 'DAGS_FOLDER/pipeline_completo.py', '--cfg-path', '/tmp/tmp3hpcnzj_']
[2025-12-07T22:53:41.311+0000] {standard_task_runner.py:91} INFO - Job 4: Subtask dbt_transformacion
[2025-12-07T22:53:41.311+0000] {logging_mixin.py:188} WARNING - /home/***/.local/lib/python3.12/site-packages/***/task/task_runner/standard_task_runner.py:61 DeprecationWarning: This process (pid=187) is multi-threaded, use of fork() may lead to deadlocks in the child.
[2025-12-07T22:53:41.314+0000] {standard_task_runner.py:63} INFO - Started process 188 to run task
[2025-12-07T22:53:41.406+0000] {task_command.py:426} INFO - Running <TaskInstance: flujo_etl_completo.dbt_transformacion scheduled__2025-12-07T21:00:00+00:00 [running]> on host f09fbdd5ee50
[2025-12-07T22:53:41.507+0000] {taskinstance.py:2648} INFO - Exporting env vars: AIRFLOW_CTX_DAG_OWNER='tu_nombre' AIRFLOW_CTX_DAG_ID='flujo_etl_completo' AIRFLOW_CTX_TASK_ID='dbt_transformacion' AIRFLOW_CTX_EXECUTION_DATE='2025-12-07T21:00:00+00:00' AIRFLOW_CTX_TRY_NUMBER='1' AIRFLOW_CTX_DAG_RUN_ID='scheduled__2025-12-07T21:00:00+00:00'
[2025-12-07T22:53:41.508+0000] {taskinstance.py:430} INFO - ::endgroup::
[2025-12-07T22:53:41.636+0000] {docker.py:366} INFO - Starting docker container from image dbt:latest
[2025-12-07T22:53:42.004+0000] {docker.py:436} INFO - Iniciando dbt run...
[2025-12-07T22:53:44.396+0000] {docker.py:436} INFO - [0m22:53:44  Running with dbt=1.10.15
[2025-12-07T22:53:44.408+0000] {docker.py:436} INFO - [0m22:53:44  Encountered an error:
Parsing Error
  Env var required but not provided: 'POSTGRES_SCHEMA'
[2025-12-07T22:53:45.175+0000] {docker.py:436} INFO - Exito dbt
Iniciando dbt run...
[2025-12-07T22:53:46.605+0000] {docker.py:436} INFO - [0m22:53:46  Running with dbt=1.10.15
[2025-12-07T22:53:46.621+0000] {docker.py:436} INFO - [0m22:53:46  Encountered an error:
Parsing Error
  Env var required but not provided: 'POSTGRES_SCHEMA'
[2025-12-07T22:53:47.421+0000] {docker.py:436} INFO - Exito dbt
Iniciando dbt run...
[2025-12-07T22:53:49.264+0000] {docker.py:436} INFO - [0m22:53:49  Running with dbt=1.10.15
[2025-12-07T22:53:49.278+0000] {docker.py:436} INFO - [0m22:53:49  Encountered an error:
Parsing Error
  Env var required but not provided: 'POSTGRES_SCHEMA'
[2025-12-07T22:53:50.217+0000] {docker.py:436} INFO - Exito dbt
Iniciando dbt run...
[2025-12-07T22:53:51.443+0000] {docker.py:436} INFO - [0m22:53:51  Running with dbt=1.10.15
[2025-12-07T22:53:51.449+0000] {docker.py:436} INFO - [0m22:53:51  Encountered an error:
Parsing Error
  Env var required but not provided: 'POSTGRES_SCHEMA'
[2025-12-07T22:53:52.073+0000] {docker.py:436} INFO - Exito dbt
Iniciando dbt run...
[2025-12-07T22:53:53.537+0000] {docker.py:436} INFO - [0m22:53:53  Running with dbt=1.10.15
[2025-12-07T22:53:53.542+0000] {docker.py:436} INFO - [0m22:53:53  Encountered an error:
Parsing Error
  Env var required but not provided: 'POSTGRES_SCHEMA'
[2025-12-07T22:53:54.116+0000] {docker.py:436} INFO - Exito dbt
Iniciando dbt run...
[2025-12-07T22:53:55.237+0000] {docker.py:436} INFO - [0m22:53:55  Running with dbt=1.10.15
[2025-12-07T22:53:55.243+0000] {docker.py:436} INFO - [0m22:53:55  Encountered an error:
Parsing Error
  Env var required but not provided: 'POSTGRES_SCHEMA'
[2025-12-07T22:53:55.864+0000] {docker.py:436} INFO - Exito dbt
Iniciando dbt run...
[2025-12-07T22:53:57.102+0000] {docker.py:436} INFO - [0m22:53:57  Running with dbt=1.10.15
[2025-12-07T22:53:57.108+0000] {docker.py:436} INFO - [0m22:53:57  Encountered an error:
Parsing Error
  Env var required but not provided: 'POSTGRES_SCHEMA'
[2025-12-07T22:53:57.691+0000] {docker.py:436} INFO - Exito dbt
Iniciando dbt run...
[2025-12-07T22:53:59.166+0000] {docker.py:436} INFO - [0m22:53:59  Running with dbt=1.10.15
[2025-12-07T22:53:59.176+0000] {docker.py:436} INFO - [0m22:53:59  Encountered an error:
Parsing Error
  Env var required but not provided: 'POSTGRES_SCHEMA'
[2025-12-07T22:53:59.950+0000] {docker.py:436} INFO - Exito dbt
Iniciando dbt run...
[2025-12-07T22:54:01.489+0000] {docker.py:436} INFO - [0m22:54:01  Running with dbt=1.10.15
[2025-12-07T22:54:01.496+0000] {docker.py:436} INFO - [0m22:54:01  Encountered an error:
Parsing Error
  Env var required but not provided: 'POSTGRES_SCHEMA'
[2025-12-07T22:54:02.063+0000] {docker.py:436} INFO - Exito dbt
Iniciando dbt run...
[2025-12-07T22:54:03.336+0000] {docker.py:436} INFO - [0m22:54:03  Running with dbt=1.10.15
[2025-12-07T22:54:03.345+0000] {docker.py:436} INFO - [0m22:54:03  Encountered an error:
Parsing Error
  Env var required but not provided: 'POSTGRES_SCHEMA'
[2025-12-07T22:54:04.010+0000] {docker.py:436} INFO - Exito dbt
Iniciando dbt run...
[2025-12-07T22:54:05.405+0000] {docker.py:436} INFO - [0m22:54:05  Running with dbt=1.10.15
[2025-12-07T22:54:05.413+0000] {docker.py:436} INFO - [0m22:54:05  Encountered an error:
Parsing Error
  Env var required but not provided: 'POSTGRES_SCHEMA'
[2025-12-07T22:54:06.025+0000] {docker.py:436} INFO - Exito dbt
Iniciando dbt run...
[2025-12-07T22:54:07.461+0000] {docker.py:436} INFO - [0m22:54:07  Running with dbt=1.10.15
[2025-12-07T22:54:07.469+0000] {docker.py:436} INFO - [0m22:54:07  Encountered an error:
Parsing Error
  Env var required but not provided: 'POSTGRES_SCHEMA'
[2025-12-07T22:54:08.173+0000] {docker.py:436} INFO - Exito dbt
Iniciando dbt run...
[2025-12-07T22:54:09.785+0000] {docker.py:436} INFO - [0m22:54:09  Running with dbt=1.10.15
[2025-12-07T22:54:09.804+0000] {docker.py:436} INFO - [0m22:54:09  Encountered an error:
Parsing Error
  Env var required but not provided: 'POSTGRES_SCHEMA'
[2025-12-07T22:54:10.554+0000] {docker.py:436} INFO - Exito dbt
Iniciando dbt run...
[2025-12-07T22:54:12.124+0000] {docker.py:436} INFO - [0m22:54:12  Running with dbt=1.10.15
[2025-12-07T22:54:12.131+0000] {docker.py:436} INFO - [0m22:54:12  Encountered an error:
Parsing Error
  Env var required but not provided: 'POSTGRES_SCHEMA'
[2025-12-07T22:54:12.840+0000] {docker.py:436} INFO - Exito dbt
Iniciando dbt run...
[2025-12-07T22:54:14.152+0000] {docker.py:436} INFO - [0m22:54:14  Running with dbt=1.10.15
[2025-12-07T22:54:14.158+0000] {docker.py:436} INFO - [0m22:54:14  Encountered an error:
Parsing Error
  Env var required but not provided: 'POSTGRES_SCHEMA'
[2025-12-07T22:54:14.843+0000] {docker.py:436} INFO - Exito dbt
Iniciando dbt run...
[2025-12-07T22:54:16.643+0000] {docker.py:436} INFO - [0m22:54:16  Running with dbt=1.10.15
[2025-12-07T22:54:16.651+0000] {docker.py:436} INFO - [0m22:54:16  Encountered an error:
Parsing Error
  Env var required but not provided: 'POSTGRES_SCHEMA'
[2025-12-07T22:54:17.242+0000] {docker.py:436} INFO - Exito dbt
Iniciando dbt run...
[2025-12-07T22:54:18.603+0000] {docker.py:436} INFO - [0m22:54:18  Running with dbt=1.10.15
[2025-12-07T22:54:18.609+0000] {docker.py:436} INFO - [0m22:54:18  Encountered an error:
Parsing Error
  Env var required but not provided: 'POSTGRES_SCHEMA'
[2025-12-07T22:54:19.265+0000] {docker.py:436} INFO - Exito dbt
Iniciando dbt run...
[2025-12-07T22:54:20.646+0000] {docker.py:436} INFO - [0m22:54:20  Running with dbt=1.10.15
[2025-12-07T22:54:20.653+0000] {docker.py:436} INFO - [0m22:54:20  Encountered an error:
Parsing Error
  Env var required but not provided: 'POSTGRES_SCHEMA'
[2025-12-07T22:54:21.279+0000] {docker.py:436} INFO - Exito dbt
Iniciando dbt run...
[2025-12-07T22:54:22.883+0000] {docker.py:436} INFO - [0m22:54:22  Running with dbt=1.10.15
[2025-12-07T22:54:22.906+0000] {docker.py:436} INFO - [0m22:54:22  Encountered an error:
Parsing Error
  Env var required but not provided: 'POSTGRES_SCHEMA'
[2025-12-07T22:54:23.696+0000] {docker.py:436} INFO - Exito dbt
Iniciando dbt run...
[2025-12-07T22:54:25.297+0000] {docker.py:436} INFO - [0m22:54:25  Running with dbt=1.10.15
[2025-12-07T22:54:25.304+0000] {docker.py:436} INFO - [0m22:54:25  Encountered an error:
Parsing Error
  Env var required but not provided: 'POSTGRES_SCHEMA'
[2025-12-07T22:54:25.953+0000] {docker.py:436} INFO - Exito dbt
Iniciando dbt run...
[2025-12-07T22:54:27.815+0000] {docker.py:436} INFO - [0m22:54:27  Running with dbt=1.10.15
[2025-12-07T22:54:27.826+0000] {docker.py:436} INFO - [0m22:54:27  Encountered an error:
Parsing Error
  Env var required but not provided: 'POSTGRES_SCHEMA'
[2025-12-07T22:54:28.499+0000] {docker.py:436} INFO - Exito dbt
Iniciando dbt run...
[2025-12-07T22:54:29.871+0000] {docker.py:436} INFO - [0m22:54:29  Running with dbt=1.10.15
[2025-12-07T22:54:29.878+0000] {docker.py:436} INFO - [0m22:54:29  Encountered an error:
Parsing Error
  Env var required but not provided: 'POSTGRES_SCHEMA'
[2025-12-07T22:54:30.588+0000] {docker.py:436} INFO - Exito dbt
Iniciando dbt run...
[2025-12-07T22:54:32.147+0000] {docker.py:436} INFO - [0m22:54:32  Running with dbt=1.10.15
[2025-12-07T22:54:32.155+0000] {docker.py:436} INFO - [0m22:54:32  Encountered an error:
Parsing Error
  Env var required but not provided: 'POSTGRES_SCHEMA'
[2025-12-07T22:54:32.772+0000] {docker.py:436} INFO - Exito dbt
Iniciando dbt run...
[2025-12-07T22:54:34.004+0000] {docker.py:436} INFO - [0m22:54:33  Running with dbt=1.10.15
[2025-12-07T22:54:34.009+0000] {docker.py:436} INFO - [0m22:54:34  Encountered an error:
Parsing Error
  Env var required but not provided: 'POSTGRES_SCHEMA'
[2025-12-07T22:54:34.776+0000] {docker.py:436} INFO - Exito dbt
Iniciando dbt run...
[2025-12-07T22:54:36.158+0000] {docker.py:436} INFO - [0m22:54:36  Running with dbt=1.10.15
[2025-12-07T22:54:36.166+0000] {docker.py:436} INFO - [0m22:54:36  Encountered an error:
Parsing Error
  Env var required but not provided: 'POSTGRES_SCHEMA'
[2025-12-07T22:54:36.870+0000] {docker.py:436} INFO - Exito dbt
Iniciando dbt run...
[2025-12-07T22:54:38.220+0000] {docker.py:436} INFO - [0m22:54:38  Running with dbt=1.10.15
[2025-12-07T22:54:38.226+0000] {docker.py:436} INFO - [0m22:54:38  Encountered an error:
Parsing Error
  Env var required but not provided: 'POSTGRES_SCHEMA'
[2025-12-07T22:54:38.923+0000] {docker.py:436} INFO - Exito dbt
Iniciando dbt run...
[2025-12-07T22:54:40.417+0000] {docker.py:436} INFO - [0m22:54:40  Running with dbt=1.10.15
[2025-12-07T22:54:40.423+0000] {docker.py:436} INFO - [0m22:54:40  Encountered an error:
Parsing Error
  Env var required but not provided: 'POSTGRES_SCHEMA'
[2025-12-07T22:54:41.013+0000] {docker.py:436} INFO - Exito dbt
Iniciando dbt run...
[2025-12-07T22:54:42.196+0000] {docker.py:436} INFO - [0m22:54:42  Running with dbt=1.10.15
[2025-12-07T22:54:42.203+0000] {docker.py:436} INFO - [0m22:54:42  Encountered an error:
Parsing Error
  Env var required but not provided: 'POSTGRES_SCHEMA'
[2025-12-07T22:54:42.811+0000] {docker.py:436} INFO - Exito dbt
Iniciando dbt run...
[2025-12-07T22:54:44.350+0000] {docker.py:436} INFO - [0m22:54:44  Running with dbt=1.10.15
[2025-12-07T22:54:44.358+0000] {docker.py:436} INFO - [0m22:54:44  Encountered an error:
Parsing Error
  Env var required but not provided: 'POSTGRES_SCHEMA'
[2025-12-07T22:54:45.063+0000] {docker.py:436} INFO - Exito dbt
Iniciando dbt run...
[2025-12-07T22:54:46.433+0000] {docker.py:436} INFO - [0m22:54:46  Running with dbt=1.10.15
[2025-12-07T22:54:46.441+0000] {docker.py:436} INFO - [0m22:54:46  Encountered an error:
Parsing Error
  Env var required but not provided: 'POSTGRES_SCHEMA'
[2025-12-07T22:54:47.187+0000] {docker.py:436} INFO - Exito dbt
Iniciando dbt run...
[2025-12-07T22:54:48.616+0000] {docker.py:436} INFO - [0m22:54:48  Running with dbt=1.10.15
[2025-12-07T22:54:48.623+0000] {docker.py:436} INFO - [0m22:54:48  Encountered an error:
Parsing Error
  Env var required but not provided: 'POSTGRES_SCHEMA'
[2025-12-07T22:54:49.312+0000] {docker.py:436} INFO - Exito dbt
Iniciando dbt run...
[2025-12-07T22:54:50.812+0000] {docker.py:436} INFO - [0m22:54:50  Running with dbt=1.10.15
[2025-12-07T22:54:50.822+0000] {docker.py:436} INFO - [0m22:54:50  Encountered an error:
Parsing Error
  Env var required but not provided: 'POSTGRES_SCHEMA'
[2025-12-07T22:54:51.495+0000] {docker.py:436} INFO - Exito dbt
Iniciando dbt run...
[2025-12-07T22:54:53.096+0000] {docker.py:436} INFO - [0m22:54:53  Running with dbt=1.10.15
[2025-12-07T22:54:53.106+0000] {docker.py:436} INFO - [0m22:54:53  Encountered an error:
Parsing Error
  Env var required but not provided: 'POSTGRES_SCHEMA'
[2025-12-07T22:54:53.684+0000] {docker.py:436} INFO - Exito dbt
Iniciando dbt run...
[2025-12-07T22:54:55.032+0000] {docker.py:436} INFO - [0m22:54:55  Running with dbt=1.10.15
[2025-12-07T22:54:55.040+0000] {docker.py:436} INFO - [0m22:54:55  Encountered an error:
Parsing Error
  Env var required but not provided: 'POSTGRES_SCHEMA'
[2025-12-07T22:54:55.624+0000] {docker.py:436} INFO - Exito dbt
Iniciando dbt run...
[2025-12-07T22:54:56.704+0000] {docker.py:436} INFO - [0m22:54:56  Running with dbt=1.10.15
[2025-12-07T22:54:56.710+0000] {docker.py:436} INFO - [0m22:54:56  Encountered an error:
Parsing Error
  Env var required but not provided: 'POSTGRES_SCHEMA'
[2025-12-07T22:54:57.303+0000] {docker.py:436} INFO - Exito dbt
Iniciando dbt run...
[2025-12-07T22:54:58.615+0000] {docker.py:436} INFO - [0m22:54:58  Running with dbt=1.10.15
[2025-12-07T22:54:58.627+0000] {docker.py:436} INFO - [0m22:54:58  Encountered an error:
Parsing Error
  Env var required but not provided: 'POSTGRES_SCHEMA'
[2025-12-07T22:54:59.327+0000] {docker.py:436} INFO - Exito dbt
Iniciando dbt run...
[2025-12-07T22:55:00.735+0000] {docker.py:436} INFO - [0m22:55:00  Running with dbt=1.10.15
[2025-12-07T22:55:00.743+0000] {docker.py:436} INFO - [0m22:55:00  Encountered an error:
Parsing Error
  Env var required but not provided: 'POSTGRES_SCHEMA'
[2025-12-07T22:55:01.425+0000] {docker.py:436} INFO - Exito dbt
Iniciando dbt run...
[2025-12-07T22:55:03.273+0000] {docker.py:436} INFO - [0m22:55:03  Running with dbt=1.10.15
[2025-12-07T22:55:03.281+0000] {docker.py:436} INFO - [0m22:55:03  Encountered an error:
Parsing Error
  Env var required but not provided: 'POSTGRES_SCHEMA'
[2025-12-07T22:55:03.902+0000] {docker.py:436} INFO - Exito dbt
Iniciando dbt run...
[2025-12-07T22:55:05.192+0000] {docker.py:436} INFO - [0m22:55:05  Running with dbt=1.10.15
[2025-12-07T22:55:05.198+0000] {docker.py:436} INFO - [0m22:55:05  Encountered an error:
Parsing Error
  Env var required but not provided: 'POSTGRES_SCHEMA'
[2025-12-07T22:55:05.805+0000] {docker.py:436} INFO - Exito dbt
Iniciando dbt run...
[2025-12-07T22:55:07.129+0000] {docker.py:436} INFO - [0m22:55:07  Running with dbt=1.10.15
[2025-12-07T22:55:07.136+0000] {docker.py:436} INFO - [0m22:55:07  Encountered an error:
Parsing Error
  Env var required but not provided: 'POSTGRES_SCHEMA'
[2025-12-07T22:55:07.759+0000] {docker.py:436} INFO - Exito dbt
Iniciando dbt run...
[2025-12-07T22:55:09.050+0000] {docker.py:436} INFO - [0m22:55:09  Running with dbt=1.10.15
[2025-12-07T22:55:09.056+0000] {docker.py:436} INFO - [0m22:55:09  Encountered an error:
Parsing Error
  Env var required but not provided: 'POSTGRES_SCHEMA'
[2025-12-07T22:55:09.702+0000] {docker.py:436} INFO - Exito dbt
Iniciando dbt run...
[2025-12-07T22:55:10.941+0000] {docker.py:436} INFO - [0m22:55:10  Running with dbt=1.10.15
[2025-12-07T22:55:10.955+0000] {docker.py:436} INFO - [0m22:55:10  Encountered an error:
Parsing Error
  Env var required but not provided: 'POSTGRES_SCHEMA'
[2025-12-07T22:55:11.691+0000] {docker.py:436} INFO - Exito dbt
Iniciando dbt run...
[2025-12-07T22:55:13.180+0000] {docker.py:436} INFO - [0m22:55:13  Running with dbt=1.10.15
[2025-12-07T22:55:13.187+0000] {docker.py:436} INFO - [0m22:55:13  Encountered an error:
Parsing Error
  Env var required but not provided: 'POSTGRES_SCHEMA'
[2025-12-07T22:55:13.788+0000] {docker.py:436} INFO - Exito dbt
Iniciando dbt run...
[2025-12-07T22:55:15.367+0000] {docker.py:436} INFO - [0m22:55:15  Running with dbt=1.10.15
[2025-12-07T22:55:15.375+0000] {docker.py:436} INFO - [0m22:55:15  Encountered an error:
Parsing Error
  Env var required but not provided: 'POSTGRES_SCHEMA'
[2025-12-07T22:55:16.071+0000] {docker.py:436} INFO - Exito dbt
Iniciando dbt run...
[2025-12-07T22:55:17.245+0000] {docker.py:436} INFO - [0m22:55:17  Running with dbt=1.10.15
[2025-12-07T22:55:17.252+0000] {docker.py:436} INFO - [0m22:55:17  Encountered an error:
Parsing Error
  Env var required but not provided: 'POSTGRES_SCHEMA'
[2025-12-07T22:55:17.849+0000] {docker.py:436} INFO - Exito dbt
Iniciando dbt run...
[2025-12-07T22:55:19.069+0000] {docker.py:436} INFO - [0m22:55:19  Running with dbt=1.10.15
[2025-12-07T22:55:19.076+0000] {docker.py:436} INFO - [0m22:55:19  Encountered an error:
Parsing Error
  Env var required but not provided: 'POSTGRES_SCHEMA'
[2025-12-07T22:55:19.671+0000] {docker.py:436} INFO - Exito dbt
Iniciando dbt run...
[2025-12-07T22:55:20.954+0000] {docker.py:436} INFO - [0m22:55:20  Running with dbt=1.10.15
[2025-12-07T22:55:20.960+0000] {docker.py:436} INFO - [0m22:55:20  Encountered an error:
Parsing Error
  Env var required but not provided: 'POSTGRES_SCHEMA'
[2025-12-07T22:55:21.594+0000] {docker.py:436} INFO - Exito dbt
Iniciando dbt run...
[2025-12-07T22:55:23.250+0000] {docker.py:436} INFO - [0m22:55:23  Running with dbt=1.10.15
[2025-12-07T22:55:23.266+0000] {docker.py:436} INFO - [0m22:55:23  Encountered an error:
Parsing Error
  Env var required but not provided: 'POSTGRES_SCHEMA'
[2025-12-07T22:55:24.022+0000] {docker.py:436} INFO - Exito dbt
Iniciando dbt run...
[2025-12-07T22:55:25.546+0000] {docker.py:436} INFO - [0m22:55:25  Running with dbt=1.10.15
[2025-12-07T22:55:25.555+0000] {docker.py:436} INFO - [0m22:55:25  Encountered an error:
Parsing Error
  Env var required but not provided: 'POSTGRES_SCHEMA'
[2025-12-07T22:55:26.287+0000] {docker.py:436} INFO - Exito dbt
Iniciando dbt run...
[2025-12-07T22:55:27.541+0000] {docker.py:436} INFO - [0m22:55:27  Running with dbt=1.10.15
[2025-12-07T22:55:27.548+0000] {docker.py:436} INFO - [0m22:55:27  Encountered an error:
Parsing Error
  Env var required but not provided: 'POSTGRES_SCHEMA'
[2025-12-07T22:55:28.124+0000] {docker.py:436} INFO - Exito dbt
Iniciando dbt run...
[2025-12-07T22:55:29.435+0000] {docker.py:436} INFO - [0m22:55:29  Running with dbt=1.10.15
[2025-12-07T22:55:29.442+0000] {docker.py:436} INFO - [0m22:55:29  Encountered an error:
Parsing Error
  Env var required but not provided: 'POSTGRES_SCHEMA'
[2025-12-07T22:55:30.064+0000] {docker.py:436} INFO - Exito dbt
Iniciando dbt run...
[2025-12-07T22:55:31.368+0000] {docker.py:436} INFO - [0m22:55:31  Running with dbt=1.10.15
[2025-12-07T22:55:31.375+0000] {docker.py:436} INFO - [0m22:55:31  Encountered an error:
Parsing Error
  Env var required but not provided: 'POSTGRES_SCHEMA'
[2025-12-07T22:55:32.028+0000] {docker.py:436} INFO - Exito dbt
Iniciando dbt run...
[2025-12-07T22:55:33.435+0000] {docker.py:436} INFO - [0m22:55:33  Running with dbt=1.10.15
[2025-12-07T22:55:33.440+0000] {docker.py:436} INFO - [0m22:55:33  Encountered an error:
Parsing Error
  Env var required but not provided: 'POSTGRES_SCHEMA'
[2025-12-07T22:55:34.058+0000] {docker.py:436} INFO - Exito dbt
Iniciando dbt run...
[2025-12-07T22:55:35.525+0000] {docker.py:436} INFO - [0m22:55:35  Running with dbt=1.10.15
[2025-12-07T22:55:35.539+0000] {docker.py:436} INFO - [0m22:55:35  Encountered an error:
Parsing Error
  Env var required but not provided: 'POSTGRES_SCHEMA'
[2025-12-07T22:55:36.397+0000] {docker.py:436} INFO - Exito dbt
Iniciando dbt run...
[2025-12-07T22:55:38.324+0000] {docker.py:436} INFO - [0m22:55:38  Running with dbt=1.10.15
[2025-12-07T22:55:38.329+0000] {docker.py:436} INFO - [0m22:55:38  Encountered an error:
Parsing Error
  Env var required but not provided: 'POSTGRES_SCHEMA'
[2025-12-07T22:55:38.928+0000] {docker.py:436} INFO - Exito dbt
Iniciando dbt run...
[2025-12-07T22:55:40.292+0000] {docker.py:436} INFO - [0m22:55:40  Running with dbt=1.10.15
[2025-12-07T22:55:40.300+0000] {docker.py:436} INFO - [0m22:55:40  Encountered an error:
Parsing Error
  Env var required but not provided: 'POSTGRES_SCHEMA'
[2025-12-07T22:55:40.899+0000] {docker.py:436} INFO - Exito dbt
Iniciando dbt run...
[2025-12-07T22:55:42.368+0000] {docker.py:436} INFO - [0m22:55:42  Running with dbt=1.10.15
[2025-12-07T22:55:42.375+0000] {docker.py:436} INFO - [0m22:55:42  Encountered an error:
Parsing Error
  Env var required but not provided: 'POSTGRES_SCHEMA'
[2025-12-07T22:55:42.997+0000] {docker.py:436} INFO - Exito dbt
Iniciando dbt run...
[2025-12-07T22:55:44.631+0000] {docker.py:436} INFO - [0m22:55:44  Running with dbt=1.10.15
[2025-12-07T22:55:44.639+0000] {docker.py:436} INFO - [0m22:55:44  Encountered an error:
Parsing Error
  Env var required but not provided: 'POSTGRES_SCHEMA'
[2025-12-07T22:55:45.479+0000] {docker.py:436} INFO - Exito dbt
Iniciando dbt run...
[2025-12-07T22:55:47.137+0000] {docker.py:436} INFO - [0m22:55:47  Running with dbt=1.10.15
[2025-12-07T22:55:47.159+0000] {docker.py:436} INFO - [0m22:55:47  Encountered an error:
Parsing Error
  Env var required but not provided: 'POSTGRES_SCHEMA'
[2025-12-07T22:55:47.897+0000] {docker.py:436} INFO - Exito dbt
Iniciando dbt run...
[2025-12-07T22:55:49.776+0000] {docker.py:436} INFO - [0m22:55:49  Running with dbt=1.10.15
[2025-12-07T22:55:49.788+0000] {docker.py:436} INFO - [0m22:55:49  Encountered an error:
Parsing Error
  Env var required but not provided: 'POSTGRES_SCHEMA'
[2025-12-07T22:55:50.425+0000] {docker.py:436} INFO - Exito dbt
Iniciando dbt run...
[2025-12-07T22:55:51.971+0000] {docker.py:436} INFO - [0m22:55:51  Running with dbt=1.10.15
[2025-12-07T22:55:51.979+0000] {docker.py:436} INFO - [0m22:55:51  Encountered an error:
Parsing Error
  Env var required but not provided: 'POSTGRES_SCHEMA'
[2025-12-07T22:55:52.609+0000] {docker.py:436} INFO - Exito dbt
Iniciando dbt run...
[2025-12-07T22:55:53.889+0000] {docker.py:436} INFO - [0m22:55:53  Running with dbt=1.10.15
[2025-12-07T22:55:53.895+0000] {docker.py:436} INFO - [0m22:55:53  Encountered an error:
Parsing Error
  Env var required but not provided: 'POSTGRES_SCHEMA'
[2025-12-07T22:55:54.549+0000] {docker.py:436} INFO - Exito dbt
Iniciando dbt run...
[2025-12-07T22:55:55.938+0000] {docker.py:436} INFO - [0m22:55:55  Running with dbt=1.10.15
[2025-12-07T22:55:55.945+0000] {docker.py:436} INFO - [0m22:55:55  Encountered an error:
Parsing Error
  Env var required but not provided: 'POSTGRES_SCHEMA'
[2025-12-07T22:55:56.585+0000] {docker.py:436} INFO - Exito dbt
Iniciando dbt run...
[2025-12-07T22:55:58.198+0000] {docker.py:436} INFO - [0m22:55:58  Running with dbt=1.10.15
[2025-12-07T22:55:58.205+0000] {docker.py:436} INFO - [0m22:55:58  Encountered an error:
Parsing Error
  Env var required but not provided: 'POSTGRES_SCHEMA'
[2025-12-07T22:55:58.802+0000] {docker.py:436} INFO - Exito dbt
Iniciando dbt run...
[2025-12-07T22:56:00.416+0000] {docker.py:436} INFO - [0m22:56:00  Running with dbt=1.10.15
[2025-12-07T22:56:00.424+0000] {docker.py:436} INFO - [0m22:56:00  Encountered an error:
Parsing Error
  Env var required but not provided: 'POSTGRES_SCHEMA'
[2025-12-07T22:56:01.163+0000] {docker.py:436} INFO - Exito dbt
Iniciando dbt run...
[2025-12-07T22:56:02.554+0000] {docker.py:436} INFO - [0m22:56:02  Running with dbt=1.10.15
[2025-12-07T22:56:02.560+0000] {docker.py:436} INFO - [0m22:56:02  Encountered an error:
Parsing Error
  Env var required but not provided: 'POSTGRES_SCHEMA'
[2025-12-07T22:56:03.173+0000] {docker.py:436} INFO - Exito dbt
Iniciando dbt run...
[2025-12-07T22:56:04.596+0000] {docker.py:436} INFO - [0m22:56:04  Running with dbt=1.10.15
[2025-12-07T22:56:04.601+0000] {docker.py:436} INFO - [0m22:56:04  Encountered an error:
Parsing Error
  Env var required but not provided: 'POSTGRES_SCHEMA'
[2025-12-07T22:56:05.368+0000] {docker.py:436} INFO - Exito dbt
Iniciando dbt run...
[2025-12-07T22:56:06.802+0000] {docker.py:436} INFO - [0m22:56:06  Running with dbt=1.10.15
[2025-12-07T22:56:06.814+0000] {docker.py:436} INFO - [0m22:56:06  Encountered an error:
Parsing Error
  Env var required but not provided: 'POSTGRES_SCHEMA'
[2025-12-07T22:56:07.541+0000] {docker.py:436} INFO - Exito dbt
Iniciando dbt run...
[2025-12-07T22:56:08.811+0000] {docker.py:436} INFO - [0m22:56:08  Running with dbt=1.10.15
[2025-12-07T22:56:08.816+0000] {docker.py:436} INFO - [0m22:56:08  Encountered an error:
Parsing Error
  Env var required but not provided: 'POSTGRES_SCHEMA'
[2025-12-07T22:56:09.420+0000] {docker.py:436} INFO - Exito dbt
Iniciando dbt run...
[2025-12-07T22:56:10.509+0000] {docker.py:436} INFO - [0m22:56:10  Running with dbt=1.10.15
[2025-12-07T22:56:10.516+0000] {docker.py:436} INFO - [0m22:56:10  Encountered an error:
Parsing Error
  Env var required but not provided: 'POSTGRES_SCHEMA'
[2025-12-07T22:56:11.115+0000] {docker.py:436} INFO - Exito dbt
Iniciando dbt run...
[2025-12-07T22:56:12.410+0000] {docker.py:436} INFO - [0m22:56:12  Running with dbt=1.10.15
[2025-12-07T22:56:12.422+0000] {docker.py:436} INFO - [0m22:56:12  Encountered an error:
Parsing Error
  Env var required but not provided: 'POSTGRES_SCHEMA'
[2025-12-07T22:56:13.136+0000] {docker.py:436} INFO - Exito dbt
Iniciando dbt run...
[2025-12-07T22:56:14.359+0000] {docker.py:436} INFO - [0m22:56:14  Running with dbt=1.10.15
[2025-12-07T22:56:14.365+0000] {docker.py:436} INFO - [0m22:56:14  Encountered an error:
Parsing Error
  Env var required but not provided: 'POSTGRES_SCHEMA'
[2025-12-07T22:56:14.949+0000] {docker.py:436} INFO - Exito dbt
Iniciando dbt run...
[2025-12-07T22:56:16.018+0000] {docker.py:436} INFO - [0m22:56:16  Running with dbt=1.10.15
[2025-12-07T22:56:16.038+0000] {docker.py:436} INFO - [0m22:56:16  Encountered an error:
Parsing Error
  Env var required but not provided: 'POSTGRES_SCHEMA'
[2025-12-07T22:56:16.701+0000] {docker.py:436} INFO - Exito dbt
Iniciando dbt run...
[2025-12-07T22:56:17.934+0000] {docker.py:436} INFO - [0m22:56:17  Running with dbt=1.10.15
[2025-12-07T22:56:17.955+0000] {docker.py:436} INFO - [0m22:56:17  Encountered an error:
Parsing Error
  Env var required but not provided: 'POSTGRES_SCHEMA'
[2025-12-07T22:56:18.673+0000] {docker.py:436} INFO - Exito dbt
Iniciando dbt run...
[2025-12-07T22:56:19.997+0000] {docker.py:436} INFO - [0m22:56:19  Running with dbt=1.10.15
[2025-12-07T22:56:20.004+0000] {docker.py:436} INFO - [0m22:56:20  Encountered an error:
Parsing Error
  Env var required but not provided: 'POSTGRES_SCHEMA'
[2025-12-07T22:56:20.580+0000] {docker.py:436} INFO - Exito dbt
Iniciando dbt run...
[2025-12-07T22:56:21.666+0000] {docker.py:436} INFO - [0m22:56:21  Running with dbt=1.10.15
[2025-12-07T22:56:21.672+0000] {docker.py:436} INFO - [0m22:56:21  Encountered an error:
Parsing Error
  Env var required but not provided: 'POSTGRES_SCHEMA'
[2025-12-07T22:56:22.279+0000] {docker.py:436} INFO - Exito dbt
Iniciando dbt run...
[2025-12-07T22:56:23.449+0000] {docker.py:436} INFO - [0m22:56:23  Running with dbt=1.10.15
[2025-12-07T22:56:23.455+0000] {docker.py:436} INFO - [0m22:56:23  Encountered an error:
Parsing Error
  Env var required but not provided: 'POSTGRES_SCHEMA'
[2025-12-07T22:56:24.178+0000] {docker.py:436} INFO - Exito dbt
Iniciando dbt run...
[2025-12-07T22:56:25.744+0000] {docker.py:436} INFO - [0m22:56:25  Running with dbt=1.10.15
[2025-12-07T22:56:25.750+0000] {docker.py:436} INFO - [0m22:56:25  Encountered an error:
Parsing Error
  Env var required but not provided: 'POSTGRES_SCHEMA'
[2025-12-07T22:56:26.385+0000] {docker.py:436} INFO - Exito dbt
Iniciando dbt run...
[2025-12-07T22:56:27.601+0000] {docker.py:436} INFO - [0m22:56:27  Running with dbt=1.10.15
[2025-12-07T22:56:27.607+0000] {docker.py:436} INFO - [0m22:56:27  Encountered an error:
Parsing Error
  Env var required but not provided: 'POSTGRES_SCHEMA'
[2025-12-07T22:56:28.273+0000] {docker.py:436} INFO - Exito dbt
Iniciando dbt run...
[2025-12-07T22:56:29.759+0000] {docker.py:436} INFO - [0m22:56:29  Running with dbt=1.10.15
[2025-12-07T22:56:29.767+0000] {docker.py:436} INFO - [0m22:56:29  Encountered an error:
Parsing Error
  Env var required but not provided: 'POSTGRES_SCHEMA'
[2025-12-07T22:56:30.478+0000] {docker.py:436} INFO - Exito dbt
Iniciando dbt run...
[2025-12-07T22:56:31.941+0000] {docker.py:436} INFO - [0m22:56:31  Running with dbt=1.10.15
[2025-12-07T22:56:31.946+0000] {docker.py:436} INFO - [0m22:56:31  Encountered an error:
Parsing Error
  Env var required but not provided: 'POSTGRES_SCHEMA'
[2025-12-07T22:56:32.547+0000] {docker.py:436} INFO - Exito dbt
Iniciando dbt run...
[2025-12-07T22:56:33.812+0000] {docker.py:436} INFO - [0m22:56:33  Running with dbt=1.10.15
[2025-12-07T22:56:33.817+0000] {docker.py:436} INFO - [0m22:56:33  Encountered an error:
Parsing Error
  Env var required but not provided: 'POSTGRES_SCHEMA'
[2025-12-07T22:56:34.416+0000] {docker.py:436} INFO - Exito dbt
Iniciando dbt run...
[2025-12-07T22:56:35.670+0000] {docker.py:436} INFO - [0m22:56:35  Running with dbt=1.10.15
[2025-12-07T22:56:35.680+0000] {docker.py:436} INFO - [0m22:56:35  Encountered an error:
Parsing Error
  Env var required but not provided: 'POSTGRES_SCHEMA'
[2025-12-07T22:56:36.322+0000] {docker.py:436} INFO - Exito dbt
Iniciando dbt run...
[2025-12-07T22:56:37.760+0000] {docker.py:436} INFO - [0m22:56:37  Running with dbt=1.10.15
[2025-12-07T22:56:37.767+0000] {docker.py:436} INFO - [0m22:56:37  Encountered an error:
Parsing Error
  Env var required but not provided: 'POSTGRES_SCHEMA'
[2025-12-07T22:56:38.406+0000] {docker.py:436} INFO - Exito dbt
Iniciando dbt run...
[2025-12-07T22:56:39.850+0000] {docker.py:436} INFO - [0m22:56:39  Running with dbt=1.10.15
[2025-12-07T22:56:39.857+0000] {docker.py:436} INFO - [0m22:56:39  Encountered an error:
Parsing Error
  Env var required but not provided: 'POSTGRES_SCHEMA'
[2025-12-07T22:56:40.555+0000] {docker.py:436} INFO - Exito dbt
Iniciando dbt run...
[2025-12-07T22:56:42.325+0000] {docker.py:436} INFO - [0m22:56:42  Running with dbt=1.10.15
[2025-12-07T22:56:42.335+0000] {docker.py:436} INFO - [0m22:56:42  Encountered an error:
Parsing Error
  Env var required but not provided: 'POSTGRES_SCHEMA'
[2025-12-07T22:56:43.105+0000] {docker.py:436} INFO - Exito dbt
Iniciando dbt run...
[2025-12-07T22:56:44.609+0000] {docker.py:436} INFO - [0m22:56:44  Running with dbt=1.10.15
[2025-12-07T22:56:44.615+0000] {docker.py:436} INFO - [0m22:56:44  Encountered an error:
Parsing Error
  Env var required but not provided: 'POSTGRES_SCHEMA'
[2025-12-07T22:56:45.325+0000] {docker.py:436} INFO - Exito dbt
Iniciando dbt run...
[2025-12-07T22:56:46.737+0000] {docker.py:436} INFO - [0m22:56:46  Running with dbt=1.10.15
[2025-12-07T22:56:46.745+0000] {docker.py:436} INFO - [0m22:56:46  Encountered an error:
Parsing Error
  Env var required but not provided: 'POSTGRES_SCHEMA'
[2025-12-07T22:56:47.457+0000] {docker.py:436} INFO - Exito dbt
Iniciando dbt run...
[2025-12-07T22:56:49.108+0000] {docker.py:436} INFO - [0m22:56:49  Running with dbt=1.10.15
[2025-12-07T22:56:49.115+0000] {docker.py:436} INFO - [0m22:56:49  Encountered an error:
Parsing Error
  Env var required but not provided: 'POSTGRES_SCHEMA'
[2025-12-07T22:56:49.769+0000] {docker.py:436} INFO - Exito dbt
Iniciando dbt run...
[2025-12-07T22:56:51.125+0000] {docker.py:436} INFO - [0m22:56:51  Running with dbt=1.10.15
[2025-12-07T22:56:51.134+0000] {docker.py:436} INFO - [0m22:56:51  Encountered an error:
Parsing Error
  Env var required but not provided: 'POSTGRES_SCHEMA'
[2025-12-07T22:56:51.797+0000] {docker.py:436} INFO - Exito dbt
Iniciando dbt run...
[2025-12-07T22:56:53.189+0000] {docker.py:436} INFO - [0m22:56:53  Running with dbt=1.10.15
[2025-12-07T22:56:53.200+0000] {docker.py:436} INFO - [0m22:56:53  Encountered an error:
Parsing Error
  Env var required but not provided: 'POSTGRES_SCHEMA'
[2025-12-07T22:56:53.990+0000] {docker.py:436} INFO - Exito dbt
Iniciando dbt run...
[2025-12-07T22:56:55.653+0000] {docker.py:436} INFO - [0m22:56:55  Running with dbt=1.10.15
[2025-12-07T22:56:55.660+0000] {docker.py:436} INFO - [0m22:56:55  Encountered an error:
Parsing Error
  Env var required but not provided: 'POSTGRES_SCHEMA'
[2025-12-07T22:56:56.330+0000] {docker.py:436} INFO - Exito dbt
Iniciando dbt run...
[2025-12-07T22:56:57.717+0000] {docker.py:436} INFO - [0m22:56:57  Running with dbt=1.10.15
[2025-12-07T22:56:57.725+0000] {docker.py:436} INFO - [0m22:56:57  Encountered an error:
Parsing Error
  Env var required but not provided: 'POSTGRES_SCHEMA'
[2025-12-07T22:56:58.343+0000] {docker.py:436} INFO - Exito dbt
Iniciando dbt run...
[2025-12-07T22:57:00.034+0000] {docker.py:436} INFO - [0m22:57:00  Running with dbt=1.10.15
[2025-12-07T22:57:00.043+0000] {docker.py:436} INFO - [0m22:57:00  Encountered an error:
Parsing Error
  Env var required but not provided: 'POSTGRES_SCHEMA'
[2025-12-07T22:57:00.688+0000] {docker.py:436} INFO - Exito dbt
Iniciando dbt run...
[2025-12-07T22:57:02.094+0000] {docker.py:436} INFO - [0m22:57:02  Running with dbt=1.10.15
[2025-12-07T22:57:02.101+0000] {docker.py:436} INFO - [0m22:57:02  Encountered an error:
Parsing Error
  Env var required but not provided: 'POSTGRES_SCHEMA'
[2025-12-07T22:57:02.747+0000] {docker.py:436} INFO - Exito dbt
Iniciando dbt run...
[2025-12-07T22:57:03.976+0000] {docker.py:436} INFO - [0m22:57:03  Running with dbt=1.10.15
[2025-12-07T22:57:03.982+0000] {docker.py:436} INFO - [0m22:57:03  Encountered an error:
Parsing Error
  Env var required but not provided: 'POSTGRES_SCHEMA'
[2025-12-07T22:57:04.749+0000] {docker.py:436} INFO - Exito dbt
Iniciando dbt run...
[2025-12-07T22:57:06.131+0000] {docker.py:436} INFO - [0m22:57:06  Running with dbt=1.10.15
[2025-12-07T22:57:06.139+0000] {docker.py:436} INFO - [0m22:57:06  Encountered an error:
Parsing Error
  Env var required but not provided: 'POSTGRES_SCHEMA'
[2025-12-07T22:57:06.836+0000] {docker.py:436} INFO - Exito dbt
Iniciando dbt run...
[2025-12-07T22:57:08.449+0000] {docker.py:436} INFO - [0m22:57:08  Running with dbt=1.10.15
[2025-12-07T22:57:08.456+0000] {docker.py:436} INFO - [0m22:57:08  Encountered an error:
Parsing Error
  Env var required but not provided: 'POSTGRES_SCHEMA'
[2025-12-07T22:57:09.077+0000] {docker.py:436} INFO - Exito dbt
Iniciando dbt run...
[2025-12-07T22:57:10.336+0000] {docker.py:436} INFO - [0m22:57:10  Running with dbt=1.10.15
[2025-12-07T22:57:10.341+0000] {docker.py:436} INFO - [0m22:57:10  Encountered an error:
Parsing Error
  Env var required but not provided: 'POSTGRES_SCHEMA'
[2025-12-07T22:57:11.006+0000] {docker.py:436} INFO - Exito dbt
Iniciando dbt run...
[2025-12-07T22:57:12.312+0000] {docker.py:436} INFO - [0m22:57:12  Running with dbt=1.10.15
[2025-12-07T22:57:12.319+0000] {docker.py:436} INFO - [0m22:57:12  Encountered an error:
Parsing Error
  Env var required but not provided: 'POSTGRES_SCHEMA'
[2025-12-07T22:57:12.936+0000] {docker.py:436} INFO - Exito dbt
Iniciando dbt run...
[2025-12-07T22:57:14.078+0000] {docker.py:436} INFO - [0m22:57:14  Running with dbt=1.10.15
[2025-12-07T22:57:14.085+0000] {docker.py:436} INFO - [0m22:57:14  Encountered an error:
Parsing Error
  Env var required but not provided: 'POSTGRES_SCHEMA'
[2025-12-07T22:57:14.695+0000] {docker.py:436} INFO - Exito dbt
Iniciando dbt run...
[2025-12-07T22:57:15.830+0000] {docker.py:436} INFO - [0m22:57:15  Running with dbt=1.10.15
[2025-12-07T22:57:15.836+0000] {docker.py:436} INFO - [0m22:57:15  Encountered an error:
Parsing Error
  Env var required but not provided: 'POSTGRES_SCHEMA'
[2025-12-07T22:57:16.542+0000] {docker.py:436} INFO - Exito dbt
Iniciando dbt run...
[2025-12-07T22:57:17.824+0000] {docker.py:436} INFO - [0m22:57:17  Running with dbt=1.10.15
[2025-12-07T22:57:17.829+0000] {docker.py:436} INFO - [0m22:57:17  Encountered an error:
Parsing Error
  Env var required but not provided: 'POSTGRES_SCHEMA'
[2025-12-07T22:57:18.536+0000] {docker.py:436} INFO - Exito dbt
Iniciando dbt run...
[2025-12-07T22:57:19.876+0000] {docker.py:436} INFO - [0m22:57:19  Running with dbt=1.10.15
[2025-12-07T22:57:19.885+0000] {docker.py:436} INFO - [0m22:57:19  Encountered an error:
Parsing Error
  Env var required but not provided: 'POSTGRES_SCHEMA'
[2025-12-07T22:57:20.556+0000] {docker.py:436} INFO - Exito dbt
Iniciando dbt run...
[2025-12-07T22:57:21.752+0000] {docker.py:436} INFO - [0m22:57:21  Running with dbt=1.10.15
[2025-12-07T22:57:21.760+0000] {docker.py:436} INFO - [0m22:57:21  Encountered an error:
Parsing Error
  Env var required but not provided: 'POSTGRES_SCHEMA'
[2025-12-07T22:57:22.427+0000] {docker.py:436} INFO - Exito dbt
Iniciando dbt run...
[2025-12-07T22:57:23.727+0000] {docker.py:436} INFO - [0m22:57:23  Running with dbt=1.10.15
[2025-12-07T22:57:23.733+0000] {docker.py:436} INFO - [0m22:57:23  Encountered an error:
Parsing Error
  Env var required but not provided: 'POSTGRES_SCHEMA'
[2025-12-07T22:57:24.310+0000] {docker.py:436} INFO - Exito dbt
Iniciando dbt run...
[2025-12-07T22:57:25.444+0000] {docker.py:436} INFO - [0m22:57:25  Running with dbt=1.10.15
[2025-12-07T22:57:25.449+0000] {docker.py:436} INFO - [0m22:57:25  Encountered an error:
Parsing Error
  Env var required but not provided: 'POSTGRES_SCHEMA'
[2025-12-07T22:57:26.029+0000] {docker.py:436} INFO - Exito dbt
Iniciando dbt run...
[2025-12-07T22:57:27.131+0000] {docker.py:436} INFO - [0m22:57:27  Running with dbt=1.10.15
[2025-12-07T22:57:27.136+0000] {docker.py:436} INFO - [0m22:57:27  Encountered an error:
Parsing Error
  Env var required but not provided: 'POSTGRES_SCHEMA'
[2025-12-07T22:57:27.738+0000] {docker.py:436} INFO - Exito dbt
Iniciando dbt run...
[2025-12-07T22:57:28.895+0000] {docker.py:436} INFO - [0m22:57:28  Running with dbt=1.10.15
[2025-12-07T22:57:28.906+0000] {docker.py:436} INFO - [0m22:57:28  Encountered an error:
Parsing Error
  Env var required but not provided: 'POSTGRES_SCHEMA'
[2025-12-07T22:57:29.605+0000] {docker.py:436} INFO - Exito dbt
Iniciando dbt run...
[2025-12-07T22:57:30.929+0000] {docker.py:436} INFO - [0m22:57:30  Running with dbt=1.10.15
[2025-12-07T22:57:30.935+0000] {docker.py:436} INFO - [0m22:57:30  Encountered an error:
Parsing Error
  Env var required but not provided: 'POSTGRES_SCHEMA'
[2025-12-07T22:57:31.661+0000] {docker.py:436} INFO - Exito dbt
Iniciando dbt run...
[2025-12-07T22:57:33.199+0000] {docker.py:436} INFO - [0m22:57:33  Running with dbt=1.10.15
[2025-12-07T22:57:33.205+0000] {docker.py:436} INFO - [0m22:57:33  Encountered an error:
Parsing Error
  Env var required but not provided: 'POSTGRES_SCHEMA'
[2025-12-07T22:57:33.911+0000] {docker.py:436} INFO - Exito dbt
Iniciando dbt run...
[2025-12-07T22:57:35.557+0000] {docker.py:436} INFO - [0m22:57:35  Running with dbt=1.10.15
[2025-12-07T22:57:35.563+0000] {docker.py:436} INFO - [0m22:57:35  Encountered an error:
Parsing Error
  Env var required but not provided: 'POSTGRES_SCHEMA'
[2025-12-07T22:57:36.187+0000] {docker.py:436} INFO - Exito dbt
Iniciando dbt run...
[2025-12-07T22:57:37.428+0000] {docker.py:436} INFO - [0m22:57:37  Running with dbt=1.10.15
[2025-12-07T22:57:37.434+0000] {docker.py:436} INFO - [0m22:57:37  Encountered an error:
Parsing Error
  Env var required but not provided: 'POSTGRES_SCHEMA'
[2025-12-07T22:57:38.040+0000] {docker.py:436} INFO - Exito dbt
Iniciando dbt run...
[2025-12-07T22:57:39.302+0000] {docker.py:436} INFO - [0m22:57:39  Running with dbt=1.10.15
[2025-12-07T22:57:39.308+0000] {docker.py:436} INFO - [0m22:57:39  Encountered an error:
Parsing Error
  Env var required but not provided: 'POSTGRES_SCHEMA'
[2025-12-07T22:57:39.916+0000] {docker.py:436} INFO - Exito dbt
Iniciando dbt run...
[2025-12-07T22:57:41.365+0000] {docker.py:436} INFO - [0m22:57:41  Running with dbt=1.10.15
[2025-12-07T22:57:41.374+0000] {docker.py:436} INFO - [0m22:57:41  Encountered an error:
Parsing Error
  Env var required but not provided: 'POSTGRES_SCHEMA'
[2025-12-07T22:57:42.055+0000] {docker.py:436} INFO - Exito dbt
Iniciando dbt run...
[2025-12-07T22:57:43.484+0000] {docker.py:436} INFO - [0m22:57:43  Running with dbt=1.10.15
[2025-12-07T22:57:43.492+0000] {docker.py:436} INFO - [0m22:57:43  Encountered an error:
Parsing Error
  Env var required but not provided: 'POSTGRES_SCHEMA'
[2025-12-07T22:57:44.143+0000] {docker.py:436} INFO - Exito dbt
Iniciando dbt run...
[2025-12-07T22:57:45.679+0000] {docker.py:436} INFO - [0m22:57:45  Running with dbt=1.10.15
[2025-12-07T22:57:45.687+0000] {docker.py:436} INFO - [0m22:57:45  Encountered an error:
Parsing Error
  Env var required but not provided: 'POSTGRES_SCHEMA'
[2025-12-07T22:57:46.409+0000] {docker.py:436} INFO - Exito dbt
Iniciando dbt run...
[2025-12-07T22:57:47.720+0000] {docker.py:436} INFO - [0m22:57:47  Running with dbt=1.10.15
[2025-12-07T22:57:47.728+0000] {docker.py:436} INFO - [0m22:57:47  Encountered an error:
Parsing Error
  Env var required but not provided: 'POSTGRES_SCHEMA'
[2025-12-07T22:57:48.330+0000] {docker.py:436} INFO - Exito dbt
Iniciando dbt run...
[2025-12-07T22:57:49.609+0000] {docker.py:436} INFO - [0m22:57:49  Running with dbt=1.10.15
[2025-12-07T22:57:49.615+0000] {docker.py:436} INFO - [0m22:57:49  Encountered an error:
Parsing Error
  Env var required but not provided: 'POSTGRES_SCHEMA'
[2025-12-07T22:57:50.221+0000] {docker.py:436} INFO - Exito dbt
Iniciando dbt run...
[2025-12-07T22:57:51.963+0000] {docker.py:436} INFO - [0m22:57:51  Running with dbt=1.10.15
[2025-12-07T22:57:51.972+0000] {docker.py:436} INFO - [0m22:57:51  Encountered an error:
Parsing Error
  Env var required but not provided: 'POSTGRES_SCHEMA'
[2025-12-07T22:57:52.768+0000] {docker.py:436} INFO - Exito dbt
Iniciando dbt run...
[2025-12-07T22:57:54.518+0000] {docker.py:436} INFO - [0m22:57:54  Running with dbt=1.10.15
[2025-12-07T22:57:54.523+0000] {docker.py:436} INFO - [0m22:57:54  Encountered an error:
Parsing Error
  Env var required but not provided: 'POSTGRES_SCHEMA'
[2025-12-07T22:57:55.407+0000] {docker.py:436} INFO - Exito dbt
Iniciando dbt run...
[2025-12-07T22:57:57.308+0000] {docker.py:436} INFO - [0m22:57:57  Running with dbt=1.10.15
[2025-12-07T22:57:57.344+0000] {docker.py:436} INFO - [0m22:57:57  Encountered an error:
Parsing Error
  Env var required but not provided: 'POSTGRES_SCHEMA'
[2025-12-07T22:57:58.016+0000] {docker.py:436} INFO - Exito dbt
Iniciando dbt run...
[2025-12-07T22:57:59.068+0000] {local_task_job_runner.py:310} WARNING - State of this instance has been externally set to restarting. Terminating instance.
[2025-12-07T22:57:59.069+0000] {local_task_job_runner.py:222} INFO - ::endgroup::
[2025-12-07T22:57:59.072+0000] {process_utils.py:132} INFO - Sending 15 to group 188. PIDs of all processes in the group: [188]
[2025-12-07T22:57:59.074+0000] {process_utils.py:87} INFO - Sending the signal 15 to group 188
[2025-12-07T22:57:59.075+0000] {taskinstance.py:2611} ERROR - Received SIGTERM. Terminating subprocesses.
[2025-12-07T22:57:59.076+0000] {docker.py:528} INFO - Stopping docker container
[2025-12-07T22:58:09.365+0000] {taskinstance.py:441} INFO - ::group::Post task execution logs
[2025-12-07T22:58:09.379+0000] {taskinstance.py:2905} ERROR - Task failed with exception
Traceback (most recent call last):
  File "/home/airflow/.local/lib/python3.12/site-packages/airflow/models/taskinstance.py", line 465, in _execute_task
    result = _execute_callable(context=context, **execute_callable_kwargs)
             ^^^^^^^^^^^^^^^^^^^^^^^^^^^^^^^^^^^^^^^^^^^^^^^^^^^^^^^^^^^^^
  File "/home/airflow/.local/lib/python3.12/site-packages/airflow/models/taskinstance.py", line 432, in _execute_callable
    return execute_callable(context=context, **execute_callable_kwargs)
           ^^^^^^^^^^^^^^^^^^^^^^^^^^^^^^^^^^^^^^^^^^^^^^^^^^^^^^^^^^^^
  File "/home/airflow/.local/lib/python3.12/site-packages/airflow/models/baseoperator.py", line 400, in wrapper
    return func(self, *args, **kwargs)
           ^^^^^^^^^^^^^^^^^^^^^^^^^^^
  File "/home/airflow/.local/lib/python3.12/site-packages/airflow/providers/docker/operators/docker.py", line 509, in execute
    return self._run_image()
           ^^^^^^^^^^^^^^^^^
  File "/home/airflow/.local/lib/python3.12/site-packages/airflow/providers/docker/operators/docker.py", line 383, in _run_image
    return self._run_image_with_mounts(self.mounts, add_tmp_variable=False)
           ^^^^^^^^^^^^^^^^^^^^^^^^^^^^^^^^^^^^^^^^^^^^^^^^^^^^^^^^^^^^^^^^
  File "/home/airflow/.local/lib/python3.12/site-packages/airflow/providers/docker/operators/docker.py", line 433, in _run_image_with_mounts
    for log_chunk in logstream:
  File "/home/airflow/.local/lib/python3.12/site-packages/docker/types/daemon.py", line 29, in __next__
    return next(self._stream)
           ^^^^^^^^^^^^^^^^^^
  File "/home/airflow/.local/lib/python3.12/site-packages/docker/api/client.py", line 428, in <genexpr>
    gen = (data for (_, data) in gen)
          ^^^^^^^^^^^^^^^^^^^^^^^^^^^
  File "/home/airflow/.local/lib/python3.12/site-packages/docker/utils/socket.py", line 112, in frames_iter_no_tty
    (stream, n) = next_frame_header(socket)
                  ^^^^^^^^^^^^^^^^^^^^^^^^^
  File "/home/airflow/.local/lib/python3.12/site-packages/docker/utils/socket.py", line 84, in next_frame_header
    data = read_exactly(socket, 8)
           ^^^^^^^^^^^^^^^^^^^^^^^
  File "/home/airflow/.local/lib/python3.12/site-packages/docker/utils/socket.py", line 69, in read_exactly
    next_data = read(socket, n - len(data))
                ^^^^^^^^^^^^^^^^^^^^^^^^^^^
  File "/home/airflow/.local/lib/python3.12/site-packages/docker/utils/socket.py", line 40, in read
    poll.poll()
  File "/home/airflow/.local/lib/python3.12/site-packages/airflow/models/taskinstance.py", line 2613, in signal_handler
    raise AirflowTaskTerminated("Task received SIGTERM signal")
airflow.exceptions.AirflowTaskTerminated: Task received SIGTERM signal
[2025-12-07T22:58:09.399+0000] {taskinstance.py:1206} INFO - Marking task as UP_FOR_RETRY. dag_id=flujo_etl_completo, task_id=dbt_transformacion, run_id=scheduled__2025-12-07T21:00:00+00:00, execution_date=20251207T210000, start_date=20251207T225341, end_date=20251207T225809
[2025-12-07T22:58:09.462+0000] {process_utils.py:80} INFO - Process psutil.Process(pid=188, status='terminated', exitcode=2, started='22:53:41') (188) terminated with exit code 2
